household_key,frequency,recency,T,monetary_value,gasto_esperado,prob_vivo,clv_12m,nivel_valor,estado,segmento
1,77.0,655.0,660.0,55.214285714285715,55.18752804744328,0.9997770776219166,2175.36326480524,Alto,Activo,Alto · Activo
2,44.0,565.0,608.0,43.90090909090909,43.89850590971866,0.9943449369262934,1080.8435892544553,Medio,En riesgo,Medio · En riesgo
3,45.0,590.0,598.0,57.92,57.86391700323313,0.9996114373701386,1487.7450457585812,Medio,Activo,Medio · Activo
4,29.0,523.0,607.0,37.03,37.06713980352214,0.973023790961004,599.3920457334851,Bajo,En riesgo,Bajo · En riesgo
5,32.0,618.0,626.0,24.205625,24.30831682744227,0.9995528066439915,430.34304846180447,Bajo,Activo,Bajo · Activo
6,219.0,589.0,593.0,27.133333333333333,27.146094980694382,0.9998096995626943,3339.7080327337035,Alto,Activo,Alto · Activo
7,58.0,686.0,688.0,57.19103448275862,57.149654031787385,0.9998057247245097,1638.9562400876075,Medio,Activo,Medio · Activo
8,102.0,641.0,646.0,51.61009803921569,51.595995134630776,0.9997930492573175,2738.91375700675,Alto,Activo,Alto · Activo
9,19.0,585.0,607.0,41.15157894736842,41.17086987062565,0.9989850494241258,459.1491972586317,Bajo,Activo,Bajo · Activo
10,4.0,571.0,597.0,44.947500000000005,44.87863950984953,0.997544701752099,135.64345976841767,Bajo,En riesgo,Bajo · En riesgo
11,4.0,302.0,601.0,4.8625,6.456747347976658,0.9293855205547128,18.063109641407827,Bajo,En riesgo,Bajo · En riesgo
12,6.0,432.0,639.0,36.605,36.79243615923968,0.9763040221452356,139.0750360923282,Bajo,En riesgo,Bajo · En riesgo
13,202.0,608.0,610.0,65.08861386138614,65.06994357190702,0.9999081729840649,7186.782872251148,Alto,Activo,Alto · Activo
14,96.0,700.0,707.0,28.046875,28.074313411084244,0.999740960717567,1284.6639889389064,Medio,Activo,Medio · Activo
15,47.0,683.0,689.0,20.586170212765957,20.669492991229173,0.9996943185281173,482.37071032082713,Bajo,Activo,Bajo · Activo
16,89.0,592.0,613.0,16.26561797752809,16.318085176313776,0.9976229460305618,795.6615671360227,Medio,En riesgo,Medio · En riesgo
17,100.0,665.0,687.0,49.7329,49.72176011950831,0.9975332381078745,2431.025575240744,Alto,En riesgo,Alto · En riesgo
18,131.0,617.0,617.0,54.02526717557252,54.011094270120886,0.9999267772818137,3840.5530970031805,Alto,Activo,Alto · Activo
19,295.0,638.0,638.0,38.092169491525425,38.0952171229062,0.9999673470541611,5866.842786852054,Alto,Activo,Alto · Activo
20,295.0,630.0,630.0,25.34393220338983,25.35445765385492,0.9999673470541611,3953.3797756812955,Alto,Activo,Alto · Activo
21,22.0,610.0,639.0,38.54090909090909,38.57797570998037,0.9987734889864701,468.9471642841879,Bajo,Activo,Bajo · Activo
22,118.0,686.0,686.0,52.3328813559322,52.31962891996275,0.9999187779511872,3023.3731406432667,Alto,Activo,Alto · Activo
23,99.0,602.0,602.0,29.137474747474748,29.162179116737548,0.9999033452794449,1611.0901673633562,Medio,Activo,Medio · Activo
24,67.0,650.0,652.0,28.05597014925373,28.095230832632303,0.9998251748820992,978.0011192872234,Medio,Activo,Medio · Activo
25,85.0,694.0,700.0,36.84729411764706,36.86038649317371,0.9997660474854414,1511.0978093292197,Medio,Activo,Medio · Activo
26,100.0,655.0,661.0,19.2464,19.287953726312814,0.9997621297238382,981.669996729465,Medio,Activo,Medio · Activo
27,379.0,676.0,676.0,15.123667546174142,15.136528119994233,0.9999745651331511,2826.323274584368,Alto,Activo,Alto · Activo
28,119.0,587.0,596.0,17.715210084033615,17.752363422957778,0.9995124536298473,1187.132731459128,Medio,Activo,Medio · Activo
29,58.0,675.0,677.0,22.583965517241378,22.64558666188775,0.9998051933339308,659.8084483761705,Medio,Activo,Medio · Activo
30,21.0,634.0,634.0,19.441904761904762,19.636902620472696,0.9995606116574883,230.48068197947043,Bajo,Activo,Bajo · Activo
31,62.0,611.0,612.0,69.70177419354839,69.62821571904715,0.9998300992050472,2390.850075128275,Alto,Activo,Alto · Activo
32,105.0,662.0,662.0,31.870571428571427,31.88936707261558,0.9999088164627257,1700.7272012359472,Alto,Activo,Alto · Activo
33,45.0,601.0,601.0,26.592444444444446,26.656435140100694,0.9997898733304331,682.1326011298701,Medio,Activo,Medio · Activo
34,33.0,705.0,707.0,12.296969696969697,12.45872113652018,0.9996870041999936,201.5838646368416,Bajo,Activo,Bajo · Activo
35,47.0,686.0,690.0,22.220212765957445,22.297538045006693,0.9997342332530168,519.6442125874343,Bajo,Activo,Bajo · Activo
36,181.0,620.0,623.0,26.364088397790052,26.380261869676136,0.999873740490863,2559.300336569208,Alto,Activo,Alto · Activo
37,55.0,623.0,624.0,53.79963636363637,53.7666486022174,0.9998113237902958,1611.5392492565177,Medio,Activo,Medio · Activo
38,26.0,449.0,609.0,25.862307692307695,25.97758150654213,0.43262750694180296,167.83684078250477,Bajo,En riesgo,Bajo · En riesgo
39,55.0,659.0,685.0,88.03072727272728,87.89031715400877,0.9985182786115266,2400.593725619645,Alto,Activo,Alto · Activo
40,302.0,635.0,636.0,42.62072847682119,42.62111069666874,0.9999489760910877,6739.4552994435,Alto,Activo,Alto · Activo
41,69.0,636.0,640.0,44.86260869565217,44.85866690044565,0.99978676661491,1636.6825631024378,Medio,Activo,Medio · Activo
42,86.0,610.0,611.0,22.79813953488372,22.839307966922018,0.9998721013422717,1082.5955813711637,Medio,Activo,Medio · Activo
43,89.0,595.0,596.0,9.92191011235955,9.986694476174668,0.9998753173726357,501.69691982122947,Bajo,Activo,Bajo · Activo
44,27.0,547.0,630.0,31.863703703703706,31.93649565563378,0.9823714468511358,469.7003673179886,Bajo,En riesgo,Bajo · En riesgo
45,54.0,487.0,611.0,14.795000000000002,14.886065241554428,0.024205395473602363,10.832130782530857,Bajo,En riesgo,Bajo · En riesgo
46,116.0,697.0,697.0,72.61586206896553,72.57215221069565,0.9999173895029967,4059.490598532492,Alto,Activo,Alto · Activo
47,100.0,599.0,602.0,23.0966,23.13149894715093,0.9998425170983336,1290.5615680067115,Medio,Activo,Medio · Activo
48,44.0,597.0,599.0,25.89909090909091,25.96724791693786,0.9997505926310177,652.2987325341221,Medio,Activo,Medio · Activo
49,107.0,641.0,650.0,59.437009345794394,59.410919761430605,0.9996037828986729,3285.5624729312235,Alto,Activo,Alto · Activo
50,14.0,562.0,598.0,21.923571428571428,22.184560657933957,0.9983466612011755,189.5981866323824,Bajo,Activo,Bajo · Activo
51,77.0,696.0,697.0,37.80571428571429,37.81801359408909,0.9998615398877012,1413.0010948940217,Medio,Activo,Medio · Activo
52,125.0,698.0,698.0,43.6148,43.614347677314285,0.999923290399194,2622.90890385054,Alto,Activo,Alto · Activo
53,51.0,633.0,638.0,38.270980392156865,38.28795451723717,0.9997210367589704,1043.2331124516265,Medio,Activo,Medio · Activo
54,10.0,461.0,677.0,9.312000000000001,9.890250682106716,0.9377306261441058,52.10757710616937,Bajo,En riesgo,Bajo · En riesgo
55,134.0,636.0,644.0,7.817238805970149,7.863011242419766,0.9996213169935952,548.0666503572166,Bajo,Activo,Bajo · Activo
56,180.0,613.0,615.0,37.06711111111111,37.07308902357847,0.999904521084464,3622.72865620976,Alto,Activo,Alto · Activo
57,155.0,657.0,659.0,19.85625806451613,19.882402894822338,0.9999010601940364,1565.3207492193826,Medio,Activo,Medio · Activo
58,229.0,630.0,630.0,45.030218340611356,45.02890192729458,0.9999579769510356,5457.990717013227,Alto,Activo,Alto · Activo
59,37.0,617.0,644.0,44.13675675675675,44.13280252743792,0.9987154264980096,872.6621502986897,Medio,Activo,Medio · Activo
60,7.0,606.0,620.0,45.38428571428572,45.33368161153787,0.9985387263961085,204.7196898832984,Bajo,Activo,Bajo · Activo
61,10.0,617.0,633.0,16.380000000000003,16.837956921916543,0.9988273153493277,100.93982444906955,Bajo,Activo,Bajo · Activo
62,27.0,603.0,645.0,12.712962962962964,12.907779510344056,0.9977308831838548,188.40362917040707,Bajo,En riesgo,Bajo · En riesgo
63,29.0,625.0,626.0,19.042758620689657,19.18665214339913,0.9996619899840001,309.2545790648224,Bajo,Activo,Bajo · Activo
64,205.0,701.0,701.0,17.15619512195122,17.178247077104935,0.9999530809875341,1679.5414961039792,Medio,Activo,Medio · Activo
65,96.0,635.0,675.0,20.94666666666667,20.98688767017265,0.9662347917748533,971.4072048165459,Medio,En riesgo,Medio · En riesgo
66,22.0,567.0,593.0,17.149545454545457,17.353649154290455,0.9988197283480091,227.00327707284512,Bajo,Activo,Bajo · Activo
67,188.0,606.0,608.0,51.12718085106383,51.11996768048068,0.9999055423404009,5274.507763127817,Alto,Activo,Alto · Activo
68,310.0,701.0,706.0,15.97625806451613,15.99150363087973,0.9997248382471378,2341.690578040309,Alto,Activo,Alto · Activo
69,147.0,625.0,625.0,38.38374149659864,38.3895108621896,0.9999346934185638,3021.058803003172,Alto,Activo,Alto · Activo
70,31.0,697.0,703.0,2.2396774193548388,2.4676666312852245,0.9996026930547678,37.81745918135957,Bajo,Activo,Bajo · Activo
71,84.0,648.0,648.0,39.48047619047619,39.48830772851389,0.9998862879366889,1726.4230530340865,Alto,Activo,Alto · Activo
72,98.0,620.0,637.0,65.92204081632653,65.88212224018149,0.9986250041563866,3404.7262681743273,Alto,Activo,Alto · Activo
73,131.0,603.0,652.0,21.78007633587786,21.808465396796134,0.34151476417608345,501.708644151788,Bajo,En riesgo,Bajo · En riesgo
74,120.0,623.0,678.0,16.999666666666666,17.037541773005785,0.33681082709177923,341.0936503840273,Bajo,En riesgo,Bajo · En riesgo
75,58.0,620.0,622.0,19.682586206896552,19.75284277509628,0.9998022324182172,625.4667809033303,Bajo,Activo,Bajo · Activo
76,14.0,667.0,667.0,16.242142857142856,16.572537456714475,0.999355521019659,127.36686797718761,Bajo,Activo,Bajo · Activo
77,85.0,705.0,706.0,73.00035294117647,72.93995264531482,0.999873186410345,2965.509251296018,Alto,Activo,Alto · Activo
78,192.0,621.0,623.0,13.0215625,13.048831379272325,0.9999076759450359,1342.3056858829761,Medio,Activo,Medio · Activo
79,131.0,606.0,609.0,29.993587786259543,30.011135441404534,0.9998607231047341,2161.352846140363,Alto,Activo,Alto · Activo
80,84.0,641.0,658.0,35.06738095238095,35.08429009823427,0.9989731851271573,1509.5991822898889,Medio,Activo,Medio · Activo
81,117.0,658.0,663.0,45.33418803418804,45.33116416372594,0.9998020033610017,2685.830465731545,Alto,Activo,Alto · Activo
82,50.0,627.0,630.0,11.117,11.22801767166599,0.9997586893925413,303.85123240637864,Bajo,Activo,Bajo · Activo
83,95.0,670.0,671.0,12.15442105263158,12.21105976855822,0.9998839985140231,582.2794096601974,Bajo,Activo,Bajo · Activo
84,47.0,651.0,666.0,22.430212765957446,22.506767272621072,0.9994032819064307,542.9130249987544,Bajo,Activo,Bajo · Activo
85,244.0,693.0,694.0,19.204549180327867,19.221626461663906,0.9999440930595251,2256.459047494589,Alto,Activo,Alto · Activo
86,35.0,605.0,643.0,114.70542857142857,114.35387139879512,0.9976190756797123,2144.5262578614115,Alto,En riesgo,Alto · En riesgo
87,44.0,622.0,626.0,26.94068181818182,27.004756191113632,0.999713929998847,649.6187829434416,Medio,Activo,Medio · Activo
88,181.0,621.0,624.0,63.77801104972376,63.758429167657404,0.999873913106093,6175.842283606745,Alto,Activo,Alto · Activo
89,10.0,528.0,601.0,17.589000000000002,18.026380357673485,0.9962357434639931,113.41216966218964,Bajo,En riesgo,Bajo · En riesgo
90,8.0,588.0,622.0,55.6775,55.41503361923562,0.998188968337147,278.8290620777833,Bajo,En riesgo,Bajo · En riesgo
91,150.0,654.0,655.0,19.278866666666666,19.306547688275188,0.9999196194843456,1480.265792082942,Medio,Activo,Medio · Activo
92,53.0,604.0,610.0,29.39547169811321,29.440707691486697,0.9996961772550602,870.2306883212594,Medio,Activo,Medio · Activo
93,100.0,543.0,703.0,33.1597,33.17720564078141,6.761541475846839e-08,0.00010749038054455041,Bajo,En riesgo,Bajo · En riesgo
94,34.0,611.0,624.0,12.542941176470588,12.698713085103988,0.9994246994082601,238.96679209102132,Bajo,Activo,Bajo · Activo
95,242.0,621.0,623.0,26.587107438016528,26.59904759289857,0.9999141135398619,3443.3653669745313,Alto,Activo,Alto · Activo
96,48.0,687.0,690.0,23.903750000000002,23.973419233617022,0.9997560959339948,570.2411480316996,Bajo,Activo,Bajo · Activo
97,163.0,663.0,668.0,32.334110429447854,32.34573329206145,0.9998011123466644,2641.047564924464,Alto,Activo,Alto · Activo
98,156.0,709.0,710.0,16.29173076923077,16.32166001114731,0.9999233889549194,1201.8532481190116,Medio,Activo,Medio · Activo
99,190.0,623.0,625.0,36.206526315789475,36.21297340061536,0.9999074739988815,3675.0620856741084,Alto,Activo,Alto · Activo
100,27.0,685.0,705.0,82.45185185185186,82.2023064907786,0.9992266302809691,1101.052015187833,Medio,Activo,Medio · Activo
101,161.0,592.0,595.0,41.28931677018633,41.29146365050312,0.9998663044068882,3731.400007445468,Alto,Activo,Alto · Activo
102,7.0,131.0,663.0,39.95285714285715,40.03335413417319,0.0015164909107834924,0.2570639446602653,Bajo,En riesgo,Bajo · En riesgo
103,40.0,618.0,620.0,13.1905,13.320215921050215,0.9997310587315321,295.0162800334956,Bajo,Activo,Bajo · Activo
104,113.0,599.0,599.0,57.638053097345136,57.61609887429396,0.99991521548293,3644.476370165566,Alto,Activo,Alto · Activo
105,129.0,702.0,703.0,34.89240310077519,34.90365615130675,0.9999107236687326,2150.277423053015,Alto,Activo,Alto · Activo
106,55.0,607.0,613.0,35.54127272727273,35.56558248136267,0.9997020711680508,1084.6515119144703,Medio,Activo,Medio · Activo
107,32.0,616.0,645.0,35.689375,35.730266338548525,0.9986697872935282,613.7103097667941,Bajo,Activo,Bajo · Activo
108,51.0,605.0,627.0,51.751372549019614,51.72273646127091,0.9988278150113212,1432.2786591464796,Medio,Activo,Medio · Activo
109,100.0,593.0,596.0,34.5364,34.55152611907548,0.9998417372375769,1946.7416763438246,Alto,Activo,Alto · Activo
110,150.0,644.0,644.0,22.9866,23.010006201163264,0.9999359909271773,1793.838313038954,Alto,Activo,Alto · Activo
111,46.0,674.0,698.0,31.295434782608694,31.340404152013217,0.998945262882577,706.6974179060214,Medio,Activo,Medio · Activo
112,69.0,656.0,669.0,19.22304347826087,19.283278002810896,0.9994616043123387,673.3675169154794,Medio,Activo,Medio · Activo
113,179.0,613.0,615.0,84.8591061452514,84.81893423408225,0.9999042976083589,8242.70678262775,Alto,Activo,Alto · Activo
114,86.0,701.0,704.0,37.77081395348837,37.781898833900954,0.9998394872351624,1558.147896341214,Medio,Activo,Medio · Activo
115,164.0,669.0,672.0,80.66865853658537,80.62923560611534,0.9998785861347619,6585.217345134377,Alto,Activo,Alto · Activo
116,77.0,665.0,666.0,8.347012987012988,8.425404322023978,0.9998608335240412,329.19737935664295,Bajo,Activo,Bajo · Activo
117,88.0,681.0,681.0,28.747840909090908,28.776392367351043,0.9998913987707464,1254.2567376472907,Medio,Activo,Medio · Activo
118,79.0,606.0,610.0,55.955569620253165,55.92786678673966,0.999796717682428,2442.5822137852206,Alto,Activo,Alto · Activo
119,57.0,649.0,651.0,43.492105263157896,43.49148652721898,0.9998010819352736,1294.7383390593557,Medio,Activo,Medio · Activo
120,16.0,601.0,659.0,14.467500000000001,14.776035857343828,0.9972381172048599,129.50105494200028,Bajo,En riesgo,Bajo · En riesgo
121,89.0,555.0,597.0,24.852808988764046,24.88860299718965,0.9344975418209177,1166.6444224115035,Medio,En riesgo,Medio · En riesgo
122,114.0,668.0,708.0,20.613771929824562,20.6481567086649,0.9410421990666771,1052.1595048908184,Medio,En riesgo,Medio · En riesgo
123,150.0,609.0,629.0,21.406466666666667,21.431694677995957,0.9921850128822304,1696.6521519830328,Alto,En riesgo,Alto · En riesgo
124,57.0,649.0,649.0,11.953684210526315,12.048575627926022,0.9998333501572494,359.78244671887103,Bajo,Activo,Bajo · Activo
125,277.0,692.0,699.0,38.15808664259928,38.16129101484475,0.9994504374192041,5043.840290625109,Alto,Activo,Alto · Activo
126,25.0,611.0,623.0,32.6416,32.71482485873186,0.9993834262144143,460.10568267093987,Bajo,Activo,Bajo · Activo
127,159.0,615.0,615.0,29.187484276729563,29.202821984793363,0.9999395915078761,2523.505973836661,Alto,Activo,Alto · Activo
128,34.0,692.0,692.0,39.04470588235294,39.06620391069577,0.9997238276206522,664.3240666430488,Medio,Activo,Medio · Activo
129,38.0,575.0,596.0,12.236052631578948,12.376893821704321,0.9990050156337967,271.0071398746827,Bajo,Activo,Bajo · Activo
130,18.0,312.0,685.0,24.947222222222223,25.121959060370198,0.0006255511316268677,0.14818533976752146,Bajo,En riesgo,Bajo · En riesgo
131,241.0,684.0,686.0,25.541203319502078,25.55394385273668,0.999919798059227,2997.0560378780333,Alto,Activo,Alto · Activo
132,91.0,669.0,675.0,31.272967032967035,31.29578369948549,0.9997631870823069,1421.942830088072,Medio,Activo,Medio · Activo
133,69.0,603.0,608.0,54.851159420289854,54.82221609249984,0.9997553869527165,2103.41397497287,Alto,Activo,Alto · Activo
134,75.0,674.0,676.0,72.49373333333332,72.42646507942472,0.9998410404472274,2717.56721280884,Alto,Activo,Alto · Activo
135,72.0,637.0,637.0,9.850416666666668,9.930632154232324,0.9998675947421709,379.52540097759174,Bajo,Activo,Bajo · Activo
136,67.0,584.0,601.0,41.506716417910454,41.511307218567644,0.9990212519945215,1564.025047681214,Medio,Activo,Medio · Activo
137,36.0,526.0,611.0,29.147777777777776,29.215458546292417,0.9393412235164146,557.2656679240806,Bajo,En riesgo,Bajo · En riesgo
138,66.0,637.0,640.0,52.71151515151515,52.68685802859119,0.9998029538107119,1840.4852044277266,Alto,Activo,Alto · Activo
139,71.0,635.0,636.0,42.93774647887324,42.938598029584455,0.9998498223862813,1621.1446863870356,Medio,Activo,Medio · Activo
140,97.0,654.0,673.0,17.687010309278353,17.732625410359176,0.9984191343144809,859.3227558806617,Medio,Activo,Medio · Activo
141,47.0,661.0,664.0,9.427234042553192,9.551513963173232,0.999750080830284,231.1657116200136,Bajo,Activo,Bajo · Activo
142,174.0,692.0,693.0,13.186206896551724,13.216130220782105,0.9999291127175058,1110.5840215988214,Medio,Activo,Medio · Activo
143,253.0,612.0,613.0,25.928339920948616,25.94021181589525,0.9999427523479939,3566.077815632705,Alto,Activo,Alto · Activo
144,77.0,554.0,616.0,27.163766233766236,27.19994126928116,0.6940648076269114,796.4807492216694,Medio,En riesgo,Medio · En riesgo
145,51.0,639.0,646.0,28.5,28.550033734181323,0.9996738457578592,768.4065080613705,Medio,Activo,Medio · Activo
146,33.0,678.0,684.0,25.15727272727273,25.25190195618313,0.9996166450855373,422.0551439088143,Bajo,Activo,Bajo · Activo
147,33.0,631.0,647.0,44.763939393939395,44.756234890367054,0.9993357275075039,789.8368966760974,Medio,Activo,Medio · Activo
148,49.0,606.0,618.0,24.91265306122449,24.977353069639243,0.9994887584786193,675.2469377341977,Medio,Activo,Medio · Activo
149,160.0,609.0,669.0,73.6155,73.58271678488866,0.005454965359336693,32.135118546779445,Bajo,En riesgo,Bajo · En riesgo
150,4.0,523.0,626.0,50.6425,50.33735663251052,0.9949402110330949,144.8456449885562,Bajo,En riesgo,Bajo · En riesgo
151,43.0,590.0,595.0,27.82860465116279,27.890602221626807,0.9996824094464072,689.6734057286237,Medio,Activo,Medio · Activo
152,34.0,658.0,673.0,40.966764705882355,40.978524428144574,0.9993935239487861,715.9405440006789,Medio,Activo,Medio · Activo
153,75.0,625.0,634.0,20.7584,20.810290568762806,0.9996273508737972,831.4438945710226,Medio,Activo,Medio · Activo
154,26.0,525.0,599.0,29.825384615384618,29.914441713059944,0.9876247950816005,448.4358607649677,Bajo,En riesgo,Bajo · En riesgo
155,48.0,595.0,601.0,42.898125,42.8995255245845,0.9996787751849741,1168.5394842570934,Medio,Activo,Medio · Activo
156,324.0,595.0,596.0,16.122592592592593,16.137101594121173,0.9999491180474965,2916.776820296752,Alto,Activo,Alto · Activo
157,144.0,683.0,685.0,19.044444444444444,19.073558981248805,0.9998986645014301,1343.9747270809826,Medio,Activo,Medio · Activo
158,168.0,589.0,596.0,10.877678571428572,10.911046217598962,0.9995911721300036,1026.5107476207563,Medio,Activo,Medio · Activo
159,77.0,619.0,633.0,27.511818181818178,27.547212345889104,0.999304279944635,1130.780957783267,Medio,Activo,Medio · Activo
160,54.0,632.0,640.0,28.32962962962963,28.37743711322105,0.9996509636699454,814.8484527220081,Medio,Activo,Medio · Activo
161,209.0,609.0,610.0,28.761387559808615,28.773411695719698,0.9999353733769732,3287.3616421892143,Alto,Activo,Alto · Activo
162,65.0,686.0,686.0,46.278615384615385,46.27066983931138,0.9998535510950629,1487.4942078305626,Medio,Activo,Medio · Activo
163,10.0,590.0,647.0,26.653000000000002,26.93611569406798,0.9975181841075589,157.8374829666617,Bajo,En riesgo,Bajo · En riesgo
164,101.0,592.0,595.0,42.17920792079208,42.181105086228534,0.9998423773978278,2403.996382415176,Alto,Activo,Alto · Activo
165,149.0,663.0,664.0,19.9851677852349,20.012214583102928,0.9999194488980478,1503.9404548343098,Medio,Activo,Medio · Activo
166,118.0,651.0,656.0,25.844830508474576,25.87038711007701,0.9998003342844878,1561.936272853154,Medio,Activo,Medio · Activo
167,18.0,670.0,672.0,68.81277777777778,68.5695925767305,0.9994613297711101,658.5145003535091,Medio,Activo,Medio · Activo
168,35.0,678.0,689.0,14.536857142857144,14.678385174906147,0.9995215152545394,257.69187717561545,Bajo,Activo,Bajo · Activo
169,17.0,608.0,644.0,13.192941176470589,13.496361103959158,0.9984750135397876,128.0776694324162,Bajo,Activo,Bajo · Activo
170,42.0,653.0,671.0,47.03333333333334,47.01795602765406,0.999280832402548,1009.5936480528519,Medio,Activo,Medio · Activo
171,23.0,612.0,622.0,31.840869565217393,31.92639700864872,0.9994053014911536,415.74750008667456,Bajo,Activo,Bajo · Activo
172,102.0,642.0,644.0,17.304803921568627,17.348834460965982,0.9998712085277321,923.8237233838547,Medio,Activo,Medio · Activo
173,9.0,324.0,641.0,25.775555555555556,26.106096430983534,0.491030175321783,69.3651119713529,Bajo,En riesgo,Bajo · En riesgo
174,26.0,609.0,651.0,45.55615384615385,45.54114808404002,0.9978345812472187,635.6317032404742,Bajo,En riesgo,Bajo · En riesgo
175,44.0,648.0,704.0,23.454545454545453,23.532284138400968,0.9912928055563975,500.1509788700141,Bajo,En riesgo,Bajo · En riesgo
176,21.0,497.0,597.0,36.06333333333333,36.12241077537751,0.9756189618263058,438.96866289975486,Bajo,En riesgo,Bajo · En riesgo
177,45.0,641.0,660.0,24.68711111111111,24.758404655795093,0.9992014451756807,577.5787119305475,Bajo,Activo,Bajo · Activo
178,104.0,686.0,686.0,19.165384615384617,19.20547742996768,0.999907948022228,979.7491679664914,Medio,Activo,Medio · Activo
179,36.0,449.0,638.0,16.823055555555555,16.94972824841033,0.009400198200839503,3.10094621774545,Bajo,En riesgo,Bajo · En riesgo
180,56.0,595.0,610.0,37.15410714285714,37.173012915225485,0.999308423432555,1158.8616466298727,Medio,Activo,Medio · Activo
181,25.0,547.0,666.0,62.9832,62.8477343434869,0.9414030889215751,779.7963064876191,Medio,En riesgo,Medio · En riesgo
182,33.0,627.0,682.0,35.16181818181818,35.20423035131901,0.9950976269480595,587.4248068176296,Bajo,En riesgo,Bajo · En riesgo
183,109.0,662.0,699.0,13.950091743119266,13.996619478777204,0.9684263436616248,711.0817845798429,Medio,En riesgo,Medio · En riesgo
184,194.0,612.0,612.0,36.50113402061856,36.50718559649497,0.999950434231577,3861.3156264829054,Alto,Activo,Alto · Activo
185,54.0,666.0,672.0,38.79296296296297,38.80732879700761,0.9997132384467926,1062.2566258158117,Medio,Activo,Medio · Activo
186,2.0,605.0,610.0,21.889999999999997,23.594835887073877,0.9966835219191008,44.23006561524257,Bajo,En riesgo,Bajo · En riesgo
187,48.0,669.0,675.0,14.526041666666666,14.62941582827422,0.9996953160345589,355.5594088224351,Bajo,Activo,Bajo · Activo
188,37.0,636.0,651.0,49.22189189189189,49.19425258101835,0.9993855827543576,963.1172592620072,Medio,Activo,Medio · Activo
189,37.0,613.0,632.0,21.253513513513514,21.35614278061108,0.999193374646969,430.3639201516575,Bajo,Activo,Bajo · Activo
190,18.0,568.0,610.0,33.13055555555556,33.22732699897031,0.9980122323069308,350.4108935882329,Bajo,En riesgo,Bajo · En riesgo
191,26.0,685.0,688.0,20.68653846153846,20.83605124653531,0.9995970827435655,275.92570444379635,Bajo,Activo,Bajo · Activo
192,92.0,664.0,665.0,39.99510869565218,40.001293803468066,0.999880637228138,1864.5026950350552,Alto,Activo,Alto · Activo
193,99.0,662.0,679.0,47.7989898989899,47.79111401293988,0.9988143028800792,2343.401158622127,Alto,Activo,Alto · Activo
194,66.0,673.0,674.0,28.45181818181818,28.490636433217187,0.9998407851027943,945.9433956173203,Medio,Activo,Medio · Activo
195,71.0,664.0,664.0,57.72549295774648,57.69037060931655,0.9998657557004044,2087.8848017448254,Alto,Activo,Alto · Activo
196,160.0,643.0,643.0,32.650437499999995,32.66193611696526,0.9999399667231879,2718.5616554485464,Alto,Activo,Alto · Activo
197,52.0,631.0,632.0,36.65057692307692,36.67260317386685,0.9998017927958864,1027.8384409676505,Medio,Activo,Medio · Activo
198,233.0,629.0,631.0,37.10815450643777,37.11274316934893,0.9999141114339652,4569.222621052455,Alto,Activo,Alto · Activo
199,50.0,630.0,640.0,13.2548,13.358440371919505,0.9995794415727625,355.894240754761,Bajo,Activo,Bajo · Activo
200,58.0,689.0,690.0,19.50758620689655,19.57836363051027,0.9998216524821979,559.88346991155,Bajo,Activo,Bajo · Activo
201,42.0,586.0,593.0,34.12642857142857,34.164040519505136,0.9996268057656376,828.4871673097593,Medio,Activo,Medio · Activo
202,33.0,637.0,652.0,28.632727272727273,28.709216945243053,0.9993742344952257,502.84977457977743,Bajo,Activo,Bajo · Activo
203,35.0,603.0,604.0,23.710571428571427,23.8069413564191,0.9997150755506641,475.7354150378715,Bajo,Activo,Bajo · Activo
204,49.0,614.0,619.0,18.944285714285712,19.030000715339046,0.9997109334742925,513.7625988990503,Bajo,Activo,Bajo · Activo
205,82.0,643.0,646.0,45.629999999999995,45.62506488643939,0.9998293346937954,1953.8533556138073,Alto,Activo,Alto · Activo
206,12.0,595.0,651.0,31.755,31.919033839210243,0.9975571272938799,218.34753582323575,Bajo,En riesgo,Bajo · En riesgo
207,19.0,590.0,648.0,43.71947368421053,43.71557541696523,0.9968191321287448,456.24162529991173,Bajo,En riesgo,Bajo · En riesgo
208,128.0,652.0,662.0,33.279765625,33.293284890005665,0.9994790747930419,2158.264397738193,Alto,Activo,Alto · Activo
209,142.0,615.0,616.0,48.02274647887324,48.01698014392502,0.9999150028874596,3703.708178253769,Alto,Activo,Alto · Activo
210,127.0,690.0,693.0,29.610866141732284,29.62948678832189,0.999869259891524,1822.800213028457,Alto,Activo,Alto · Activo
211,104.0,619.0,620.0,21.19596153846154,21.232679418632596,0.9998911752559005,1196.2987183751823,Medio,Activo,Medio · Activo
212,103.0,696.0,710.0,28.96504854368932,28.989084489837825,0.9992786670894633,1415.2316542152942,Medio,Activo,Medio · Activo
213,7.0,595.0,631.0,85.34857142857143,84.33332947562967,0.9980308197125413,374.12856531857716,Bajo,En riesgo,Bajo · En riesgo
214,84.0,591.0,598.0,31.333809523809524,31.358398516879284,0.9996943856884684,1483.117837545688,Medio,Activo,Medio · Activo
215,126.0,649.0,649.0,13.263174603174603,13.304376026889344,0.9999238944266677,866.2344362002466,Medio,Activo,Medio · Activo
216,107.0,708.0,708.0,24.445794392523364,24.4762342520694,0.9999105050956302,1244.9045675181426,Medio,Activo,Medio · Activo
217,53.0,615.0,635.0,45.70603773584906,45.69816347687783,0.9990069850843708,1297.673398369137,Medio,Activo,Medio · Activo
218,136.0,602.0,602.0,67.40514705882353,67.37448227792905,0.9999294497047748,5093.129773450024,Alto,Activo,Alto · Activo
219,204.0,649.0,651.0,58.182647058823534,58.170016012968404,0.9999121712736383,6086.535900551548,Alto,Activo,Alto · Activo
220,73.0,641.0,673.0,34.48328767123288,34.50412081837589,0.9953795236711931,1260.6645980406968,Medio,En riesgo,Medio · En riesgo
221,71.0,598.0,614.0,39.43774647887324,39.44711242000722,0.9991202183283552,1540.558216971168,Medio,Activo,Medio · Activo
222,116.0,664.0,666.0,49.906724137931036,49.896859439298595,0.9998830338885853,2918.650015941151,Alto,Activo,Alto · Activo
223,99.0,687.0,700.0,27.514343434343434,27.5418815516786,0.9993824077509296,1311.3977435427346,Medio,Activo,Medio · Activo
224,51.0,658.0,663.0,29.825294117647058,29.870843787413673,0.9997252243496443,783.7415245177551,Medio,Activo,Medio · Activo
225,41.0,621.0,658.0,16.813658536585365,16.924987818114428,0.9974234576490374,361.2792067066766,Bajo,En riesgo,Bajo · En riesgo
226,41.0,652.0,695.0,28.953414634146345,29.013693696916743,0.9966855905534061,586.4688074152285,Bajo,En riesgo,Bajo · En riesgo
227,129.0,650.0,656.0,10.676434108527133,10.72014587104885,0.9997581338082765,706.7995361264767,Medio,Activo,Medio · Activo
228,79.0,627.0,631.0,30.07620253164557,30.105094614859304,0.9998001612061722,1271.8520952964654,Medio,Activo,Medio · Activo
229,37.0,656.0,675.0,25.343243243243244,25.426823737867466,0.9992504580978214,480.34176059942473,Bajo,Activo,Bajo · Activo
230,145.0,609.0,609.0,30.831655172413793,30.84651106535481,0.9999337987887025,2456.4840269780507,Alto,Activo,Alto · Activo
231,7.0,424.0,682.0,38.324285714285715,38.44409234453727,0.9411090600505695,149.00143567624082,Bajo,En riesgo,Bajo · En riesgo
232,291.0,599.0,638.0,43.62398625429553,43.623786341711266,0.0004001337456899344,2.6520223232280205,Bajo,En riesgo,Bajo · En riesgo
233,13.0,590.0,605.0,49.183846153846154,49.106351146206144,0.9990136223697571,388.34824306274413,Bajo,Activo,Bajo · Activo
234,17.0,620.0,635.0,13.761764705882353,14.059449685792469,0.9991712296141404,135.3721055645671,Bajo,Activo,Bajo · Activo
235,180.0,697.0,700.0,65.86938888888889,65.84768856357087,0.9998849269606372,5666.0291640293035,Alto,Activo,Alto · Activo
236,45.0,659.0,662.0,33.73,33.766633545210496,0.9997413690299407,785.8142108828849,Medio,Activo,Medio · Activo
237,5.0,540.0,597.0,75.938,74.84521877087107,0.996957017196961,267.4557852647492,Bajo,En riesgo,Bajo · En riesgo
238,25.0,623.0,682.0,26.546,26.66115059451135,0.9960895497683337,341.9484092186991,Bajo,En riesgo,Bajo · En riesgo
239,239.0,684.0,684.0,19.533138075313808,19.550334491974972,0.9999597279342176,2280.6456563284873,Alto,Activo,Alto · Activo
240,26.0,702.0,709.0,13.908846153846154,14.103195019899347,0.9995317670858108,181.31150779448822,Bajo,Activo,Bajo · Activo
241,13.0,566.0,605.0,14.752307692307692,15.12736492377661,0.9982220160680769,119.53709496944036,Bajo,En riesgo,Bajo · En riesgo
242,85.0,637.0,637.0,61.06305882352941,61.026924901313656,0.9998876102180508,2745.0769645477876,Alto,Activo,Alto · Activo
243,206.0,651.0,652.0,39.01791262135922,39.02149841431488,0.9999361236479077,4116.589714235828,Alto,Activo,Alto · Activo
244,40.0,628.0,662.0,40.9935,41.00338814029418,0.9979772805147196,850.0411370561184,Medio,En riesgo,Medio · En riesgo
245,43.0,679.0,706.0,32.038139534883726,32.0832551746726,0.9987890919730926,670.0644167084521,Medio,Activo,Medio · Activo
246,44.0,662.0,681.0,18.15477272727273,18.253284477588235,0.9992380872025836,404.04404910261337,Bajo,Activo,Bajo · Activo
247,50.0,630.0,637.0,24.3464,24.411764547301622,0.9996684501329489,653.4413515103394,Medio,Activo,Medio · Activo
248,52.0,675.0,682.0,112.25346153846155,112.02459219799579,0.9996860908439928,2913.147514556909,Alto,Activo,Alto · Activo
249,116.0,625.0,632.0,23.7575,23.786607483756477,0.9997009243604057,1464.580926379443,Medio,Activo,Medio · Activo
250,118.0,598.0,603.0,50.47872881355932,50.46819299407839,0.9997841336123665,3309.673583041885,Alto,Activo,Alto · Activo
251,72.0,677.0,685.0,31.182361111111113,31.211401759512434,0.9996902985240324,1110.458901273035,Medio,Activo,Medio · Activo
252,8.0,553.0,599.0,11.5975,12.268834352978685,0.9977448615591936,64.02853663217829,Bajo,En riesgo,Bajo · En riesgo
253,261.0,691.0,692.0,42.01107279693486,42.01191918330377,0.9999463859802658,5288.409946939923,Alto,Activo,Alto · Activo
254,41.0,691.0,694.0,10.677317073170732,10.814450956667711,0.9997241498483637,219.57518272706596,Bajo,Activo,Bajo · Activo
255,17.0,695.0,709.0,38.42411764705883,38.47315380362428,0.9992282322339372,332.4295199858726,Bajo,Activo,Bajo · Activo
256,114.0,678.0,678.0,86.33166666666666,86.26639133974426,0.9999159527596432,4873.99284628481,Alto,Activo,Alto · Activo
257,94.0,641.0,654.0,28.035425531914893,28.06346771602194,0.9993295219935566,1357.384129305601,Medio,Activo,Medio · Activo
258,188.0,667.0,668.0,13.91148936170213,13.938519057403605,0.9999323748805127,1311.259273302179,Medio,Activo,Medio · Activo
259,53.0,683.0,700.0,21.135283018867927,21.207415730856496,0.9993309424983274,547.4027585683938,Bajo,Activo,Bajo · Activo
260,28.0,587.0,599.0,15.041785714285714,15.215375205718528,0.999401320367324,247.61533585989713,Bajo,Activo,Bajo · Activo
261,40.0,542.0,603.0,30.387999999999998,30.443596644009897,0.9821903646036626,680.7528592985733,Medio,En riesgo,Medio · En riesgo
262,157.0,597.0,611.0,30.170063694267515,30.18451416394214,0.9977428192998641,2586.676448434593,Alto,En riesgo,Alto · En riesgo
263,297.0,613.0,616.0,19.464781144781146,19.478661121988036,0.9998641289260193,3125.5564862922292,Alto,Activo,Alto · Activo
264,58.0,624.0,655.0,30.42844827586207,30.46672175585248,0.9972130700064572,914.5980022031313,Medio,En riesgo,Medio · En riesgo
265,49.0,595.0,596.0,38.23979591836735,38.257570227883924,0.9997899005128732,1072.0306807736997,Medio,Activo,Medio · Activo
266,55.0,618.0,632.0,54.75981818181818,54.72381722416135,0.9994014477139416,1619.181684148118,Medio,Activo,Medio · Activo
267,22.0,628.0,664.0,17.27,17.473163115686468,0.9984793808097834,204.48311117871924,Bajo,Activo,Bajo · Activo
268,23.0,567.0,602.0,31.83086956521739,31.916471725185904,0.9983030516885208,428.6878696910592,Bajo,Activo,Bajo · Activo
269,69.0,608.0,612.0,25.53289855072464,25.577339387927996,0.9997825442468913,975.0825406693393,Medio,Activo,Medio · Activo
270,33.0,605.0,608.0,27.586666666666666,27.66861607836409,0.9996638561823562,519.1784788634224,Bajo,Activo,Bajo · Activo
271,85.0,702.0,709.0,15.215529411764706,15.27259527741397,0.9997383134094578,618.2679976012141,Bajo,Activo,Bajo · Activo
272,6.0,378.0,632.0,66.31,65.66428277192153,0.9441597330532173,242.64793450833534,Bajo,En riesgo,Bajo · En riesgo
273,109.0,693.0,694.0,22.641009174311925,22.673753665201154,0.9998972061615846,1197.77246317318,Medio,Activo,Medio · Activo
274,13.0,597.0,634.0,9.19076923076923,9.638924755143973,0.99837749304437,72.75817191251784,Bajo,Activo,Bajo · Activo
275,247.0,611.0,611.0,25.258704453441293,25.271333603747927,0.9999610270494903,3403.165217227703,Alto,Activo,Alto · Activo
276,136.0,634.0,636.0,42.25573529411764,42.257047536065826,0.9998919926020042,3026.6131843653784,Alto,Activo,Alto · Activo
277,25.0,658.0,675.0,29.658,29.75174615692592,0.9992776248170522,386.7104280751157,Bajo,Activo,Bajo · Activo
278,80.0,661.0,666.0,24.44,24.480703639177342,0.9997816479891707,993.0024426482602,Medio,Activo,Medio · Activo
279,42.0,578.0,634.0,43.01833333333333,43.01943959654639,0.9884482672471417,966.0726672500616,Medio,En riesgo,Medio · En riesgo
280,90.0,697.0,700.0,25.83988888888889,25.87339065500269,0.9998435993603744,1122.1074974661096,Medio,Activo,Medio · Activo
281,78.0,689.0,694.0,19.09525641025641,19.148839219898257,0.9997845416633818,727.603493847477,Medio,Activo,Medio · Activo
282,92.0,650.0,650.0,44.940326086956524,44.93722190201086,0.9998960699483852,2142.0798603658627,Alto,Activo,Alto · Activo
283,72.0,660.0,671.0,83.30888888888889,83.21287920809166,0.9995625296752957,3020.917715995739,Alto,Activo,Alto · Activo
284,18.0,610.0,616.0,28.43777777777778,28.579258908179057,0.9993864761790632,298.9234980907956,Bajo,Activo,Bajo · Activo
285,166.0,634.0,635.0,24.415301204819276,24.434965122760424,0.9999249673681371,2135.438315758,Alto,Activo,Alto · Activo
286,34.0,646.0,646.0,34.95441176470588,34.99663368328022,0.9997238276206522,636.737443370004,Bajo,Activo,Bajo · Activo
287,219.0,703.0,705.0,14.674474885844749,14.697078741944843,0.9999185702266548,1525.776510415201,Medio,Activo,Medio · Activo
288,80.0,601.0,603.0,37.6805,37.69260949278658,0.9998443139823621,1685.6952095884476,Medio,Activo,Medio · Activo
289,144.0,584.0,597.0,41.43944444444444,41.4416641788725,0.9984521010135498,3337.3621639607577,Alto,Activo,Alto · Activo
290,234.0,628.0,629.0,23.1584188034188,23.17330195244486,0.9999405475431767,2874.222818342422,Alto,Activo,Alto · Activo
291,49.0,583.0,606.0,49.187346938775505,49.16657424025271,0.9986845822153249,1353.9160959256333,Medio,Activo,Medio · Activo
292,68.0,589.0,596.0,13.961323529411764,14.035804978574204,0.9996862994649344,541.3266543580999,Bajo,Activo,Bajo · Activo
293,89.0,691.0,708.0,41.64168539325843,41.64488153215281,0.9990638107469467,1765.126080950549,Alto,Activo,Alto · Activo
294,234.0,704.0,705.0,23.096880341880343,23.111808990886335,0.9999428309657862,2562.660982925304,Alto,Activo,Alto · Activo
295,4.0,630.0,630.0,34.74,35.09464389447427,0.9980657566271841,100.67068798526822,Bajo,En riesgo,Bajo · En riesgo
296,10.0,590.0,604.0,13.425,13.933249516902672,0.998855601207895,87.46276006047567,Bajo,Activo,Bajo · Activo
297,93.0,619.0,632.0,37.660430107526885,37.670887316529466,0.9992913639517657,1864.535517894438,Alto,Activo,Alto · Activo
298,3.0,232.0,651.0,55.330000000000005,54.672919924458554,0.8236807383587081,102.394346818714,Bajo,En riesgo,Bajo · En riesgo
299,10.0,602.0,603.0,22.076999999999998,22.437996883461047,0.9991045202681125,141.11360783246158,Bajo,Activo,Bajo · Activo
300,93.0,616.0,642.0,48.50688172043011,48.49718319644262,0.9952330684293754,2354.0724330630374,Alto,En riesgo,Alto · En riesgo
301,76.0,685.0,685.0,94.8378947368421,94.72072125997772,0.9998744732166556,3554.1800520295114,Alto,Activo,Alto · Activo
302,87.0,593.0,613.0,20.53390804597701,20.57910139243647,0.9980388556470926,981.6517354114121,Medio,En riesgo,Medio · En riesgo
303,163.0,596.0,596.0,29.79355828220859,29.807876903992174,0.99994106491382,2722.5355830816848,Alto,Activo,Alto · Activo
304,255.0,709.0,709.0,33.5338431372549,33.54046144844549,0.999962244969067,4028.2809259674655,Alto,Activo,Alto · Activo
305,124.0,679.0,681.0,30.468629032258065,30.486503522507487,0.9998887967552592,1863.488777397795,Alto,Activo,Alto · Activo
306,148.0,611.0,611.0,38.133310810810805,38.139333870331825,0.9999351317269645,3089.5148450466645,Alto,Activo,Alto · Activo
307,339.0,674.0,675.0,7.611061946902655,7.629274265780132,0.9999532716832068,1276.6125805263114,Medio,Activo,Medio · Activo
308,75.0,696.0,697.0,32.681200000000004,32.70562951421053,0.9998582974646378,1190.834820709377,Medio,Activo,Medio · Activo
309,20.0,591.0,678.0,109.761,109.1904749076932,0.9917025216871962,1137.4112412042655,Medio,En riesgo,Medio · En riesgo
310,5.0,627.0,632.0,26.674,27.23005283350456,0.9983049429152004,92.13992559658763,Bajo,Activo,Bajo · Activo
311,45.0,682.0,684.0,29.400666666666666,29.45389387933207,0.9997597498865549,663.7880112881055,Medio,Activo,Medio · Activo
312,36.0,608.0,623.0,69.90361111111112,69.7762152691295,0.9993591293910351,1389.2056778176757,Medio,Activo,Medio · Activo
313,3.0,35.0,660.0,26.49,27.406567380184136,0.002498276021390311,0.15359710048062644,Bajo,En riesgo,Bajo · En riesgo
314,33.0,696.0,700.0,90.0251515151515,89.7812136501516,0.9996546586324438,1466.9107902969506,Medio,Activo,Medio · Activo
315,9.0,624.0,708.0,17.587777777777777,18.072861745628654,0.9964576627419892,88.3785880747883,Bajo,En riesgo,Bajo · En riesgo
316,44.0,642.0,642.0,23.186818181818182,23.26560625339572,0.9997852035244627,546.0129498277573,Bajo,Activo,Bajo · Activo
317,58.0,676.0,677.0,103.56672413793103,103.38731494961978,0.999821365618152,3012.371827581791,Alto,Activo,Alto · Activo
318,72.0,643.0,643.0,15.874166666666667,15.939931317918786,0.9998675947421709,603.604478040658,Bajo,Activo,Bajo · Activo
319,91.0,666.0,687.0,40.198351648351654,40.204218628262616,0.9982286751916475,1792.5786164046822,Alto,Activo,Alto · Activo
320,17.0,601.0,623.0,27.42411764705882,27.584057133217964,0.9989690498313303,270.56044265293696,Bajo,Activo,Bajo · Activo
321,100.0,630.0,651.0,58.3016,58.275649770382444,0.9974798715806799,3003.84523573132,Alto,En riesgo,Alto · En riesgo
322,61.0,605.0,608.0,39.058196721311475,39.070167977351716,0.9997887883914408,1328.8952542181466,Medio,Activo,Medio · Activo
323,12.0,672.0,672.0,11.011666666666668,11.47073821156308,0.9992563465575525,76.18734267296402,Bajo,Activo,Bajo · Activo
324,114.0,663.0,663.0,74.71324561403509,74.66558943141939,0.9999159527596432,4312.32974801691,Alto,Activo,Alto · Activo
325,72.0,627.0,640.0,39.372083333333336,39.381477028377255,0.9994168556947278,1497.464564855534,Medio,Activo,Medio · Activo
326,24.0,603.0,603.0,28.73875,28.842958456735868,0.9996133448529297,403.11378550461944,Bajo,Activo,Bajo · Activo
327,23.0,609.0,649.0,8.390869565217391,8.651607288344012,0.9981412666188157,107.9217137642619,Bajo,En riesgo,Bajo · En riesgo
328,197.0,642.0,645.0,87.32294416243654,87.28427601247768,0.9998786915400953,8902.0079349686,Alto,Activo,Alto · Activo
329,143.0,627.0,632.0,20.8313986013986,20.85855549640599,0.9997925330702565,1579.6448987277338,Medio,Activo,Medio · Activo
330,169.0,603.0,628.0,9.852721893491125,9.88694130066842,0.9510354351112977,845.6754360747985,Medio,En riesgo,Medio · En riesgo
331,49.0,579.0,599.0,25.879795918367346,25.94109055662945,0.9989597892581994,722.7346147381905,Medio,Activo,Medio · Activo
332,108.0,700.0,704.0,50.05175925925926,50.040932868902885,0.999836072720429,2582.797300533185,Alto,Activo,Alto · Activo
333,34.0,629.0,662.0,35.860882352941175,35.898511546291274,0.9983573283983074,636.7651693413712,Bajo,Activo,Bajo · Activo
334,277.0,683.0,683.0,17.353465703971118,17.36966609456418,0.9999652328108706,2349.8545470198346,Alto,Activo,Alto · Activo
335,128.0,679.0,684.0,21.836796875,21.86577378522698,0.9998090883555079,1373.1016423715305,Medio,Activo,Medio · Activo
336,82.0,576.0,600.0,37.55792682926829,37.56999985686017,0.9967000791854679,1724.463838708887,Alto,En riesgo,Alto · En riesgo
337,58.0,621.0,633.0,15.819310344827587,15.901065245304475,0.9994983911281984,494.7613745688528,Bajo,Activo,Bajo · Activo
338,123.0,556.0,558.0,21.738780487804878,21.76907144484326,0.9998791415293384,1604.9799129528428,Medio,Activo,Medio · Activo
339,63.0,606.0,621.0,26.45920634920635,26.505329270321194,0.9992890647276231,910.8221447116878,Medio,Activo,Medio · Activo
340,22.0,619.0,703.0,42.93909090909091,42.941813787217484,0.9921162206587996,472.0890117488992,Bajo,En riesgo,Bajo · En riesgo
341,25.0,531.0,605.0,14.576400000000001,14.773877894036628,0.9890878939278344,211.6426715359368,Bajo,En riesgo,Bajo · En riesgo
342,43.0,602.0,610.0,49.40720930232558,49.38266797529858,0.9996088879860784,1191.5779459798991,Medio,Activo,Medio · Activo
343,64.0,701.0,707.0,25.66703125,25.714572764815554,0.9997423573517948,790.3503691380981,Medio,Activo,Medio · Activo
344,45.0,619.0,619.0,49.48066666666667,49.456930333945316,0.9997898733304331,1229.4768136248204,Medio,Activo,Medio · Activo
345,170.0,684.0,684.0,33.64794117647059,33.65774918797723,0.9999434775053151,2799.6570890798043,Alto,Activo,Alto · Activo
346,118.0,619.0,624.0,44.83025423728814,44.82799429523272,0.9997910316068045,2842.7079218899253,Alto,Activo,Alto · Activo
347,11.0,666.0,708.0,34.21,34.35067165356424,0.9982946083323901,200.45247817871007,Bajo,Activo,Bajo · Activo
348,86.0,597.0,599.0,33.9546511627907,33.97340359324253,0.9998519059087893,1641.964218125757,Medio,Activo,Medio · Activo
349,31.0,603.0,608.0,27.57677419354839,27.664036243431497,0.9996068983865696,488.94126623105745,Bajo,Activo,Bajo · Activo
350,91.0,689.0,690.0,33.77098901098901,33.78906182707517,0.9998801062892719,1502.5887902310476,Medio,Activo,Medio · Activo
351,233.0,615.0,617.0,32.788369098712444,32.79616539926875,0.9999126948707692,4127.675197448207,Alto,Activo,Alto · Activo
352,5.0,608.0,625.0,30.234,30.670901947198633,0.9980800783285022,104.90006493084492,Bajo,En riesgo,Bajo · En riesgo
353,113.0,582.0,593.0,33.47212389380531,33.487140720306165,0.9993041958553164,2137.9199737105832,Alto,Activo,Alto · Activo
354,151.0,626.0,628.0,57.00794701986756,56.992233046219845,0.9998974142536224,4584.066740664495,Alto,Activo,Alto · Activo
355,4.0,290.0,630.0,60.712500000000006,59.98955705835709,0.8918778756384972,153.77441634014826,Bajo,En riesgo,Bajo · En riesgo
356,178.0,622.0,626.0,15.840056179775281,15.866728816264166,0.9998326368961451,1506.829695684973,Medio,Activo,Medio · Activo
357,20.0,593.0,608.0,84.183,83.83200532203686,0.999220557625609,979.2519776973838,Medio,Activo,Medio · Activo
358,305.0,622.0,622.0,41.67701639344262,41.67793027621702,0.9999684141547965,6802.6172936467,Alto,Activo,Alto · Activo
359,1.0,20.0,677.0,61.26,58.60751698735142,0.0867980206348309,6.14422205204004,Bajo,En riesgo,Bajo · En riesgo
360,33.0,605.0,606.0,13.288787878787879,13.445362688459596,0.9996993495965734,253.11677000125857,Bajo,Activo,Bajo · Activo
361,200.0,707.0,707.0,43.524049999999995,43.5238456466942,0.999951913829767,4117.669101365547,Alto,Activo,Alto · Activo
362,89.0,693.0,698.0,33.014943820224715,33.034889942233036,0.9997962092719122,1420.9571919737514,Medio,Activo,Medio · Activo
363,3.0,487.0,617.0,13.799999999999999,15.408994086604308,0.9932115972236941,36.67994111283712,Bajo,En riesgo,Bajo · En riesgo
364,80.0,701.0,707.0,31.579250000000002,31.604535735048326,0.999763522707219,1208.819712994383,Medio,Activo,Medio · Activo
365,136.0,688.0,702.0,51.72272058823529,51.71199572936245,0.9989216000162274,3358.081663533282,Alto,Activo,Alto · Activo
366,41.0,593.0,629.0,14.837560975609756,14.95720016155251,0.9973117536856423,333.6869993129154,Bajo,En riesgo,Bajo · En riesgo
367,97.0,678.0,681.0,73.95556701030928,73.90092361560471,0.9998486796670767,3544.9521062975,Alto,Activo,Alto · Activo
368,50.0,672.0,690.0,26.8218,26.87862222912759,0.9992767903512184,664.8772339407252,Medio,Activo,Medio · Activo
369,26.0,633.0,635.0,34.158846153846156,34.21923635075756,0.9996101510538792,490.294030725002,Bajo,Activo,Bajo · Activo
370,119.0,479.0,634.0,27.99941176470588,28.021623615666602,5.037491833199777e-11,8.888403513068813e-08,Bajo,En riesgo,Bajo · En riesgo
371,152.0,649.0,649.0,102.62125,102.55374074687094,0.9999368276641808,8039.273243474671,Alto,Activo,Alto · Activo
372,8.0,488.0,703.0,52.295,52.10418926764501,0.9689627769257485,225.65629624389499,Bajo,En riesgo,Bajo · En riesgo
373,12.0,600.0,603.0,7.778333333333333,8.283393400568745,0.9992056456655867,61.18889273338169,Bajo,Activo,Bajo · Activo
374,130.0,672.0,678.0,53.64146153846154,53.62769025081383,0.9997668645774028,3449.273498696893,Alto,Activo,Alto · Activo
375,23.0,601.0,616.0,8.78,9.037830275266655,0.9992715558826305,118.8001077846299,Bajo,Activo,Bajo · Activo
376,396.0,648.0,649.0,11.864343434343434,11.878076594148189,0.9999555013599943,2411.626728415421,Alto,Activo,Alto · Activo
377,127.0,610.0,610.0,24.48228346456693,24.50788649329826,0.9999244890159817,1709.0759544609896,Alto,Activo,Alto · Activo
378,293.0,647.0,650.0,16.075460750853242,16.09153176291079,0.9998743990355812,2416.5954087340724,Alto,Activo,Alto · Activo
379,1.0,589.0,593.0,51.15,49.989632136953226,0.995080238844514,68.42460691374865,Bajo,En riesgo,Bajo · En riesgo
380,125.0,617.0,617.0,61.15768,61.132962057273964,0.999923290399194,4150.054786461419,Alto,Activo,Alto · Activo
381,83.0,694.0,706.0,36.07301204819277,36.08803107039951,0.9995209867200369,1432.7828252643194,Medio,Activo,Medio · Activo
382,31.0,620.0,656.0,21.761935483870968,21.881494278589066,0.9981705254455955,358.4247431526078,Bajo,En riesgo,Bajo · En riesgo
383,135.0,618.0,636.0,42.17637037037037,42.17779397777774,0.9966600881278092,2989.267197819591,Alto,En riesgo,Alto · En riesgo
384,68.0,601.0,606.0,55.92088235294118,55.888797656583336,0.9997533952718807,2120.744482897983,Alto,Activo,Alto · Activo
385,36.0,665.0,675.0,79.2961111111111,79.12375834114569,0.9995470351263468,1456.3100799300028,Medio,Activo,Medio · Activo
386,198.0,671.0,672.0,23.550050505050503,23.567295152643727,0.9999349312487724,2320.4520340196386,Alto,Activo,Alto · Activo
387,113.0,607.0,614.0,50.400442477876105,50.38956095385491,0.9996919852318953,3110.2673179625135,Alto,Activo,Alto · Activo
388,53.0,605.0,608.0,23.902830188679243,23.965951249678845,0.9997667473594636,710.7398994517099,Medio,Activo,Medio · Activo
389,229.0,602.0,603.0,64.84799126637554,64.83170240612817,0.9999387995322505,8203.277886514808,Alto,Activo,Alto · Activo
390,104.0,629.0,631.0,17.018846153846155,17.06250663751784,0.9998720507843107,944.8715802066363,Medio,Activo,Medio · Activo
391,39.0,528.0,626.0,34.52179487179487,34.5605397760958,0.8266759170965793,611.8712041103199,Bajo,En riesgo,Bajo · En riesgo
392,101.0,634.0,636.0,110.55990099009901,110.44477550918423,0.9998698384243893,5896.25264398453,Alto,Activo,Alto · Activo
393,151.0,654.0,654.0,25.792384105960267,25.812421954795035,0.9999364120481602,1995.1742223204888,Alto,Activo,Alto · Activo
394,64.0,676.0,677.0,24.2796875,24.330972123467273,0.9998364334633224,780.4686201904241,Medio,Activo,Medio · Activo
395,62.0,668.0,669.0,12.818387096774194,12.90323924015073,0.9998315479737986,405.96745304869006,Bajo,Activo,Bajo · Activo
396,95.0,597.0,603.0,18.560526315789474,18.60551086254979,0.9997402134544671,985.1865161790105,Medio,Activo,Medio · Activo
397,192.0,602.0,607.0,31.38416666666667,31.394891442557423,0.9997586409782679,3312.5412603511227,Alto,Activo,Alto · Activo
398,95.0,591.0,601.0,21.30757894736842,21.34756597773428,0.9995062129610696,1133.806010602541,Medio,Activo,Medio · Activo
399,15.0,550.0,598.0,58.604000000000006,58.42922577527808,0.9976666807218202,531.2884861786637,Bajo,En riesgo,Bajo · En riesgo
400,232.0,602.0,602.0,79.58586206896553,79.5587930070856,0.9999585180275953,10214.581756680134,Alto,Activo,Alto · Activo
401,84.0,699.0,704.0,30.177857142857142,30.204823896161315,0.9997927872363451,1217.1240786297342,Medio,Activo,Medio · Activo
402,69.0,643.0,649.0,32.1163768115942,32.144339077402236,0.9997371166910212,1156.7651552744524,Medio,Activo,Medio · Activo
403,45.0,602.0,671.0,19.996000000000002,20.08527385060601,0.9709042318080239,447.95673786896816,Bajo,En riesgo,Bajo · En riesgo
404,222.0,698.0,700.0,27.340405405405406,27.352833359188164,0.999918630429736,2898.4920351249048,Alto,Activo,Alto · Activo
405,91.0,673.0,678.0,39.29747252747253,39.30505031531258,0.999793899281613,1778.136474087006,Alto,Activo,Alto · Activo
406,37.0,628.0,628.0,46.57648648648649,46.56116870515094,0.9997456324971286,944.6777709970333,Medio,Activo,Medio · Activo
407,39.0,615.0,616.0,17.847179487179485,17.959624660793033,0.9997422200316872,390.65461718824616,Bajo,Activo,Bajo · Activo
408,50.0,618.0,631.0,46.1112,46.101456747918,0.9994566231402822,1245.2746541944866,Medio,Activo,Medio · Activo
409,120.0,687.0,689.0,36.842416666666665,36.85170296167572,0.9998869003445348,2155.848243110019,Alto,Activo,Alto · Activo
410,123.0,694.0,694.0,9.279918699186993,9.327722795529887,0.9999220531163738,555.2136186644001,Bajo,Activo,Bajo · Activo
411,118.0,616.0,622.0,55.63415254237288,55.61606324021621,0.999746422382535,3537.7908200358784,Alto,Activo,Alto · Activo
412,94.0,628.0,628.0,25.554574468085107,25.587177811975135,0.9998982580214771,1288.6381828723454,Medio,Activo,Medio · Activo
413,221.0,665.0,674.0,26.96470588235294,26.97748413727827,0.9991734813220622,2951.6182166225585,Alto,Activo,Alto · Activo
414,109.0,677.0,684.0,22.720733944954127,22.753351997404998,0.999731007938044,1219.0494022946568,Medio,Activo,Medio · Activo
415,13.0,577.0,594.0,30.261538461538464,30.43274952681551,0.9989571443597415,245.02795076477358,Bajo,Activo,Bajo · Activo
416,26.0,507.0,643.0,82.72153846153847,82.460674651957,0.821443625021994,959.0506513910909,Medio,En riesgo,Medio · En riesgo
417,75.0,598.0,606.0,39.54493333333333,39.55355403120047,0.9996548086174499,1651.9742587217847,Medio,Activo,Medio · Activo
418,204.0,620.0,620.0,33.99411764705882,34.001998813696346,0.9999528521108122,3732.4741252605627,Alto,Activo,Alto · Activo
419,43.0,561.0,631.0,34.902325581395345,34.93595468131377,0.9639278803001802,786.3379500773307,Medio,En riesgo,Medio · En riesgo
420,84.0,685.0,685.0,25.2627380952381,25.299815104649188,0.9998862879366889,1047.369607455984,Medio,Activo,Medio · Activo
421,157.0,625.0,631.0,37.60636942675159,37.612628073509875,0.9997288738417033,3129.1564118640395,Alto,Activo,Alto · Activo
422,17.0,613.0,613.0,56.631764705882354,56.49722916400322,0.9994629528420206,563.305525032319,Bajo,Activo,Bajo · Activo
423,12.0,511.0,633.0,18.9875,19.333129238889573,0.9875397236393024,134.57823675184,Bajo,En riesgo,Bajo · En riesgo
424,23.0,584.0,608.0,101.40869565217392,100.97443638914515,0.9989400952607987,1343.9711386743293,Medio,Activo,Medio · Activo
425,134.0,681.0,682.0,40.76962686567164,40.77287639406819,0.9999129247537425,2687.071531342594,Alto,Activo,Alto · Activo
426,192.0,608.0,609.0,40.67234375,40.67470018333443,0.9999315481498643,4278.586183896982,Alto,Activo,Alto · Activo
427,50.0,701.0,702.0,20.9908,21.067744333544166,0.9997962717565443,512.64311912506,Bajo,Activo,Bajo · Activo
428,92.0,625.0,643.0,36.30576086956522,36.31887619487083,0.9985878227588304,1747.4769473114309,Alto,Activo,Alto · Activo
429,40.0,601.0,603.0,12.96675,13.097430258206066,0.9997300738571683,298.10324042535495,Bajo,Activo,Bajo · Activo
430,89.0,603.0,608.0,26.692134831460674,26.724357540509178,0.9997762165661319,1316.4139481549441,Medio,Activo,Medio · Activo
431,34.0,618.0,619.0,15.208529411764706,15.350795847099175,0.9997078136475712,291.24649295940094,Bajo,Activo,Bajo · Activo
432,219.0,708.0,708.0,15.877579908675798,15.899233339757453,0.9999560667853021,1643.7605207849253,Medio,Activo,Medio · Activo
433,67.0,684.0,699.0,13.995074626865673,14.070577879168079,0.999386417130469,457.21219127465656,Bajo,Activo,Bajo · Activo
434,105.0,634.0,637.0,35.82695238095238,35.83923481758956,0.9998505101120833,1984.9187279105233,Alto,Activo,Alto · Activo
435,65.0,634.0,634.0,27.57092307692308,27.612677168360698,0.9998535510950629,959.1607270919754,Medio,Activo,Medio · Activo
436,28.0,580.0,594.0,79.52964285714286,79.30691387225023,0.9993354017147904,1301.2095095444754,Medio,Activo,Medio · Activo
437,76.0,699.0,702.0,77.58223684210526,77.50428550717206,0.999825953333922,2838.7735685448047,Alto,Activo,Alto · Activo
438,61.0,601.0,608.0,72.68295081967213,72.5997520942656,0.9996826454404034,2469.0762400894573,Alto,Activo,Alto · Activo
439,32.0,609.0,609.0,17.310625,17.450422683188208,0.9997070883148831,317.4432702330041,Bajo,Activo,Bajo · Activo
440,2.0,376.0,598.0,18.744999999999997,20.70040887932494,0.9846447614956957,39.089868460567274,Bajo,En riesgo,Bajo · En riesgo
441,75.0,593.0,595.0,30.49053333333333,30.520008475822383,0.9998362178238515,1298.0279762349141,Medio,Activo,Medio · Activo
442,163.0,634.0,634.0,18.80085889570552,18.826841781183234,0.99994106491382,1618.3825061711225,Medio,Activo,Medio · Activo
443,92.0,641.0,641.0,28.653695652173912,28.68118492070794,0.9998960699483852,1386.0321450285487,Medio,Activo,Medio · Activo
444,30.0,503.0,643.0,37.45666666666667,37.49012725134866,0.6193778340250601,376.65067803533225,Bajo,En riesgo,Bajo · En riesgo
445,179.0,564.0,639.0,14.97659217877095,15.003950347583368,4.501736138472976e-06,0.006322443579094022,Bajo,En riesgo,Bajo · En riesgo
446,28.0,591.0,600.0,7.42,7.64043016245206,0.9994837888141552,124.14751701205671,Bajo,Activo,Bajo · Activo
447,114.0,661.0,663.0,14.603070175438596,14.646570084563448,0.9998815216781366,845.8871815546356,Medio,Activo,Medio · Activo
448,41.0,677.0,682.0,11.98,12.111655828760677,0.9996869629653278,250.15743578247103,Bajo,Activo,Bajo · Activo
449,32.0,606.0,612.0,24.8715625,24.970670544873624,0.9995950050883065,452.00988386109805,Bajo,Activo,Bajo · Activo
450,64.0,585.0,601.0,23.815625,23.86816168256127,0.9991570272485807,859.9944750775715,Medio,Activo,Medio · Activo
451,138.0,701.0,701.0,17.013840579710145,17.046763884266394,0.9999304648397679,1125.8026390500816,Medio,Activo,Medio · Activo
452,18.0,582.0,602.0,42.80111111111111,42.805747888801406,0.9990295641438252,457.77363703188166,Bajo,Activo,Bajo · Activo
453,31.0,632.0,634.0,23.714516129032262,23.823229911185944,0.9996658753321322,404.12930764802053,Bajo,Activo,Bajo · Activo
454,310.0,700.0,701.0,26.41003225806452,26.419453589325155,0.999951839301946,3896.712631353742,Alto,Activo,Alto · Activo
455,18.0,644.0,648.0,65.86555555555555,65.65044954113826,0.999427195665151,653.3911738205182,Medio,Activo,Medio · Activo
456,91.0,678.0,688.0,68.07450549450549,68.02743446761053,0.9996015628262565,3032.9588867473103,Alto,Activo,Alto · Activo
457,68.0,618.0,635.0,10.264705882352942,10.348575759448241,0.9991062677310125,374.8348420670542,Bajo,Activo,Bajo · Activo
458,108.0,594.0,596.0,15.47314814814815,15.517668205917646,0.9998727072791842,943.2791357639995,Medio,Activo,Medio · Activo
459,66.0,665.0,672.0,17.73,17.796871834399806,0.9997108326329653,592.5412787355185,Bajo,Activo,Bajo · Activo
460,94.0,628.0,632.0,7.872234042553192,7.93734718970943,0.999815335569955,397.2291626978531,Bajo,Activo,Bajo · Activo
461,35.0,608.0,635.0,18.852285714285717,18.972570816041433,0.9987260132153307,360.60111452052615,Bajo,Activo,Bajo · Activo
462,91.0,656.0,661.0,16.455604395604396,16.506559866653472,0.9997903400962472,765.6125843212267,Medio,Activo,Medio · Activo
463,398.0,618.0,618.0,14.566206030150754,14.578695330627781,0.9999757763267767,3121.328898694264,Alto,Activo,Alto · Activo
464,140.0,644.0,646.0,25.617785714285716,25.639611684545272,0.999894456056562,1861.118654224191,Alto,Activo,Alto · Activo
465,41.0,620.0,635.0,9.269512195121951,9.412566193192596,0.9993756429853591,208.47175518512273,Bajo,Activo,Bajo · Activo
466,16.0,571.0,612.0,25.71875,25.90683551565857,0.9981333717220302,244.38090069551043,Bajo,En riesgo,Bajo · En riesgo
467,118.0,698.0,703.0,21.93779661016949,21.969077612794376,0.9998118591468422,1239.1930212392012,Medio,Activo,Medio · Activo
468,256.0,657.0,657.0,22.61015625,22.624131801251266,0.9999623918775892,2939.892669659596,Alto,Activo,Alto · Activo
469,137.0,652.0,665.0,56.10824817518248,56.09206603224471,0.9989684850136556,3869.776689715333,Alto,Activo,Alto · Activo
470,147.0,696.0,700.0,15.594081632653062,15.626661870012754,0.999849013510762,1100.0687031363677,Medio,Activo,Medio · Activo
471,42.0,653.0,654.0,35.81428571428572,35.84496817058278,0.9997600093442077,789.712572444968,Medio,Activo,Medio · Activo
472,79.0,615.0,663.0,102.58316455696202,102.4534930453275,0.9557172171443948,3941.303400564643,Alto,En riesgo,Alto · En riesgo
473,55.0,628.0,630.0,57.02218181818182,56.979081220156175,0.9997940684841484,1691.829243032972,Alto,Activo,Alto · Activo
474,29.0,707.0,707.0,70.22724137931036,70.0673565858269,0.9996777940936445,1002.1115841369073,Medio,Activo,Medio · Activo
475,39.0,669.0,671.0,39.01871794871795,39.03758686582501,0.9997278432143724,780.727558418752,Medio,Activo,Medio · Activo
476,27.0,613.0,679.0,54.77703703703704,54.703829924581775,0.993981652893714,756.3124698997569,Medio,En riesgo,Medio · En riesgo
477,56.0,641.0,658.0,13.052142857142858,13.14533777748888,0.9992553351344852,380.41448832400243,Bajo,Activo,Bajo · Activo
478,17.0,565.0,600.0,15.26764705882353,15.550149550832048,0.9984041235267578,158.16956714872845,Bajo,Activo,Bajo · Activo
479,130.0,610.0,617.0,13.623923076923075,13.66337862362803,0.9996776556859565,963.983662544201,Medio,Activo,Medio · Activo
480,77.0,671.0,709.0,46.044285714285714,46.038101387663154,0.9913223996925484,1677.0471620313936,Medio,En riesgo,Medio · En riesgo
481,45.0,653.0,679.0,45.36,45.35205754755871,0.9987477936399053,1028.4328557207273,Medio,Activo,Medio · Activo
482,48.0,637.0,638.0,37.734375,37.75433483734244,0.9997870950575367,969.9352820956811,Medio,Activo,Medio · Activo
483,88.0,679.0,680.0,30.693181818181817,30.717913296721303,0.9998763660307504,1340.7956711603765,Medio,Activo,Medio · Activo
484,110.0,674.0,679.0,26.89118181818182,26.91694977600118,0.9998040402434125,1465.815920535779,Medio,Activo,Medio · Activo
485,143.0,593.0,594.0,37.85881118881119,37.86537654715461,0.999914744677179,3047.851606726195,Alto,Activo,Alto · Activo
486,21.0,594.0,611.0,43.69095238095238,43.68765557197586,0.9991810280164197,531.5022735275173,Bajo,Activo,Bajo · Activo
487,8.0,568.0,610.0,14.575000000000001,15.183258316573967,0.9979165546378165,77.84994349566911,Bajo,En riesgo,Bajo · En riesgo
488,16.0,592.0,642.0,22.40375,22.62732427314655,0.997715495249343,203.56563714465887,Bajo,En riesgo,Bajo · En riesgo
489,165.0,624.0,624.0,35.10818181818182,35.11675604268594,0.999941774988472,3103.456597858991,Alto,Activo,Alto · Activo
490,70.0,658.0,677.0,54.74042857142857,54.71217091130241,0.998992137699767,1914.2452553741468,Alto,Activo,Alto · Activo
491,99.0,642.0,644.0,47.86070707070707,47.85272343557047,0.9998685569986708,2474.261331722495,Alto,Activo,Alto · Activo
492,83.0,515.0,593.0,85.20433734939759,85.1170795964907,0.06789334469872592,272.4349293828283,Bajo,En riesgo,Bajo · En riesgo
493,156.0,633.0,636.0,31.42551282051282,31.438663962326693,0.9998719557181271,2579.3203875675545,Alto,Activo,Alto · Activo
495,65.0,621.0,650.0,45.19015384615385,45.18509995323427,0.9971125926229158,1527.4145544048233,Medio,En riesgo,Medio · En riesgo
496,10.0,538.0,597.0,56.96900000000001,56.73615281433889,0.9971699613069361,359.6352375013069,Bajo,En riesgo,Bajo · En riesgo
497,51.0,595.0,603.0,10.831176470588234,10.94099175950752,0.9996299838535656,315.0526889023486,Bajo,Activo,Bajo · Activo
498,53.0,661.0,662.0,16.77490566037736,16.861236576235243,0.9998058966311262,459.9831337838786,Bajo,Activo,Bajo · Activo
499,45.0,504.0,671.0,16.622,16.72420587262468,0.010015294435315245,3.8476109173256825,Bajo,En riesgo,Bajo · En riesgo
500,3.0,435.0,693.0,23.69333333333333,24.762500137390997,0.9816983916642164,51.98011127661238,Bajo,En riesgo,Bajo · En riesgo
501,20.0,652.0,668.0,23.164,23.336718135893868,0.9992319615885965,248.54175783782256,Bajo,Activo,Bajo · Activo
502,43.0,589.0,598.0,51.981162790697674,51.94629887327719,0.9995739653622938,1278.0595892641309,Medio,Activo,Medio · Activo
503,140.0,619.0,620.0,33.13307142857143,33.14561452726381,0.9999141953757906,2505.0257974905776,Alto,Activo,Alto · Activo
504,6.0,590.0,681.0,65.27333333333333,64.65669209733879,0.9960495554907786,234.2293579459092,Bajo,En riesgo,Bajo · En riesgo
505,17.0,589.0,596.0,10.67941176470588,11.008173399539578,0.9993346504950491,112.81246410578711,Bajo,Activo,Bajo · Activo
506,27.0,658.0,659.0,43.37444444444445,43.37389231526322,0.9996397765986529,621.0638862870644,Bajo,Activo,Bajo · Activo
507,60.0,623.0,642.0,23.306,23.363495440833983,0.9990264181307681,740.7110121643617,Medio,Activo,Medio · Activo
508,48.0,579.0,598.0,24.672291666666666,24.739198643172248,0.9990533831567106,676.7623959138164,Medio,Activo,Medio · Activo
509,15.0,538.0,682.0,16.811333333333334,17.113457900932396,0.9726865397703521,133.34557842058814,Bajo,En riesgo,Bajo · En riesgo
510,256.0,623.0,627.0,30.6315234375,30.64007752628255,0.9998098914572484,4167.88006039308,Alto,Activo,Alto · Activo
511,271.0,689.0,689.0,19.94590405904059,19.96080765153269,0.9999644658787659,2619.588531659346,Alto,Activo,Alto · Activo
512,21.0,610.0,615.0,51.27,51.204726129015405,0.9994738461085787,619.1604667353332,Bajo,Activo,Bajo · Activo
513,155.0,684.0,690.0,77.40425806451613,77.3661910223071,0.9997620179188318,5821.096701904357,Alto,Activo,Alto · Activo
514,64.0,608.0,620.0,36.44265625,36.46112469971169,0.9994770293580552,1274.6303289234438,Medio,Activo,Medio · Activo
515,42.0,647.0,648.0,39.83380952380952,39.847989838729575,0.9997598660910327,885.8878473212391,Medio,Activo,Medio · Activo
516,15.0,624.0,629.0,19.23933333333333,19.513751837641653,0.9993125104951773,169.13028790434544,Bajo,Activo,Bajo · Activo
517,92.0,633.0,640.0,40.65108695652174,40.65603984871832,0.9997143565976315,1967.3795999617587,Alto,Activo,Alto · Activo
518,136.0,616.0,621.0,36.1064705882353,36.11560150919694,0.9997896232313082,2647.787118832614,Alto,Activo,Alto · Activo
519,31.0,652.0,704.0,26.342903225806452,26.437018434959164,0.9964998651929068,403.3304623714368,Bajo,En riesgo,Bajo · En riesgo
520,101.0,647.0,647.0,20.06227722772277,20.102023991382016,0.9999052405281331,1055.293351548584,Medio,Activo,Medio · Activo
521,49.0,672.0,689.0,17.068367346938775,17.160687573238608,0.9993312316040434,416.8600522669403,Bajo,Activo,Bajo · Activo
522,1.0,336.0,556.0,13.760000000000002,18.11794919369028,0.9839214626898733,26.118973949559688,Bajo,En riesgo,Bajo · En riesgo
523,228.0,628.0,629.0,25.08956140350877,25.10337053305133,0.9999395599841875,3034.269705469561,Alto,Activo,Alto · Activo
524,69.0,578.0,595.0,27.57985507246377,27.61917233853193,0.9989738285933611,1081.5479103242951,Medio,Activo,Medio · Activo
525,35.0,575.0,602.0,23.71657142857143,23.81291182109494,0.9986119498560747,476.8785362900392,Bajo,Activo,Bajo · Activo
526,157.0,606.0,610.0,28.854649681528663,28.87054920924927,0.9998295538299283,2483.2374605902646,Alto,Activo,Alto · Activo
527,128.0,599.0,602.0,27.859921875,27.880762493727133,0.9998585295777181,1984.8297427297389,Alto,Activo,Alto · Activo
528,14.0,700.0,706.0,25.86785714285714,26.080662256769006,0.999266077883059,189.53371010594543,Bajo,Activo,Bajo · Activo
529,43.0,687.0,705.0,41.56302325581395,41.56994027482708,0.9993182797821037,869.8673221063485,Medio,Activo,Medio · Activo
530,51.0,644.0,664.0,28.485294117647058,28.535377608424195,0.9990989444424078,747.125780045836,Medio,Activo,Medio · Activo
531,39.0,597.0,597.0,26.832564102564103,26.905294701013162,0.9997583518663783,603.5146417946836,Bajo,Activo,Bajo · Activo
532,19.0,534.0,596.0,14.286315789473685,14.548211557988289,0.9956249476840363,164.6266302781791,Bajo,En riesgo,Bajo · En riesgo
533,57.0,639.0,658.0,46.332456140350885,46.3232357579515,0.999101348860125,1363.671842894532,Medio,Activo,Medio · Activo
534,337.0,598.0,600.0,3.8981008902077154,3.9183278802053025,0.9999131831206228,731.6836544009806,Medio,Activo,Medio · Activo
535,29.0,579.0,658.0,43.25,43.250224296616835,0.9853521051818768,654.3085982188666,Medio,En riesgo,Medio · En riesgo
536,75.0,702.0,704.0,20.353066666666667,20.40589081485532,0.9998424257849241,735.7152268423661,Medio,Activo,Medio · Activo
537,40.0,558.0,595.0,35.027,35.06260307946912,0.9967891945089415,806.183565435608,Medio,En riesgo,Medio · En riesgo
538,64.0,650.0,657.0,67.63234375,67.56666118153352,0.9997035325890701,2231.8637878055533,Alto,Activo,Alto · Activo
539,46.0,656.0,656.0,27.286956521739132,27.346957025610898,0.9997943444080372,655.9887899390158,Medio,Activo,Medio · Activo
540,83.0,582.0,586.0,39.39253012048193,39.40063889548316,0.9997968959005736,1878.8416381477198,Alto,Activo,Alto · Activo
541,42.0,640.0,660.0,40.56690476190476,40.57807535680942,0.99916222173606,885.4749816334722,Medio,Activo,Medio · Activo
542,113.0,636.0,655.0,20.33132743362832,20.366448144113544,0.997670652745915,1177.42260278655,Medio,En riesgo,Medio · En riesgo
543,94.0,637.0,637.0,39.266063829787235,39.27345796432441,0.9998982580214771,1950.4773847193765,Alto,Activo,Alto · Activo
544,87.0,660.0,687.0,17.785977011494253,17.836628248019927,0.9964027210438836,759.4832520308188,Medio,En riesgo,Medio · En riesgo
545,54.0,617.0,620.0,48.24055555555555,48.22472612863724,0.9997710530522579,1428.7650326415278,Medio,Activo,Medio · Activo
546,100.0,527.0,605.0,33.1353,33.15284781433384,0.01104499826329928,20.33350406999863,Bajo,En riesgo,Bajo · En riesgo
547,46.0,612.0,618.0,29.195217391304347,29.248062230641516,0.9996757931263978,743.8364338942977,Medio,Activo,Medio · Activo
548,86.0,597.0,624.0,48.736976744186045,48.726028077669966,0.9950412082766319,2251.4824826987597,Alto,En riesgo,Alto · En riesgo
549,77.0,594.0,595.0,29.063116883116884,29.095030633233126,0.999858925198099,1269.8179561613192,Medio,Activo,Medio · Activo
550,36.0,667.0,667.0,23.15888888888889,23.255235299828946,0.9997387571188256,433.15109768486985,Bajo,Activo,Bajo · Activo
551,48.0,687.0,699.0,17.550208333333334,17.642713174195535,0.9995414679648528,414.25400903779274,Bajo,Activo,Bajo · Activo
552,38.0,652.0,659.0,57.38815789473684,57.324202951281876,0.9996247952075696,1138.0011297652948,Medio,Activo,Medio · Activo
553,234.0,616.0,616.0,30.974316239316238,30.983420511724308,0.999958871070355,3922.576923424795,Alto,Activo,Alto · Activo
554,20.0,642.0,658.0,72.2175,71.96920260770536,0.9992259862215555,777.9284096504633,Medio,Activo,Medio · Activo
555,20.0,557.0,667.0,24.781,24.93983977636639,0.9797715717224361,260.8261190448899,Bajo,En riesgo,Bajo · En riesgo
556,14.0,640.0,683.0,44.76857142857143,44.75048196100194,0.9982675901708855,335.6405727245765,Bajo,Activo,Bajo · Activo
557,28.0,634.0,662.0,25.43964285714286,25.549330971130647,0.9988340173057262,376.6992887481082,Bajo,Activo,Bajo · Activo
558,103.0,596.0,603.0,23.413300970873788,23.44665367274956,0.9996918829170821,1344.4293713225397,Medio,Activo,Medio · Activo
559,23.0,411.0,633.0,10.710869565217392,10.954273051717442,0.07348562594678694,10.309820332955285,Bajo,En riesgo,Bajo · En riesgo
560,257.0,696.0,696.0,28.31875486381323,28.328832760909147,0.9999625376472718,3491.8640546357574,Alto,Activo,Alto · Activo
561,25.0,650.0,660.0,53.0352,52.96815701222082,0.9994467544131559,703.9665147541032,Medio,Activo,Medio · Activo
562,73.0,661.0,677.0,43.36657534246576,43.36638892686926,0.9992462188535637,1581.380092882076,Medio,Activo,Medio · Activo
563,57.0,643.0,647.0,43.51070175438597,43.510026701305314,0.9997619250034651,1303.1039386081343,Medio,Activo,Medio · Activo
564,48.0,641.0,643.0,17.28708333333333,17.380533885968845,0.9997704524206947,443.10104427765646,Bajo,Activo,Bajo · Activo
565,20.0,629.0,633.0,21.648,21.833729634374784,0.9994737970906143,245.21595584244875,Bajo,Activo,Bajo · Activo
566,94.0,629.0,629.0,12.900531914893618,12.95640030311751,0.9998982580214771,651.5003766308303,Medio,Activo,Medio · Activo
567,217.0,678.0,678.0,14.423179723502304,14.446192089516083,0.9999556637225062,1544.3523422282676,Medio,Activo,Medio · Activo
568,140.0,706.0,707.0,60.89785714285715,60.8761052127676,0.9999165014107824,4043.9387434312325,Alto,Activo,Alto · Activo
569,97.0,643.0,644.0,68.53525773195877,68.49027216547657,0.99988534951666,3470.9002986514606,Alto,Activo,Alto · Activo
570,31.0,621.0,621.0,44.78806451612903,44.7797317129848,0.9996979339303754,775.2592100605173,Medio,Activo,Medio · Activo
571,13.0,575.0,681.0,84.29307692307692,83.75412240163226,0.9923883313731718,585.783342639143,Bajo,En riesgo,Bajo · En riesgo
572,32.0,426.0,621.0,27.498125,27.583098041359094,0.014436855503364354,7.108663659341388,Bajo,En riesgo,Bajo · En riesgo
573,97.0,600.0,615.0,31.492268041237114,31.513285134917645,0.9989246763189015,1669.2933971558691,Medio,Activo,Medio · Activo
574,111.0,623.0,623.0,60.074774774774774,60.048630631847416,0.9999137014314348,3590.8686623932003,Alto,Activo,Alto · Activo
575,285.0,707.0,707.0,41.29519298245614,41.29640278091795,0.9999662053302879,5555.394622358932,Alto,Activo,Alto · Activo
576,137.0,632.0,664.0,26.98992700729927,27.010498380996623,0.9446125971349422,1764.6605734674272,Alto,En riesgo,Alto · En riesgo
577,36.0,594.0,598.0,117.19638888888888,116.84262754201409,0.999665557406281,2422.3890541168325,Alto,Activo,Alto · Activo
578,106.0,614.0,621.0,28.09132075471698,28.116102377846666,0.9997007956430207,1611.3100073998266,Medio,Activo,Medio · Activo
579,22.0,644.0,650.0,18.978181818181817,19.16800638710617,0.9994794140509482,229.29205568390174,Bajo,Activo,Bajo · Activo
580,90.0,664.0,669.0,14.436666666666666,14.49206379023546,0.9997913064829348,657.093329490623,Medio,Activo,Medio · Activo
581,128.0,650.0,661.0,39.48203125,39.48717223278763,0.9993645957886362,2563.299317635896,Alto,Activo,Alto · Activo
582,131.0,609.0,611.0,39.17679389312977,39.18222019624333,0.9998877843999895,2812.8531670363946,Alto,Activo,Alto · Activo
583,133.0,657.0,678.0,22.652255639097746,22.67908441002073,0.9953759819171998,1485.4280713854232,Medio,En riesgo,Medio · En riesgo
584,43.0,449.0,625.0,22.29860465116279,22.38277974936141,0.0024838468718211076,1.310399941917587,Bajo,En riesgo,Bajo · En riesgo
585,39.0,686.0,707.0,20.36230769230769,20.46363623013696,0.9991965391601154,388.5565303793817,Bajo,Activo,Bajo · Activo
586,174.0,659.0,659.0,33.10465517241379,33.11477800519819,0.9999447694711312,2923.8074909015,Alto,Activo,Alto · Activo
587,26.0,655.0,655.0,9.287307692307692,9.512229157950776,0.9996419892916169,132.2076900931603,Bajo,Activo,Bajo · Activo
588,210.0,682.0,683.0,45.379333333333335,45.37761031138772,0.9999378491895543,4661.72707244578,Alto,Activo,Alto · Activo
589,15.0,609.0,628.0,18.966,19.243537528456926,0.999006839851123,166.99786966603858,Bajo,Activo,Bajo · Activo
590,117.0,678.0,681.0,27.56666666666667,27.589897095075546,0.9998629111685442,1592.3016853548963,Medio,Activo,Medio · Activo
591,256.0,660.0,660.0,52.6087890625,52.602489209558414,0.9999623918775892,6804.905095238733,Alto,Activo,Alto · Activo
592,31.0,628.0,681.0,20.861290322580647,20.985851475646648,0.9959933207726809,330.62666383871397,Bajo,En riesgo,Bajo · En riesgo
593,53.0,688.0,708.0,11.92433962264151,12.026464888351068,0.9991676420905791,306.92514757018785,Bajo,Activo,Bajo · Activo
594,81.0,607.0,613.0,29.83493827160494,29.86363310651329,0.9997383891067765,1330.180422840833,Medio,Activo,Medio · Activo
595,127.0,641.0,643.0,18.379212598425195,18.413124740162566,0.9998880560608518,1219.293404303389,Medio,Activo,Medio · Activo
596,103.0,658.0,658.0,28.77592233009709,28.800275661485205,0.9999070628804495,1516.12305687021,Medio,Activo,Medio · Activo
597,92.0,668.0,671.0,41.448913043478264,41.452367267465114,0.999843037733634,1915.0882081680516,Alto,Activo,Alto · Activo
598,164.0,650.0,651.0,20.436341463414635,20.46044125706329,0.9999247615769365,1724.0881212268305,Alto,Activo,Alto · Activo
599,4.0,599.0,666.0,88.8,86.91171986480848,0.9965848666632213,235.71964746806822,Bajo,En riesgo,Bajo · En riesgo
600,127.0,656.0,656.0,43.21889763779528,43.218991435529524,0.9999244890159817,2806.294337466685,Alto,Activo,Alto · Activo
601,70.0,668.0,669.0,74.075,73.9990371880555,0.9998487578785087,2621.71546518772,Alto,Activo,Alto · Activo
602,38.0,640.0,674.0,48.38394736842105,48.360832768754825,0.9981520773139477,937.6779273321843,Medio,En riesgo,Medio · En riesgo
603,127.0,680.0,681.0,25.336377952755907,25.360818162346533,0.9999090625694196,1587.2798423631702,Medio,Activo,Medio · Activo
604,52.0,700.0,700.0,43.84423076923077,43.84238417384292,0.9998176275465518,1111.4164840124422,Medio,Activo,Medio · Activo
605,110.0,659.0,662.0,53.15018181818182,53.13468266157379,0.9998566810970937,2966.715983668572,Alto,Activo,Alto · Activo
606,87.0,669.0,672.0,38.10873563218391,38.119022179420774,0.9998378309749489,1664.430517312401,Medio,Activo,Medio · Activo
607,157.0,660.0,665.0,20.09375796178344,20.119308474299338,0.9998014856606767,1589.8387525944017,Medio,Activo,Medio · Activo
608,179.0,615.0,615.0,28.733575418994416,28.747639701743104,0.999946303679135,2793.8139229931658,Alto,Activo,Alto · Activo
609,140.0,685.0,685.0,11.880714285714285,11.91950826951698,0.9999314511759665,816.8125292991667,Medio,Activo,Medio · Activo
610,19.0,568.0,603.0,29.771052631578947,29.893114587063277,0.9983936385423354,335.34691558043124,Bajo,Activo,Bajo · Activo
611,68.0,627.0,629.0,33.608823529411765,33.633405542002066,0.9998258749190992,1230.5253121124083,Medio,Activo,Medio · Activo
612,120.0,623.0,623.0,32.68933333333333,32.704603260442504,0.9999201204990782,2112.2339974316196,Alto,Activo,Alto · Activo
613,7.0,682.0,693.0,45.41428571428572,45.36295748661011,0.9986191304627446,183.65003085471176,Bajo,Activo,Bajo · Activo
614,117.0,703.0,706.0,23.186153846153847,23.21585716914486,0.9998653575460149,1293.1996038825073,Medio,Activo,Medio · Activo
615,22.0,481.0,494.0,15.27090909090909,15.489682352593368,0.9992247862494935,242.38276026315162,Bajo,Activo,Bajo · Activo
616,8.0,673.0,682.0,50.67,50.51361363679956,0.9987842891588814,232.32570598032137,Bajo,Activo,Bajo · Activo
617,26.0,672.0,691.0,49.30423076923077,49.26443056778576,0.9992392540036061,649.3770569540201,Medio,Activo,Medio · Activo
618,282.0,591.0,592.0,26.024255319148935,26.034848240818885,0.9999453094477574,4125.664382010093,Alto,Activo,Alto · Activo
619,4.0,547.0,653.0,40.495,40.61087164529323,0.9950074128552049,112.11960771435604,Bajo,En riesgo,Bajo · En riesgo
620,16.0,469.0,609.0,15.138125,15.439481476351256,0.9524709705262391,139.65049855501152,Bajo,En riesgo,Bajo · En riesgo
621,136.0,617.0,618.0,23.275514705882355,23.300959955512276,0.9999121879887556,1716.6398175232998,Alto,Activo,Alto · Activo
622,135.0,592.0,593.0,17.57362962962963,17.606566598818844,0.9999108838809904,1340.9129944396764,Medio,Activo,Medio · Activo
623,98.0,602.0,602.0,39.2380612244898,39.24520347628888,0.999902368938305,2146.5524554296876,Alto,Activo,Alto · Activo
624,135.0,679.0,685.0,44.29851851851852,44.29722389127667,0.9997682059501354,2927.80310969518,Alto,Activo,Alto · Activo
625,32.0,599.0,601.0,37.5275,37.558499358694576,0.999673161025281,692.1287526135327,Medio,Activo,Medio · Activo
626,21.0,687.0,699.0,29.21952380952381,29.33456596224782,0.9993555580416117,312.7541976132689,Bajo,Activo,Bajo · Activo
627,42.0,621.0,625.0,41.87357142857143,41.87937750790466,0.9997042463569484,964.6239327931879,Medio,Activo,Medio · Activo
628,17.0,687.0,691.0,66.35882352941177,66.12621860474326,0.9994031797133545,586.103238789148,Bajo,Activo,Bajo · Activo
629,25.0,616.0,697.0,13.459200000000001,13.664362032105538,0.9907972038759749,170.6350462555502,Bajo,En riesgo,Bajo · En riesgo
630,178.0,707.0,707.0,43.47252808988764,43.47234857095268,0.9999460036944495,3663.656369174199,Alto,Activo,Alto · Activo
631,380.0,682.0,682.0,24.297394736842104,24.306043505486734,0.9999746318918794,4511.050581118511,Alto,Activo,Alto · Activo
632,83.0,606.0,608.0,40.32060240963855,40.32677921475651,0.999848734739794,1854.8390227374948,Alto,Activo,Alto · Activo
633,126.0,601.0,601.0,43.00150793650794,43.0019007916926,0.9999238944266677,3019.126930014212,Alto,Activo,Alto · Activo
634,32.0,285.0,527.0,48.1146875,48.08871127462928,6.893001100045337e-06,0.006949740267054477,Bajo,En riesgo,Bajo · En riesgo
635,30.0,622.0,678.0,11.832333333333334,12.012833309241818,0.9955193081952532,184.13941548574107,Bajo,En riesgo,Bajo · En riesgo
636,203.0,643.0,644.0,44.50945812807882,44.508417039328684,0.9999352331200085,4683.985141192223,Alto,Activo,Alto · Activo
637,94.0,678.0,681.0,26.466489361702127,26.497416107750826,0.999845923739292,1232.3244052201374,Medio,Activo,Medio · Activo
638,135.0,590.0,594.0,58.592666666666666,58.57306283287329,0.9998241684482414,4453.163637729818,Alto,Activo,Alto · Activo
639,65.0,556.0,647.0,11.594923076923076,11.679119677224156,0.25496562093373654,101.41038332297174,Bajo,En riesgo,Bajo · En riesgo
640,80.0,618.0,649.0,27.94675,27.97988047178519,0.9940082759627283,1157.4142555980902,Medio,En riesgo,Medio · En riesgo
641,286.0,679.0,681.0,46.13706293706294,46.135339059284064,0.9999225692081853,6461.4653684756695,Alto,Activo,Alto · Activo
642,59.0,547.0,671.0,37.07627118644068,37.09444621058758,0.031988086247481326,35.4697716365163,Bajo,En riesgo,Bajo · En riesgo
643,28.0,618.0,625.0,47.924642857142864,47.89614649214514,0.9995381127851732,747.7391948648859,Medio,Activo,Medio · Activo
644,187.0,617.0,618.0,19.97010695187166,19.991676624915144,0.9999305963815993,2019.3039066366155,Alto,Activo,Alto · Activo
645,42.0,456.0,625.0,10.00095238095238,10.137611389762757,0.006450977853363507,1.5067717471348812,Bajo,En riesgo,Bajo · En riesgo
646,34.0,673.0,694.0,47.67941176470588,47.65716117944283,0.9991926842000063,807.6882683329219,Medio,Activo,Medio · Activo
647,108.0,649.0,649.0,57.50925925925926,57.48649641097019,0.9999113261733484,3214.291929983141,Alto,Activo,Alto · Activo
648,70.0,648.0,653.0,27.205714285714286,27.2453943986144,0.9997662789950944,988.4288829729841,Medio,Activo,Medio · Activo
649,32.0,441.0,596.0,46.854375,46.83518122188378,0.14918319072490077,129.85867860683805,Bajo,En riesgo,Bajo · En riesgo
650,70.0,689.0,705.0,20.180857142857143,20.237870035940166,0.9993150695562154,680.6346668201555,Medio,Activo,Medio · Activo
651,6.0,457.0,637.0,52.40166666666667,52.14604454138627,0.9845071980093462,199.38040116353827,Bajo,En riesgo,Bajo · En riesgo
652,44.0,637.0,637.0,39.49545454545454,39.51031904813822,0.9997852035244627,934.4009255469142,Medio,Activo,Medio · Activo
653,192.0,612.0,621.0,55.798854166666665,55.787582110824694,0.9991957867941678,5752.790485208931,Alto,Activo,Alto · Activo
654,132.0,673.0,677.0,17.165757575757578,17.199976428408323,0.9998416746092473,1124.8282496124978,Medio,Activo,Medio · Activo
655,45.0,692.0,693.0,42.02755555555556,42.0323858490928,0.9997755190584087,935.1820592172655,Medio,Activo,Medio · Activo
656,88.0,642.0,658.0,57.08613636363636,57.0590411671388,0.9990522184321414,2570.2347181623086,Alto,Activo,Alto · Activo
657,19.0,626.0,634.0,5.832631578947368,6.170867740544881,0.9993759799889385,65.9677698621376,Bajo,Activo,Bajo · Activo
658,43.0,606.0,614.0,23.0553488372093,23.136489086371025,0.9996103395035628,554.7036479778503,Bajo,Activo,Bajo · Activo
659,30.0,671.0,697.0,23.802666666666667,23.91447761550018,0.998987901635727,357.99126015825163,Bajo,Activo,Bajo · Activo
660,137.0,596.0,598.0,57.65766423357665,57.63952639791371,0.9998895175345979,4417.534084834681,Alto,Activo,Alto · Activo
661,339.0,610.0,611.0,24.393362831858408,24.40300809283896,0.9999508159342052,4502.993837586256,Alto,Activo,Alto · Activo
662,37.0,623.0,641.0,37.303783783783786,37.33165555669011,0.9992530748270093,741.9709841953492,Medio,Activo,Medio · Activo
663,92.0,594.0,596.0,33.00869565217391,33.028004315736425,0.9998584864054516,1714.2068050588605,Alto,Activo,Alto · Activo
664,28.0,574.0,594.0,33.04785714285715,33.11078799079728,0.9991022710005474,543.1307208749183,Bajo,Activo,Bajo · Activo
665,37.0,678.0,679.0,19.136216216216216,19.248707238769516,0.9997310320434242,361.6984021295586,Bajo,Activo,Bajo · Activo
666,82.0,626.0,628.0,12.346951219512196,12.412144656532172,0.9998486956408249,546.5044889296213,Bajo,Activo,Bajo · Activo
667,59.0,603.0,606.0,18.533898305084747,18.60632864998528,0.9997836529501785,614.5749360339803,Bajo,Activo,Bajo · Activo
668,54.0,625.0,625.0,20.7012962962963,20.773484542865678,0.9998242596491096,610.6606476333434,Bajo,Activo,Bajo · Activo
669,112.0,681.0,686.0,81.20598214285714,81.14745459010798,0.9998063062058333,4453.221206991035,Alto,Activo,Alto · Activo
670,176.0,679.0,682.0,32.16767045454546,32.17859923000014,0.9998820161079293,2778.098380498628,Alto,Activo,Alto · Activo
671,112.0,617.0,634.0,45.32276785714286,45.31962682812252,0.9982273399091206,2683.0748965674043,Alto,En riesgo,Alto · En riesgo
672,110.0,643.0,644.0,24.420909090909092,24.450559185416946,0.9998967452816888,1402.6972047116815,Medio,Activo,Medio · Activo
673,42.0,690.0,690.0,16.698095238095238,16.807259149603603,0.9997752122643114,351.2972844364079,Bajo,Activo,Bajo · Activo
674,106.0,678.0,678.0,44.08839622641509,44.087090642907135,0.9999096686702165,2318.2939076550174,Alto,Activo,Alto · Activo
675,157.0,608.0,608.0,30.74356687898089,30.757385578432483,0.9999388268282886,2654.3568927704064,Alto,Activo,Alto · Activo
676,302.0,699.0,702.0,35.54360927152318,35.5480465982364,0.9998852330684814,5100.95919461813,Alto,Activo,Alto · Activo
677,41.0,614.0,615.0,38.16756097560975,38.18909262182369,0.9997536838640214,873.1407746082081,Medio,Activo,Medio · Activo
678,46.0,455.0,622.0,9.691304347826087,9.817285654549336,0.002324491253816481,0.576887098568837,Bajo,En riesgo,Bajo · En riesgo
679,179.0,691.0,693.0,36.086256983240226,36.09321609552595,0.9999102453091148,3119.3709352308083,Alto,Activo,Alto · Activo
680,82.0,589.0,600.0,42.56634146341464,42.56786158579295,0.9994690704423594,1959.2939543069979,Alto,Activo,Alto · Activo
681,65.0,707.0,707.0,41.71446153846154,41.71864131489449,0.9998535510950629,1301.9751443730786,Medio,Activo,Medio · Activo
682,158.0,538.0,680.0,27.82727848101266,27.84420208435537,1.8706660804690693e-12,4.052929327611325e-09,Bajo,En riesgo,Bajo · En riesgo
683,7.0,482.0,596.0,21.11428571428571,21.64949867809529,0.9929980709840376,101.06218458118302,Bajo,En riesgo,Bajo · En riesgo
684,96.0,675.0,675.0,21.18885416666667,21.228639157036586,0.9999003558618429,1016.8326643059713,Medio,Activo,Medio · Activo
685,184.0,610.0,613.0,32.58576086956521,32.59582187959376,0.9998722108938141,3265.7437438424076,Alto,Activo,Alto · Activo
686,17.0,550.0,605.0,30.91941176470588,31.04411127308718,0.9969829817199439,312.7619789202377,Bajo,En riesgo,Bajo · En riesgo
687,59.0,702.0,705.0,52.938305084745764,52.91006750881909,0.9997923203063492,1506.2775850610801,Medio,Activo,Medio · Activo
688,27.0,622.0,641.0,116.14074074074075,115.67653668350982,0.9991987189149746,1701.2748724962203,Alto,Activo,Alto · Activo
689,2.0,272.0,596.0,6.315,9.260749831210717,0.9563140781185895,17.040368710750425,Bajo,En riesgo,Bajo · En riesgo
690,203.0,688.0,689.0,24.314137931034484,24.33030704952676,0.9999365235205423,2396.0638515809223,Alto,Activo,Alto · Activo
691,52.0,670.0,677.0,46.009807692307696,46.000774417399754,0.9996848423381418,1204.9106788770716,Medio,Activo,Medio · Activo
692,109.0,634.0,635.0,35.31614678899083,35.32878931416662,0.9998957203198308,2036.5318033163958,Alto,Activo,Alto · Activo
693,183.0,689.0,704.0,34.54071038251366,34.5489784317947,0.9973757197270189,2997.5724276301776,Alto,En riesgo,Alto · En riesgo
694,126.0,629.0,629.0,13.85436507936508,13.894755239153508,0.9999238944266677,932.9101452670519,Medio,Activo,Medio · Activo
695,190.0,595.0,596.0,44.82073684210527,44.819341184482546,0.9999305955268929,4765.621971335518,Alto,Activo,Alto · Activo
696,252.0,594.0,597.0,58.17892857142857,58.168704340280875,0.9998660364543729,8173.920895070785,Alto,Activo,Alto · Activo
697,52.0,638.0,650.0,52.690961538461536,52.65975619891574,0.9995140905157986,1435.3601457193076,Medio,Activo,Medio · Activo
698,105.0,704.0,706.0,11.292000000000002,11.344673196652602,0.9998772149895168,567.929672148525,Bajo,Activo,Bajo · Activo
699,123.0,646.0,651.0,83.97845528455285,83.92125734304845,0.9997996146150189,5318.665540597698,Alto,Activo,Alto · Activo
700,34.0,691.0,697.0,84.18529411764706,83.9780827748133,0.9996264801409595,1417.8426888875647,Medio,Activo,Medio · Activo
701,37.0,599.0,608.0,69.29162162162162,69.1705033425796,0.9995530662848138,1448.4059661495994,Medio,Activo,Medio · Activo
702,228.0,631.0,634.0,35.89890350877193,35.90451032427782,0.9998768901551865,4305.94276721562,Alto,Activo,Alto · Activo
703,167.0,637.0,640.0,55.86850299401198,55.855473116855116,0.9998746652556657,4872.595616663403,Alto,Activo,Alto · Activo
704,7.0,411.0,598.0,9.504285714285714,10.319735025138222,0.973631816116351,47.07919358981448,Bajo,En riesgo,Bajo · En riesgo
705,88.0,617.0,635.0,15.431931818181818,15.486631136928313,0.9986381521728598,722.1056718551138,Medio,Activo,Medio · Activo
706,120.0,691.0,691.0,33.29533333333333,33.30973015466503,0.9999201204990782,1943.1597739111148,Alto,Activo,Alto · Activo
707,346.0,608.0,608.0,55.24563583815029,55.23965501243441,0.999972146233531,10453.31366713434,Alto,Activo,Alto · Activo
708,59.0,690.0,695.0,46.955932203389835,46.94519915946792,0.9997523661017131,1355.3201537341026,Medio,Activo,Medio · Activo
709,146.0,660.0,665.0,37.85568493150685,37.862119248064246,0.9998033728742265,2784.205270551953,Alto,Activo,Alto · Activo
710,186.0,686.0,687.0,19.97741935483871,19.9990980854565,0.9999323645781845,1810.9302023830344,Alto,Activo,Alto · Activo
711,32.0,679.0,681.0,13.2746875,13.436204822734926,0.9996772847437538,219.0115056681055,Bajo,Activo,Bajo · Activo
712,225.0,675.0,676.0,51.6256,51.61918883527025,0.999940506637274,5736.908047435771,Alto,Activo,Alto · Activo
713,20.0,594.0,613.0,25.770500000000006,25.92084711294498,0.9991059583764987,300.3270295523938,Bajo,Activo,Bajo · Activo
714,233.0,659.0,659.0,17.61304721030043,17.63211187934547,0.9999586953033502,2080.2962684019008,Alto,Activo,Alto · Activo
715,133.0,668.0,668.0,27.437368421052632,27.45797594867751,0.9999278701837024,1833.2353831013393,Alto,Activo,Alto · Activo
716,73.0,631.0,634.0,17.535068493150685,17.59600437809989,0.9998151344855425,684.7623150851692,Medio,Activo,Medio · Activo
717,45.0,594.0,614.0,13.482666666666667,13.59690512014215,0.9990472352648899,340.460566669717,Bajo,Activo,Bajo · Activo
718,374.0,706.0,710.0,51.15342245989305,51.149782785274674,0.999791606629703,8979.661005068812,Alto,Activo,Alto · Activo
719,33.0,683.0,691.0,31.78151515151515,31.841570249918416,0.9995779279034934,526.8724548187492,Bajo,Activo,Bajo · Activo
720,80.0,659.0,664.0,20.756999999999998,20.805657435571522,0.9997812549942399,846.430071771616,Medio,Activo,Medio · Activo
721,45.0,592.0,601.0,12.142,12.261377022193038,0.9995815977798764,313.700710494982,Bajo,Activo,Bajo · Activo
722,126.0,606.0,612.0,50.01563492063492,50.00640260690032,0.999738495160682,3448.352911339596,Alto,Activo,Alto · Activo
723,22.0,628.0,634.0,54.621818181818185,54.53331505438865,0.9994766277778832,668.5002279858785,Medio,Activo,Medio · Activo
724,24.0,585.0,636.0,24.609583333333333,24.74336721329131,0.9968747181321357,327.3010772350116,Bajo,En riesgo,Bajo · En riesgo
725,121.0,623.0,623.0,39.530743801652896,39.536112167386925,0.9999207752658643,2574.4723882430367,Alto,Activo,Alto · Activo
726,69.0,639.0,639.0,31.48782608695652,31.517361627192006,0.99986191997768,1151.7744035438964,Medio,Activo,Medio · Activo
727,97.0,647.0,647.0,50.20835051546392,50.19601956565666,0.9999013726711998,2532.2539350497455,Alto,Activo,Alto · Activo
728,319.0,664.0,669.0,33.64442006269592,33.649651297926326,0.9996780312854073,5345.099271224595,Alto,Activo,Alto · Activo
729,30.0,648.0,657.0,38.45666666666667,38.48438897947584,0.999522119260124,610.8794382504019,Bajo,Activo,Bajo · Activo
730,90.0,687.0,693.0,12.246111111111112,12.305714326254657,0.9997675319605382,538.9481138516272,Bajo,Activo,Bajo · Activo
731,154.0,617.0,626.0,20.415519480519478,20.441205822169415,0.9994296380159267,1680.9733823752101,Medio,Activo,Medio · Activo
732,87.0,591.0,593.0,44.94402298850575,44.94073341374623,0.9998526809825924,2218.655569412701,Alto,Activo,Alto · Activo
733,69.0,615.0,622.0,37.663333333333334,37.677411461388,0.9996975684922067,1413.5883626706373,Medio,Activo,Medio · Activo
734,66.0,672.0,686.0,19.52227272727273,19.58445508915379,0.9994325843973287,638.7981779772596,Medio,Activo,Medio · Activo
735,69.0,630.0,654.0,15.273043478260869,15.343164927994259,0.9981587484954975,547.1364288815867,Bajo,En riesgo,Bajo · En riesgo
736,56.0,679.0,685.0,54.46178571428572,54.42734427066365,0.9997210403827599,1514.7527284907928,Medio,Activo,Medio · Activo
737,48.0,624.0,684.0,31.624166666666667,31.66608753377905,0.9830673607440773,747.0352638426986,Medio,En riesgo,Medio · En riesgo
738,83.0,610.0,610.0,29.26385542168675,29.293049078441463,0.9998849341712657,1343.0548933345976,Medio,Activo,Medio · Activo
739,4.0,198.0,620.0,21.7625,22.655574279139223,0.5494743674200676,36.345043534760634,Bajo,En riesgo,Bajo · En riesgo
740,107.0,599.0,599.0,61.76186915887851,61.73202368799928,0.9999105050956302,3700.1261532333165,Alto,Activo,Alto · Activo
741,80.0,624.0,630.0,42.234500000000004,42.236774687253295,0.9997431584157448,1809.267847869284,Alto,Activo,Alto · Activo
742,270.0,630.0,638.0,14.625444444444444,14.643812840866916,0.9989643538315788,2062.968865465726,Alto,Activo,Alto · Activo
743,55.0,585.0,598.0,34.578909090909086,34.6062388881134,0.9994159712403895,1081.0470384106422,Medio,Activo,Medio · Activo
744,144.0,653.0,659.0,32.759166666666665,32.77181079740661,0.9997531225370577,2398.345997158555,Alto,Activo,Alto · Activo
745,177.0,647.0,648.0,37.87361581920904,37.878906799956326,0.9999287838173703,3458.2860591409744,Alto,Activo,Alto · Activo
746,31.0,483.0,606.0,17.920967741935485,18.061860018332837,0.7068299532126807,226.4608083624937,Bajo,En riesgo,Bajo · En riesgo
747,120.0,592.0,594.0,9.657333333333334,9.70578704306105,0.9998805368062993,656.8339357761712,Medio,Activo,Medio · Activo
748,64.0,640.0,649.0,42.20671875,42.20963552968558,0.9996345063075577,1411.0524741413742,Medio,Activo,Medio · Activo
749,65.0,619.0,625.0,15.603846153846154,15.67739248166193,0.999724925569593,552.1995390667994,Bajo,Activo,Bajo · Activo
750,42.0,623.0,625.0,12.444285714285714,12.570913626377047,0.9997422145696736,289.5617224801659,Bajo,Activo,Bajo · Activo
751,22.0,625.0,681.0,21.88,22.047165366548267,0.9969590212263535,251.29701857740483,Bajo,En riesgo,Bajo · En riesgo
752,99.0,651.0,653.0,37.45131313131313,37.46150276396554,0.9998691047915429,1910.7532030312136,Alto,Activo,Alto · Activo
753,46.0,678.0,678.0,41.45326086956522,41.460140061133835,0.9997943444080372,962.8116649289225,Medio,Activo,Medio · Activo
754,31.0,587.0,599.0,46.960967741935484,46.94056621177425,0.9994241076243774,841.7108105509474,Medio,Activo,Medio · Activo
755,245.0,673.0,675.0,43.25269387755102,43.252718664174985,0.9999192753432624,5239.104295735228,Alto,Activo,Alto · Activo
756,20.0,586.0,656.0,34.078,34.15704564617041,0.9950399903363623,368.76422123391774,Bajo,En riesgo,Bajo · En riesgo
757,38.0,553.0,596.0,52.69973684210527,52.65704714195578,0.9955052646305927,1148.9508782473413,Medio,En riesgo,Medio · En riesgo
758,16.0,584.0,608.0,19.195625,19.45354387951642,0.9988655651226797,184.82637981919845,Bajo,Activo,Bajo · Activo
759,40.0,677.0,683.0,31.641000000000002,31.69119635593713,0.9996620193217387,638.2085113199482,Medio,Activo,Medio · Activo
760,66.0,513.0,675.0,27.271515151515153,27.313421659818463,8.736495040975749e-05,0.07912481121669572,Bajo,En riesgo,Bajo · En riesgo
761,154.0,622.0,622.0,58.162597402597406,58.1458924898255,0.9999376428075356,4814.225942787065,Alto,Activo,Alto · Activo
762,440.0,625.0,625.0,20.401999999999997,20.41100210485627,0.9999780833596289,4776.427192397328,Alto,Activo,Alto · Activo
763,38.0,548.0,640.0,73.25052631578947,73.1146245228327,0.907597412167845,1356.2633353500532,Medio,En riesgo,Medio · En riesgo
764,89.0,585.0,593.0,35.78943820224719,35.80399726893977,0.999640950115779,1807.1676549165568,Alto,Activo,Alto · Activo
765,26.0,624.0,625.0,60.20384615384615,60.091942348890996,0.999626170907986,874.5337988223912,Medio,Activo,Medio · Activo
766,101.0,588.0,598.0,81.70871287128713,81.64296159575835,0.9994826211676888,4628.457864479564,Alto,Activo,Alto · Activo
767,12.0,595.0,627.0,44.69083333333333,44.67087752505175,0.9985133547491386,317.36320737701743,Bajo,Activo,Bajo · Activo
768,351.0,601.0,602.0,18.840997150997154,18.8530503491086,0.9999511598404013,3654.310560728123,Alto,Activo,Alto · Activo
769,43.0,659.0,665.0,35.68953488372093,35.72000695721345,0.9996733887883062,791.9119221136832,Medio,Activo,Medio · Activo
770,34.0,596.0,609.0,63.91852941176471,63.814001688991574,0.9994142763143165,1229.8680327269913,Medio,Activo,Medio · Activo
771,370.0,596.0,596.0,21.572216216216216,21.582373278248262,0.9999739481096184,4452.473729292518,Alto,Activo,Alto · Activo
772,36.0,596.0,621.0,7.526666666666666,7.697836254468167,0.9988145939497569,153.66027285680417,Bajo,Activo,Bajo · Activo
773,18.0,686.0,694.0,47.03333333333333,46.997648293163635,0.9993646453357438,437.2357725051226,Bajo,Activo,Bajo · Activo
774,15.0,574.0,629.0,54.09133333333333,53.968053436567196,0.9973494185710253,466.83496759121556,Bajo,En riesgo,Bajo · En riesgo
775,30.0,468.0,665.0,35.967333333333336,36.00934011759125,0.058628795761379894,33.131457977225836,Bajo,En riesgo,Bajo · En riesgo
776,66.0,664.0,669.0,47.26499999999999,47.25459365640069,0.9997625861081508,1580.3417467080799,Medio,Activo,Medio · Activo
777,38.0,628.0,629.0,69.87131578947368,69.75074106147456,0.9997363700013827,1449.682439705033,Medio,Activo,Medio · Activo
778,86.0,605.0,706.0,26.54767441860465,26.581309171415494,0.015000745013070652,16.401065571266482,Bajo,En riesgo,Bajo · En riesgo
779,76.0,637.0,638.0,50.6728947368421,50.65610838569365,0.9998585358596281,2038.2064769612307,Alto,Activo,Alto · Activo
780,61.0,602.0,608.0,9.20311475409836,9.299586482278867,0.9997134294085769,316.2833815639806,Bajo,Activo,Bajo · Activo
781,53.0,614.0,620.0,30.52867924528302,30.57022530302522,0.9996987280370565,889.3171484474101,Medio,Activo,Medio · Activo
782,61.0,593.0,641.0,25.460163934426227,25.510622446737695,0.9817593027362631,808.9725829396211,Medio,En riesgo,Medio · En riesgo
783,15.0,559.0,684.0,25.081999999999997,25.289747461287998,0.9843854049586855,198.85087775903756,Bajo,En riesgo,Bajo · En riesgo
784,110.0,690.0,693.0,28.04118181818182,28.065142503005575,0.999859800149948,1498.0679156648253,Medio,Activo,Medio · Activo
785,94.0,665.0,669.0,22.198085106382976,22.23685951169293,0.9998212501227078,1052.3801098204592,Medio,Activo,Medio · Activo
786,172.0,602.0,607.0,43.202267441860464,43.202353447915975,0.9997711412667106,4087.1863108003245,Alto,Activo,Alto · Activo
787,180.0,608.0,610.0,13.64188888888889,13.670377828985547,0.9999040722470485,1346.591373128927,Medio,Activo,Medio · Activo
788,180.0,646.0,648.0,41.098444444444446,41.10054835071504,0.9999072654583565,3815.41328818889,Alto,Activo,Alto · Activo
789,24.0,701.0,703.0,14.721666666666666,14.926273389054908,0.999584706722777,179.4220506587882,Bajo,Activo,Bajo · Activo
790,55.0,598.0,605.0,51.16909090909091,51.14435819845199,0.9996707982015429,1579.9429305425645,Medio,Activo,Medio · Activo
791,18.0,614.0,703.0,16.72277777777778,16.975871690170877,0.993238018089547,154.98808140041473,Bajo,En riesgo,Bajo · En riesgo
792,19.0,605.0,605.0,16.74684210526316,16.986518266153396,0.999516665953918,190.1538823531889,Bajo,Activo,Bajo · Activo
793,92.0,615.0,623.0,16.40815217391304,16.458643957684085,0.9996592059247187,817.7321168173406,Medio,Activo,Medio · Activo
794,26.0,600.0,614.0,65.79653846153846,65.64763763838785,0.9993328843170709,971.8958983886521,Medio,Activo,Medio · Activo
795,38.0,630.0,670.0,33.17947368421053,33.225321924826105,0.9972998561511378,647.4386758976899,Medio,En riesgo,Medio · En riesgo
796,48.0,692.0,703.0,8.958333333333334,9.08171869616158,0.9995746847622564,212.0541331085863,Bajo,Activo,Bajo · Activo
797,88.0,595.0,600.0,33.91306818181818,33.93147691221907,0.9997733767747798,1674.5639110460347,Medio,Activo,Medio · Activo
798,49.0,663.0,669.0,32.02673469387755,32.0663855783946,0.999697586503815,802.1199020649519,Medio,Activo,Medio · Activo
799,57.0,679.0,681.0,35.949473684210524,35.971696862186064,0.9998026057003627,1024.5043863939275,Medio,Activo,Medio · Activo
800,378.0,652.0,652.0,27.5526455026455,27.559849636485733,0.9999744980221309,5318.076679163616,Alto,Activo,Alto · Activo
801,27.0,637.0,641.0,59.72777777777778,59.623025559874634,0.9995886566490617,877.2283751736936,Medio,Activo,Medio · Activo
802,58.0,648.0,657.0,36.68206896551724,36.7017296901176,0.9996328335273623,1101.1409470528947,Medio,Activo,Medio · Activo
803,63.0,687.0,691.0,32.23555555555556,32.26584695652668,0.9997816687012282,998.8296888131317,Medio,Activo,Medio · Activo
804,180.0,628.0,634.0,21.676055555555557,21.696823871015404,0.9997085681201205,2057.398455399369,Alto,Activo,Alto · Activo
805,225.0,699.0,700.0,24.713288888888886,24.727571324648224,0.9999411667802122,2655.538711082618,Alto,Activo,Alto · Activo
806,103.0,662.0,662.0,56.89543689320388,56.87260100265465,0.9999070628804495,2976.151209287354,Alto,Activo,Alto · Activo
807,98.0,678.0,685.0,40.85734693877551,40.861633359939205,0.999733021130722,1968.4035994710282,Alto,Activo,Alto · Activo
808,169.0,613.0,613.0,13.639171597633135,13.669515730666026,0.999943145013938,1258.8594242708514,Medio,Activo,Medio · Activo
809,42.0,615.0,635.0,14.38,14.498680843651869,0.999117732866046,328.5975115240251,Bajo,Activo,Bajo · Activo
810,34.0,619.0,636.0,15.615294117647057,15.75549963832055,0.9992897411404291,290.9582870818688,Bajo,Activo,Bajo · Activo
811,29.0,655.0,669.0,23.18551724137931,23.304823620283468,0.9993926294064797,351.81178440783015,Bajo,Activo,Bajo · Activo
812,67.0,656.0,681.0,17.28776119402985,17.354777403692264,0.9982343896701527,577.9143294852302,Bajo,Activo,Bajo · Activo
813,30.0,689.0,692.0,65.461,65.33376410639818,0.9996432591789366,985.6174893639902,Medio,Activo,Medio · Activo
814,17.0,574.0,598.0,44.12529411764706,44.116850323922556,0.998871634335594,450.420631898858,Bajo,Activo,Bajo · Activo
815,37.0,597.0,614.0,48.07756756756757,48.05525818681907,0.9992649867256891,996.324755698539,Medio,Activo,Medio · Activo
816,94.0,676.0,691.0,36.31627659574468,36.32909405097064,0.9991995636264077,1664.4524173763791,Medio,Activo,Medio · Activo
817,139.0,607.0,612.0,34.45525179856115,34.4662401328587,0.9997857191117597,2619.255637227787,Alto,Activo,Alto · Activo
818,46.0,641.0,641.0,37.193695652173915,37.216547513016955,0.9997943444080372,913.2505286218412,Medio,Activo,Medio · Activo
819,5.0,629.0,639.0,24.616,25.24093275598141,0.9982185358975715,84.48330188760654,Bajo,En riesgo,Bajo · En riesgo
820,161.0,645.0,645.0,28.403602484472053,28.41959195871264,0.9999403373061221,2372.8603244393244,Alto,Activo,Alto · Activo
821,14.0,516.0,607.0,31.342857142857145,31.488778655731462,0.9924668226907951,263.63965294004004,Bajo,En riesgo,Bajo · En riesgo
822,37.0,641.0,653.0,23.028108108108107,23.12247182933864,0.9994868560775878,451.3719213297797,Bajo,Activo,Bajo · Activo
823,100.0,615.0,621.0,25.7293,25.759648524549643,0.9997479393961686,1393.905946881516,Medio,Activo,Medio · Activo
824,52.0,617.0,617.0,22.258653846153848,22.328441105906077,0.9998176275465518,640.7479590664786,Medio,Activo,Medio · Activo
825,195.0,637.0,640.0,59.91866666666667,59.90391311164679,0.9998777268635971,6094.342870658023,Alto,Activo,Alto · Activo
826,24.0,661.0,687.0,7.814166666666666,8.068248804410725,0.9989833434831779,99.1456683995577,Bajo,Activo,Bajo · Activo
827,18.0,705.0,707.0,17.49,17.735784325826458,0.9994628299640455,162.03412937834193,Bajo,Activo,Bajo · Activo
828,32.0,441.0,652.0,33.0653125,33.12032538816322,0.00904477209691189,5.097923574724375,Bajo,En riesgo,Bajo · En riesgo
829,31.0,607.0,620.0,50.715483870967745,50.67422902819503,0.9994060911442477,878.4411393259293,Medio,Activo,Medio · Activo
830,127.0,637.0,637.0,13.31755905511811,13.358362457371904,0.9999244890159817,892.7867524798066,Medio,Activo,Medio · Activo
831,151.0,639.0,644.0,58.35913907284768,58.34187755131332,0.9997953134596075,4577.662158410298,Alto,Activo,Alto · Activo
832,13.0,649.0,660.0,36.167692307692306,36.261275614611,0.9991229708713887,263.31687202862804,Bajo,Activo,Bajo · Activo
833,31.0,495.0,601.0,59.53677419354839,59.446524189106,0.8726255397810263,927.6824560439793,Medio,En riesgo,Medio · En riesgo
834,24.0,659.0,663.0,32.779583333333335,32.85484906005831,0.9995500395496966,418.32888668032956,Bajo,Activo,Bajo · Activo
835,16.0,477.0,600.0,16.2525,16.541926526388764,0.9718673671776725,154.9150273075242,Bajo,En riesgo,Bajo · En riesgo
836,63.0,600.0,620.0,23.263333333333335,23.318215338468228,0.9987948188382849,802.1723919004252,Medio,Activo,Medio · Activo
837,34.0,602.0,605.0,22.96,23.062992822977264,0.9996715931567194,447.48396466163337,Bajo,Activo,Bajo · Activo
838,29.0,664.0,665.0,13.092758620689654,13.271965208686352,0.9996629238316654,201.593454513709,Bajo,Activo,Bajo · Activo
839,7.0,604.0,623.0,97.00571428571428,95.70909807512882,0.9984365493144666,430.1205169113259,Bajo,Activo,Bajo · Activo
840,189.0,633.0,633.0,62.19989417989418,62.182584781516496,0.9999491298477877,6199.989075439472,Alto,Activo,Alto · Activo
841,98.0,646.0,646.0,25.998673469387754,26.02916518250254,0.999902368938305,1328.4548949349094,Medio,Activo,Medio · Activo
842,290.0,587.0,598.0,25.950862068965517,25.961206739051782,0.9932772836589483,4160.546028480912,Alto,En riesgo,Alto · En riesgo
843,58.0,685.0,686.0,43.88741379310345,43.88562912991451,0.9998215654064221,1262.193463544689,Medio,Activo,Medio · Activo
844,127.0,631.0,632.0,42.44834645669291,42.449489332339105,0.9999077631751656,2859.0365936989606,Alto,Activo,Alto · Activo
845,106.0,623.0,629.0,47.115,47.10875878696454,0.999751276531694,2666.191287985807,Alto,Activo,Alto · Activo
846,33.0,601.0,628.0,33.31242424242424,33.36448901569841,0.9987409103282987,605.9257300643714,Bajo,Activo,Bajo · Activo
847,46.0,599.0,602.0,31.596739130434784,31.640578658070687,0.9997403852736313,825.7130640918826,Medio,Activo,Medio · Activo
848,21.0,611.0,618.0,125.46380952380953,124.79182164803143,0.9994349765807823,1501.719012045371,Medio,Activo,Medio · Activo
849,60.0,624.0,627.0,75.9,75.80616190891958,0.9997882653461073,2461.653271200659,Alto,Activo,Alto · Activo
850,89.0,659.0,669.0,13.967191011235954,14.024120916195004,0.9995894790528489,628.7969239784051,Bajo,Activo,Bajo · Activo
851,20.0,653.0,702.0,8.3095,8.609711080606806,0.99787899193069,87.20971217141873,Bajo,En riesgo,Bajo · En riesgo
852,88.0,603.0,610.0,21.57409090909091,21.61672914226693,0.9997003885599538,1049.580035189878,Medio,Activo,Medio · Activo
853,450.0,645.0,646.0,29.921022222222224,29.926163233457125,0.9999573511934214,6932.937894353769,Alto,Activo,Alto · Activo
854,35.0,566.0,599.0,15.418285714285714,15.55547486657076,0.9979597497050944,312.8403649773527,Bajo,En riesgo,Bajo · En riesgo
855,188.0,598.0,599.0,29.678297872340426,29.690820227348812,0.9999301997427166,3108.68873007328,Alto,Activo,Alto · Activo
856,157.0,611.0,612.0,32.17420382165605,32.186446533659904,0.9999210785130298,2759.8231686900913,Alto,Activo,Alto · Activo
857,40.0,599.0,607.0,99.94975000000001,99.70554338076472,0.9995952291427055,2254.3675844564336,Alto,Activo,Alto · Activo
858,40.0,640.0,641.0,13.876500000000002,14.003259338753391,0.9997487455216613,300.17228153079645,Bajo,Activo,Bajo · Activo
859,170.0,636.0,637.0,41.441941176470586,41.44381922722897,0.9999263272751947,3696.9727986767875,Alto,Activo,Alto · Activo
860,41.0,560.0,635.0,5.954634146341463,6.1116279013716825,0.95818229042832,129.7822991679106,Bajo,En riesgo,Bajo · En riesgo
861,26.0,668.0,673.0,52.50153846153846,52.44058729301699,0.9995620369644399,709.6416689165429,Medio,Activo,Medio · Activo
862,57.0,675.0,675.0,29.768245614035088,29.809187866114502,0.9998333501572494,856.4341667536016,Medio,Activo,Medio · Activo
863,97.0,676.0,676.0,22.11762886597938,22.155349555368538,0.9999013726711998,1070.551876714315,Medio,Activo,Medio · Activo
864,104.0,690.0,690.0,74.72336538461538,74.67111767319889,0.999907948022228,3787.564651533461,Alto,Activo,Alto · Activo
865,27.0,588.0,604.0,64.64407407407408,64.50799622366438,0.9992687369137081,1005.8064150843916,Medio,Activo,Medio · Activo
866,108.0,663.0,681.0,50.95611111111111,50.94383721718973,0.9984114488261248,2712.820613689785,Alto,Activo,Alto · Activo
867,148.0,680.0,680.0,41.04405405405406,41.046675883100065,0.9999351317269645,2993.379837115606,Alto,Activo,Alto · Activo
868,124.0,615.0,618.0,55.04774193548387,55.03134436741521,0.9998590741533547,3700.178608549398,Alto,Activo,Alto · Activo
869,114.0,646.0,647.0,12.437719298245614,12.484502926337706,0.9998998062305854,738.5457554336217,Medio,Activo,Medio · Activo
870,11.0,328.0,621.0,13.661818181818182,14.120909401760493,0.3430418480611521,32.208530169178836,Bajo,En riesgo,Bajo · En riesgo
871,119.0,599.0,601.0,85.71025210084034,85.64861827733681,0.9998804880103942,5682.834853519138,Alto,Activo,Alto · Activo
872,3.0,646.0,667.0,50.50333333333334,50.10961912879173,0.9972177856752878,110.94245206476272,Bajo,En riesgo,Bajo · En riesgo
873,78.0,617.0,630.0,37.369230769230775,37.382339488409315,0.9993762090364313,1561.4349873635815,Medio,Activo,Medio · Activo
874,4.0,532.0,686.0,38.25,38.45901564171572,0.9924637122121326,100.89922309529302,Bajo,En riesgo,Bajo · En riesgo
875,64.0,642.0,664.0,22.47921875,22.53536110981075,0.9986980526607935,735.9371837534395,Medio,Activo,Medio · Activo
876,165.0,602.0,605.0,35.70036363636364,35.70831711006106,0.999868688001264,3252.7135721978207,Alto,Activo,Alto · Activo
877,55.0,611.0,622.0,59.73654545454546,59.684926771567135,0.9995353325791293,1794.0767959433845,Alto,Activo,Alto · Activo
878,146.0,619.0,621.0,40.74582191780822,40.74883287493617,0.9998950380849088,3205.133519988038,Alto,Activo,Alto · Activo
879,87.0,624.0,631.0,27.686436781609192,27.717423907081056,0.9997101345922168,1287.2862488838252,Medio,Activo,Medio · Activo
880,8.0,590.0,628.0,23.743750000000002,24.15777543369042,0.998081436421396,120.4006039795053,Bajo,En riesgo,Bajo · En riesgo
881,134.0,619.0,619.0,31.72022388059702,31.735151073458198,0.9999284044910112,2300.3761374779574,Alto,Activo,Alto · Activo
882,190.0,601.0,610.0,23.69789473684211,23.715730210140567,0.9991706632981578,2463.030274584882,Alto,Activo,Alto · Activo
883,258.0,671.0,672.0,39.26968992248062,39.27238462978857,0.9999454077577015,5029.989108285127,Alto,Activo,Alto · Activo
884,51.0,695.0,697.0,12.79235294117647,12.895532690478072,0.9997843643996738,322.13786759428757,Bajo,Activo,Bajo · Activo
885,69.0,642.0,644.0,37.426811594202896,37.4414817406725,0.9998286939882428,1357.7887451149954,Medio,Activo,Medio · Activo
886,169.0,693.0,695.0,28.6810650887574,28.69601446800146,0.9999077600427242,2336.003353254948,Alto,Activo,Alto · Activo
887,43.0,689.0,706.0,20.61232558139535,20.703263337973368,0.9993612907979227,432.6390031273477,Bajo,Activo,Bajo · Activo
888,76.0,694.0,699.0,111.78907894736841,111.63337539781354,0.9997829200343159,4105.910719468328,Alto,Activo,Alto · Activo
889,186.0,674.0,674.0,69.66870967741934,69.64417532960739,0.9999483137354455,6425.966925621181,Alto,Activo,Alto · Activo
890,28.0,626.0,643.0,36.574285714285715,36.61554443881813,0.9992756025440561,555.7700416925286,Bajo,Activo,Bajo · Activo
891,92.0,634.0,634.0,75.58304347826088,75.52237879590255,0.9998960699483852,3689.2164211193026,Alto,Activo,Alto · Activo
892,21.0,532.0,638.0,19.895714285714284,20.08700115282119,0.9763462836647513,228.87043463930354,Bajo,En riesgo,Bajo · En riesgo
893,96.0,651.0,653.0,46.9884375,46.98177518306311,0.9998662729273535,2324.7776123326976,Alto,Activo,Alto · Activo
894,24.0,631.0,658.0,43.977916666666665,43.97297360686112,0.9988960391104671,563.7023996050924,Bajo,Activo,Bajo · Activo
895,179.0,680.0,691.0,48.401005586592184,48.39606449794158,0.9990704874032313,4191.02969384554,Alto,Activo,Alto · Activo
896,102.0,655.0,660.0,50.64068627450981,50.628226126413914,0.9997964510892146,2631.5415143117807,Alto,Activo,Alto · Activo
897,57.0,641.0,642.0,14.683333333333334,14.769958350654075,0.9998177192063593,445.7608932046735,Bajo,Activo,Bajo · Activo
898,256.0,605.0,605.0,32.59046875,32.59769883151025,0.9999623918775892,4593.03687086879,Alto,Activo,Alto · Activo
899,10.0,591.0,664.0,23.192,23.534020151342762,0.9967397569374092,134.32844831081132,Bajo,En riesgo,Bajo · En riesgo
900,520.0,649.0,649.0,31.547211538461536,31.551119437292204,0.9999814486988816,8404.58813419378,Alto,Activo,Alto · Activo
901,63.0,605.0,607.0,43.787301587301585,43.78593255822189,0.999813851649855,1539.4998336188414,Medio,Activo,Medio · Activo
902,9.0,581.0,686.0,13.693333333333335,14.25192436305723,0.994677464564619,71.76242678395084,Bajo,En riesgo,Bajo · En riesgo
903,69.0,637.0,647.0,42.49260869565218,42.494599055555675,0.9995935363895243,1533.6580182647185,Medio,Activo,Medio · Activo
904,29.0,687.0,688.0,30.317586206896554,30.394563977899487,0.9996634245785846,446.5024901980988,Bajo,Activo,Bajo · Activo
905,28.0,643.0,694.0,27.131785714285712,27.23107454523666,0.9969571895692583,382.5716807834314,Bajo,En riesgo,Bajo · En riesgo
906,289.0,659.0,659.0,24.245813148788926,24.257214485896007,0.9999666714686882,3545.5306477432378,Alto,Activo,Alto · Activo
907,83.0,702.0,705.0,23.316506024096384,23.358080289620155,0.9998359212966533,928.9590987660839,Medio,Activo,Medio · Activo
908,177.0,615.0,619.0,34.02813559322034,34.03718455296996,0.9998306423722516,3250.093720459522,Alto,Activo,Alto · Activo
909,334.0,644.0,644.0,37.16832335329341,37.17149397079411,0.9999711484773612,6418.413725901399,Alto,Activo,Alto · Activo
910,31.0,585.0,654.0,36.976451612903226,37.01150602671916,0.9894950214731646,602.7944805106716,Bajo,En riesgo,Bajo · En riesgo
911,70.0,608.0,628.0,52.65457142857143,52.63146030774348,0.9986781799328901,1981.8558992039966,Alto,Activo,Alto · Activo
912,15.0,525.0,620.0,73.618,73.27190006100825,0.9911818373769838,638.870772803328,Medio,En riesgo,Medio · En riesgo
913,67.0,681.0,689.0,26.307462686567163,26.35123022387473,0.9996876356002966,868.7421814020187,Medio,Activo,Medio · Activo
914,57.0,628.0,630.0,31.945964912280704,31.980312214544565,0.9997999224385671,983.2028001465076,Medio,Activo,Medio · Activo
915,113.0,632.0,636.0,8.444778761061947,8.498084502889219,0.9998274947911926,506.79345179651773,Bajo,Activo,Bajo · Activo
916,157.0,612.0,615.0,23.83407643312102,23.855506616582392,0.9998689631985969,2035.5908821319836,Alto,Activo,Alto · Activo
917,24.0,477.0,620.0,20.26625,20.43114328577708,0.7870899991404593,218.78959960267616,Bajo,En riesgo,Bajo · En riesgo
918,109.0,592.0,698.0,28.740733944954126,28.76380465856942,0.0001911321245152896,0.2888159939977153,Bajo,En riesgo,Bajo · En riesgo
919,110.0,593.0,594.0,13.261454545454546,13.308642188523825,0.9998952783480515,826.5176553411859,Medio,Activo,Medio · Activo
920,176.0,661.0,662.0,33.35602272727272,33.36578359870316,0.9999288908485954,2966.235298659519,Alto,Activo,Alto · Activo
921,7.0,549.0,655.0,13.282857142857143,14.007101194951371,0.9947715989091908,59.70768530501801,Bajo,En riesgo,Bajo · En riesgo
922,120.0,658.0,671.0,26.759083333333333,26.78289737849017,0.9991719003125861,1606.9713570179247,Medio,Activo,Medio · Activo
923,97.0,663.0,666.0,34.02628865979381,34.04279067239886,0.9998472334676684,1669.1347904708186,Medio,Activo,Medio · Activo
924,93.0,705.0,708.0,24.690537634408606,24.725096521907318,0.9998473391282117,1095.1737179853283,Medio,Activo,Medio · Activo
925,71.0,607.0,667.0,6.7511267605633805,6.8400088850922875,0.8998983796750943,221.8135029386345,Bajo,En riesgo,Bajo · En riesgo
926,204.0,699.0,706.0,35.58877450980392,35.59530338503651,0.9996456959399098,3438.165199713642,Alto,Activo,Alto · Activo
927,40.0,664.0,678.0,37.841,37.864475058210715,0.9994475820695,767.8905529584661,Medio,Activo,Medio · Activo
928,116.0,647.0,652.0,30.764741379310344,30.783405436996617,0.9997988813353766,1838.4566633577313,Alto,Activo,Alto · Activo
929,204.0,630.0,635.0,26.086862745098042,26.10144937489215,0.9997670578074037,2798.2430238669067,Alto,Activo,Alto · Activo
930,41.0,645.0,645.0,22.85487804878049,22.940802736083096,0.9997698597769531,500.5595919067415,Bajo,Activo,Bajo · Activo
931,35.0,574.0,617.0,135.428,134.97443484992735,0.99643806294614,2632.7778088323143,Alto,En riesgo,Alto · En riesgo
932,132.0,683.0,703.0,44.19681818181819,44.195627393270776,0.9967794114472117,2776.6051328090484,Alto,En riesgo,Alto · En riesgo
933,52.0,603.0,656.0,41.55480769230769,41.56055877205408,0.9849205953890443,1106.2569257999785,Medio,En riesgo,Medio · En riesgo
934,148.0,673.0,676.0,72.17486486486486,72.14111005276013,0.9998751789725423,5291.2589836864045,Alto,Activo,Alto · Activo
935,51.0,649.0,670.0,30.294117647058822,30.338081076550903,0.9990381444433603,787.2867581999303,Medio,Activo,Medio · Activo
936,298.0,645.0,645.0,23.78909395973154,23.800416366518284,0.9999676746791168,3663.006990298211,Alto,Activo,Alto · Activo
937,62.0,628.0,631.0,26.338709677419356,26.385910007793566,0.9997934310328646,879.2090845684144,Medio,Activo,Medio · Activo
938,25.0,591.0,660.0,64.354,64.2091059363397,0.9934572132826928,848.2488268356028,Medio,En riesgo,Medio · En riesgo
939,107.0,625.0,627.0,48.89252336448598,48.88346873960086,0.9998741668053731,2801.465587257197,Alto,Activo,Alto · Activo
940,62.0,578.0,608.0,19.416129032258063,19.482607579582382,0.9964125107580899,670.9977641577846,Medio,En riesgo,Medio · En riesgo
941,100.0,611.0,612.0,21.35,21.38791781299794,0.9998873481755841,1174.2052575634755,Medio,Activo,Medio · Activo
942,183.0,596.0,627.0,31.974371584699455,31.985065427593984,0.6589810488995139,2054.581912258581,Alto,En riesgo,Alto · En riesgo
943,96.0,626.0,658.0,35.2496875,35.264158599118836,0.9882609619491358,1711.831621271819,Alto,En riesgo,Alto · En riesgo
944,89.0,631.0,641.0,31.31573033707865,31.33897571140707,0.999564936470682,1465.374562813505,Medio,Activo,Medio · Activo
945,47.0,636.0,644.0,39.34106382978723,39.35554968398711,0.99963459067038,981.4178757940296,Medio,Activo,Medio · Activo
946,116.0,686.0,688.0,21.676379310344828,21.70858844693287,0.9998843097649924,1229.8963139273192,Medio,Activo,Medio · Activo
947,198.0,701.0,702.0,11.580555555555557,11.608257818997371,0.9999357281070239,1094.920973795983,Medio,Activo,Medio · Activo
948,1.0,320.0,659.0,14.35,18.620872246285227,0.9730298354845783,22.471267862312786,Bajo,En riesgo,Bajo · En riesgo
949,118.0,591.0,595.0,48.62169491525423,48.613879933888064,0.9998207301163479,3230.2212472755023,Alto,Activo,Alto · Activo
950,50.0,527.0,628.0,40.51,40.51958583919877,0.42776416986301236,470.6387182970671,Bajo,En riesgo,Bajo · En riesgo
951,16.0,693.0,693.0,37.1,37.166243457993396,0.9994313560221177,310.70327906572106,Bajo,Activo,Bajo · Activo
952,99.0,607.0,610.0,21.612020202020204,21.649862905895457,0.9998427268998858,1180.6047249905587,Medio,Activo,Medio · Activo
953,98.0,679.0,690.0,24.96204081632653,24.99436077214249,0.9995288865130982,1195.216446910891,Medio,Activo,Medio · Activo
954,48.0,635.0,652.0,51.94375,51.91263915523739,0.9992867331527333,1304.8900075094764,Medio,Activo,Medio · Activo
955,196.0,653.0,653.0,20.657806122448978,20.67777926473658,0.9999509374453337,2073.1724035245243,Alto,Activo,Alto · Activo
956,417.0,660.0,660.0,24.49822541966427,24.50602375819181,0.9999768774110676,5152.716347127198,Alto,Activo,Alto · Activo
957,374.0,681.0,681.0,10.038930481283423,10.054315776238917,0.9999742259987657,1839.3185171614182,Alto,Activo,Alto · Activo
958,9.0,603.0,607.0,25.054444444444446,25.39859618525205,0.9989652096083952,144.83736828312422,Bajo,Activo,Bajo · Activo
959,52.0,601.0,604.0,19.970576923076923,20.04795739061976,0.9997630973672478,587.4198025383083,Bajo,Activo,Bajo · Activo
960,98.0,677.0,678.0,24.772551020408162,24.805205167256315,0.999887184955911,1207.2387706420834,Medio,Activo,Medio · Activo
961,67.0,593.0,606.0,58.07955223880597,58.04142583531738,0.9993887681321023,2169.930096829888,Alto,Activo,Alto · Activo
962,47.0,580.0,599.0,31.165744680851063,31.210236774306445,0.9990662136025754,835.1638155415275,Medio,Activo,Medio · Activo
963,39.0,556.0,679.0,48.782820512820514,48.75853299291409,0.5931314072730056,571.8439270036728,Bajo,En riesgo,Bajo · En riesgo
964,68.0,606.0,610.0,29.87602941176471,29.9100917309238,0.9997804924994909,1127.6910240971679,Medio,Activo,Medio · Activo
965,44.0,698.0,705.0,39.519090909090906,39.53386276633903,0.9996641863527789,846.1593912870946,Medio,Activo,Medio · Activo
966,15.0,564.0,621.0,12.740666666666668,13.089241871951955,0.9971382725284967,114.63183691860657,Bajo,En riesgo,Bajo · En riesgo
967,8.0,577.0,622.0,31.4725,31.722797837934596,0.997842112716384,159.562555560662,Bajo,En riesgo,Bajo · En riesgo
968,156.0,676.0,676.0,62.36403846153847,62.34288954019067,0.9999384371824934,4817.649662125838,Alto,Activo,Alto · Activo
969,7.0,624.0,651.0,38.465714285714284,38.58210718416354,0.9982810176058461,166.0390783812793,Bajo,Activo,Bajo · Activo
970,14.0,606.0,617.0,47.86071428571429,47.80485063564101,0.9991529636881054,396.53406852052495,Bajo,Activo,Bajo · Activo
971,117.0,661.0,661.0,31.27957264957265,31.297316677186576,0.9999180896105029,1860.0660309773903,Alto,Activo,Alto · Activo
972,170.0,619.0,620.0,24.489176470588234,24.508303014891915,0.999925798595467,2245.0768961595068,Alto,Activo,Alto · Activo
973,71.0,615.0,616.0,188.21225352112677,187.85969825142863,0.9998492833035204,7318.591171817666,Alto,Activo,Alto · Activo
974,36.0,642.0,643.0,55.10527777777778,55.04871372775217,0.9997233347700758,1062.900126901205,Medio,Activo,Medio · Activo
975,161.0,602.0,602.0,29.368757763975154,29.383710411516706,0.9999403373061221,2625.237832041659,Alto,Activo,Alto · Activo
976,75.0,638.0,643.0,81.8484,81.75958571565796,0.9997712171237231,3222.145682209909,Alto,Activo,Alto · Activo
977,31.0,583.0,597.0,31.122903225806454,31.19046938553251,0.9993563106131369,561.0886611890526,Bajo,Activo,Bajo · Activo
978,69.0,601.0,601.0,41.05826086956522,41.06384142937844,0.99986191997768,1593.702036561221,Medio,Activo,Medio · Activo
979,171.0,686.0,687.0,75.01093567251462,74.97884770242851,0.9999280315973774,6246.098757394386,Alto,Activo,Alto · Activo
980,25.0,628.0,642.0,52.0824,52.0219104017232,0.9993401403700184,710.3497673853952,Medio,Activo,Medio · Activo
981,31.0,610.0,631.0,42.95741935483871,42.959254310872254,0.9991105536497399,731.7409137760072,Medio,Activo,Medio · Activo
982,298.0,644.0,645.0,62.87020134228188,62.858830326878696,0.999948938906276,9674.117345204717,Alto,Activo,Alto · Activo
983,169.0,647.0,647.0,22.366686390532543,22.388098274343996,0.999943145013938,1955.3646420344285,Alto,Activo,Alto · Activo
984,26.0,613.0,640.0,45.77153846153846,45.755107877872504,0.9988539502283132,650.0590550917608,Medio,Activo,Medio · Activo
985,96.0,707.0,709.0,21.379895833333332,21.419336889040217,0.9998693042614323,977.5421359439856,Medio,Activo,Medio · Activo
986,83.0,667.0,680.0,21.910481927710844,21.95498311632144,0.9994272772781687,904.3412742827469,Medio,Activo,Medio · Activo
987,68.0,671.0,681.0,33.67,33.69442664058807,0.9996147647639431,1139.987524327925,Medio,Activo,Medio · Activo
988,130.0,701.0,701.0,44.943384615384616,44.941182532574835,0.9999262183164268,2797.7427607667287,Alto,Activo,Alto · Activo
989,147.0,661.0,665.0,31.61469387755102,31.62842668221015,0.9998422926242172,2341.6714755415856,Alto,Activo,Alto · Activo
990,14.0,485.0,626.0,16.305,16.634626725221807,0.9699309882246057,132.05608213144797,Bajo,En riesgo,Bajo · En riesgo
991,23.0,621.0,667.0,61.27695652173912,61.14254771660809,0.9977545102914438,742.1906626046817,Medio,En riesgo,Medio · En riesgo
992,80.0,607.0,607.0,9.590625,9.663397307472447,0.9998806723094144,429.38993367684907,Bajo,Activo,Bajo · Activo
993,114.0,602.0,610.0,26.410087719298247,26.43568248064143,0.9996240664518999,1656.4595258918725,Medio,Activo,Medio · Activo
994,19.0,684.0,692.0,30.08842105263158,30.207617035196662,0.9993890773267939,296.31722363278715,Bajo,Activo,Bajo · Activo
995,20.0,633.0,641.0,60.49249999999999,60.34483573414913,0.999399971281069,669.3814289154504,Medio,Activo,Medio · Activo
996,125.0,697.0,697.0,17.6784,17.71382336178648,0.999923290399194,1066.7887262727286,Medio,Activo,Medio · Activo
997,85.0,678.0,678.0,54.26141176470588,54.239104368611564,0.9998876102180508,2294.736051400986,Alto,Activo,Alto · Activo
998,188.0,608.0,616.0,44.04074468085106,44.040051875105966,0.9994165822554398,4483.908022763111,Alto,Activo,Alto · Activo
999,45.0,692.0,704.0,47.622888888888895,47.606273132079814,0.9995385118244813,1042.6718653364273,Medio,Activo,Medio · Activo
1000,126.0,657.0,662.0,32.72174603174603,32.73624533881087,0.9998029964570143,2090.047415946731,Alto,Activo,Alto · Activo
1001,78.0,694.0,695.0,51.83025641025641,51.81133614392313,0.9998630554701337,1966.0580556674388,Alto,Activo,Alto · Activo
1002,27.0,638.0,638.0,35.14074074074074,35.1926520842319,0.9996547768161065,520.2113841273799,Bajo,Activo,Bajo · Activo
1003,46.0,655.0,683.0,54.75,54.70701860587043,0.9985474304661912,1259.722960361157,Medio,Activo,Medio · Activo
1004,210.0,626.0,628.0,17.56661904761905,17.587808279465065,0.9999110738501333,1962.102713351725,Alto,Activo,Alto · Activo
1005,165.0,596.0,596.0,14.76460606060606,14.794505308397133,0.999941774988472,1367.7059718530095,Medio,Activo,Medio · Activo
1006,9.0,609.0,658.0,15.5,16.024490464073246,0.9978580380172418,84.32945885397793,Bajo,En riesgo,Bajo · En riesgo
1007,111.0,636.0,638.0,12.113243243243243,12.161794665371783,0.9998778616721715,710.4529442545096,Medio,Activo,Medio · Activo
1008,34.0,612.0,633.0,14.886176470588236,15.030076139811662,0.9991047833918558,278.8016268879654,Bajo,Activo,Bajo · Activo
1009,21.0,517.0,642.0,5.591904761904762,5.900159899217674,0.9503702789231725,65.03724084116944,Bajo,En riesgo,Bajo · En riesgo
1010,68.0,624.0,625.0,36.277794117647055,36.295597653149656,0.9998437278978036,1336.2907719358404,Medio,Activo,Medio · Activo
1011,133.0,661.0,668.0,26.176616541353386,26.198863203631838,0.9997091837318959,1748.7880072353696,Alto,Activo,Alto · Activo
1012,97.0,614.0,652.0,23.585979381443302,23.621083785244252,0.9679505706258172,1144.85391774138,Medio,En riesgo,Medio · En riesgo
1013,28.0,654.0,660.0,30.86285714285714,30.93921619122348,0.9995656508918244,457.8609243278288,Bajo,Activo,Bajo · Activo
1014,135.0,640.0,648.0,30.979111111111113,30.994877156449306,0.9996233328358464,2163.1592501263085,Alto,Activo,Alto · Activo
1015,102.0,664.0,665.0,36.90960784313726,36.92041625749906,0.999890617704269,1905.0422346980013,Alto,Activo,Alto · Activo
1016,32.0,651.0,708.0,94.476875,94.20139788391991,0.995364178792222,1471.5201217751414,Medio,En riesgo,Medio · En riesgo
1017,59.0,672.0,682.0,57.39576271186441,57.354482533739386,0.9996119011550445,1686.6277452858455,Alto,Activo,Alto · Activo
1018,141.0,671.0,675.0,15.004609929078015,15.03929781629038,0.999843333699289,1052.9079648291608,Medio,Activo,Medio · Activo
1019,39.0,691.0,699.0,38.400000000000006,38.42160359364367,0.9996177042631386,738.0579397415897,Medio,Activo,Medio · Activo
1020,152.0,626.0,626.0,62.01486842105263,61.99356086596618,0.9999368276641808,5034.982179405352,Alto,Activo,Alto · Activo
1021,86.0,607.0,610.0,22.9653488372093,23.006181307245207,0.9998302632435863,1092.2136506118545,Medio,Activo,Medio · Activo
1022,33.0,539.0,669.0,7.856969696969698,8.041894977334021,0.6998742928880237,96.18002105879566,Bajo,En riesgo,Bajo · En riesgo
1023,357.0,603.0,604.0,107.2975630252101,107.26653392870296,0.9999515977241955,21076.871076084113,Alto,Activo,Alto · Activo
1024,119.0,632.0,636.0,77.81840336134454,77.76823527593248,0.999829903055518,4880.9181557452175,Alto,Activo,Alto · Activo
1025,58.0,651.0,666.0,58.667068965517245,58.62129536853697,0.9993787852279329,1734.986275246124,Alto,Activo,Alto · Activo
1026,23.0,424.0,704.0,17.658695652173915,17.850187388056913,0.012720783106694333,2.619723772432843,Bajo,En riesgo,Bajo · En riesgo
1027,36.0,656.0,657.0,29.30833333333333,29.375245607352525,0.9997236676410749,555.3147712186212,Bajo,Activo,Bajo · Activo
1028,11.0,524.0,677.0,9.836363636363636,10.354735019793932,0.981751155941619,62.097717625954346,Bajo,En riesgo,Bajo · En riesgo
1029,236.0,615.0,618.0,57.7360593220339,57.725467104216214,0.9998729819758176,7346.222774725631,Alto,Activo,Alto · Activo
1030,29.0,583.0,630.0,41.59310344827586,41.60316137449021,0.9967252165240517,664.4315842168681,Medio,En riesgo,Medio · En riesgo
1031,122.0,488.0,642.0,34.35081967213115,34.36348499725592,4.6769525741683077e-11,1.0245006762018691e-07,Bajo,En riesgo,Bajo · En riesgo
1032,85.0,563.0,618.0,28.958,28.987129892653606,0.7640935018407108,1026.460603848177,Medio,En riesgo,Medio · En riesgo
1033,25.0,562.0,633.0,52.458,52.39492701266243,0.9918604839526965,719.9998706970047,Medio,En riesgo,Medio · En riesgo
1034,63.0,649.0,662.0,13.033174603174604,13.11609490000972,0.9994686512878966,423.3676787793486,Bajo,Activo,Bajo · Activo
1035,2.0,195.0,499.0,68.55,66.53727282874804,0.9300361763857788,141.6782363910886,Bajo,En riesgo,Bajo · En riesgo
1036,24.0,555.0,608.0,46.8225,46.79718242815234,0.9962276549342355,646.5710274598615,Medio,En riesgo,Medio · En riesgo
1037,30.0,690.0,690.0,35.586666666666666,35.63085781975084,0.9996881888808485,539.0789752641492,Bajo,Activo,Bajo · Activo
1038,219.0,620.0,629.0,7.313059360730593,7.3414785640808695,0.9990013401438891,851.767672321479,Medio,Activo,Medio · Activo
1039,74.0,600.0,602.0,69.8091891891892,69.74728053375208,0.9998350541610893,2894.192206188554,Alto,Activo,Alto · Activo
1040,222.0,662.0,663.0,25.438873873873874,25.452783709674314,0.9999395904696893,2845.0978941195326,Alto,Activo,Alto · Activo
1041,185.0,636.0,636.0,38.65772972972973,38.662058958398994,0.9999480358476318,3756.408188514023,Alto,Activo,Alto · Activo
1042,218.0,670.0,675.0,24.165825688073394,24.181000835707156,0.9997799934757473,2607.7580792454514,Alto,Activo,Alto · Activo
1043,15.0,559.0,602.0,55.742,55.59988424032671,0.9979998431940307,502.4346801801845,Bajo,En riesgo,Bajo · En riesgo
1044,18.0,652.0,657.0,22.71666666666667,22.912654764818303,0.9994110842675351,224.96763810818268,Bajo,Activo,Bajo · Activo
1045,220.0,638.0,639.0,22.177727272727275,22.194327991265787,0.999938480618307,2549.335372052464,Alto,Activo,Alto · Activo
1046,139.0,644.0,660.0,30.57410071942446,30.589917492958893,0.9979509013944686,2154.610154628932,Alto,En riesgo,Alto · En riesgo
1047,71.0,595.0,601.0,14.291267605633804,14.361806957877688,0.9997257490464951,573.1290684441003,Bajo,Activo,Bajo · Activo
1048,87.0,588.0,651.0,21.99551724137931,22.037807566544505,0.5652930095959309,561.2846234264672,Bajo,En riesgo,Bajo · En riesgo
1049,43.0,604.0,610.0,16.13325581395349,16.242156444671235,0.9996616457942253,391.93542332785415,Bajo,Activo,Bajo · Activo
1050,108.0,593.0,595.0,47.01694444444444,47.01097557193862,0.9998726311312262,2862.3858260046068,Alto,Activo,Alto · Activo
1051,45.0,631.0,645.0,50.23177777777777,50.20516255192442,0.9994272356712486,1198.2350485414418,Medio,Activo,Medio · Activo
1052,6.0,152.0,632.0,33.85166666666667,34.11632716501029,0.024632334836527887,3.2890446505955246,Bajo,En riesgo,Bajo · En riesgo
1053,95.0,600.0,604.0,48.21978947368421,48.210817044092835,0.9998109810097895,2548.8614099767483,Alto,Activo,Alto · Activo
1054,39.0,590.0,612.0,26.274871794871796,26.350067342126117,0.9989644980601822,576.3887798574491,Bajo,Activo,Bajo · Activo
1055,76.0,642.0,656.0,15.681842105263158,15.744590480695908,0.9993503224967277,616.11237232769,Bajo,Activo,Bajo · Activo
1056,52.0,681.0,690.0,88.93326923076923,88.78179023680943,0.999635972707431,2282.2971979615754,Alto,Activo,Alto · Activo
1057,174.0,656.0,657.0,46.64022988505747,46.63689730065263,0.9999281514078496,4129.96312952888,Alto,Activo,Alto · Activo
1058,365.0,648.0,648.0,8.954767123287672,8.971045642562535,0.9999735922064366,1681.9233098180803,Medio,Activo,Medio · Activo
1059,3.0,521.0,677.0,12.96,14.614828478518646,0.9924088793158005,31.733682570304524,Bajo,En riesgo,Bajo · En riesgo
1060,61.0,671.0,710.0,97.66737704918033,97.51346353508671,0.9949838894583974,2834.337187243444,Alto,En riesgo,Alto · En riesgo
1061,107.0,622.0,624.0,56.78158878504673,56.75978911881943,0.9998739635823803,3268.1985667631398,Alto,Activo,Alto · Activo
1062,194.0,640.0,640.0,7.672061855670104,7.703819943993482,0.999950434231577,779.8178981908187,Medio,Activo,Medio · Activo
1063,49.0,537.0,627.0,26.385714285714286,26.445227553938743,0.7049001375660892,497.1079473880287,Bajo,En riesgo,Bajo · En riesgo
1064,42.0,600.0,603.0,73.0102380952381,72.88821269509988,0.9997218488464188,1738.9722223736496,Alto,Activo,Alto · Activo
1065,47.0,669.0,675.0,102.0695744680851,101.85382506613604,0.9996916902224724,2425.4429442923624,Alto,Activo,Alto · Activo
1066,216.0,610.0,613.0,14.393055555555556,14.416198502617235,0.9998728753097936,1693.5531524251837,Alto,Activo,Alto · Activo
1067,57.0,669.0,678.0,64.25122807017544,64.18774293394449,0.9996404044607278,1835.7740413904708,Alto,Activo,Alto · Activo
1068,69.0,615.0,626.0,18.667536231884057,18.729161201645155,0.999528506856981,698.1590715686717,Medio,Activo,Medio · Activo
1069,51.0,612.0,642.0,65.45882352941176,65.3838089869947,0.997808246310736,1767.2272367125718,Alto,En riesgo,Alto · En riesgo
1070,146.0,673.0,676.0,35.40171232876712,35.41105336922342,0.9998745839967902,2562.5019951973195,Alto,Activo,Alto · Activo
1071,70.0,600.0,606.0,29.255714285714287,29.290336331432055,0.9997261913196624,1143.414217423244,Medio,Activo,Medio · Activo
1072,52.0,591.0,601.0,50.34576923076923,50.322346642022424,0.9995597537774402,1481.3990048526907,Medio,Activo,Medio · Activo
1073,110.0,600.0,601.0,27.157545454545453,27.182894810793496,0.9998954994919491,1668.8770735937294,Medio,Activo,Medio · Activo
1074,119.0,589.0,593.0,65.25504201680673,65.22312671543551,0.9998205663043005,4384.576399111429,Alto,Activo,Alto · Activo
1075,57.0,639.0,661.0,25.49298245614035,25.546871806588832,0.9988327489191977,748.498750111885,Medio,Activo,Medio · Activo
1076,79.0,613.0,613.0,28.04379746835443,28.07713416549242,0.9998791806549903,1220.4475368993485,Medio,Activo,Medio · Activo
1077,35.0,428.0,434.0,42.48028571428571,42.48426070948725,0.9995593553966134,1172.590193343549,Medio,Activo,Medio · Activo
1078,214.0,596.0,597.0,32.13163551401869,32.140654365971585,0.9999358898949448,3839.588082826555,Alto,Activo,Alto · Activo
1079,42.0,580.0,629.0,23.12761904761905,23.21038657091839,0.9928628094310016,527.640783054983,Bajo,En riesgo,Bajo · En riesgo
1080,49.0,668.0,691.0,43.14163265306122,43.14214729055912,0.9989612419463488,1044.6213137012905,Medio,Activo,Medio · Activo
1081,123.0,629.0,641.0,82.86544715447155,82.80981374323966,0.9992122495377672,5325.493144105139,Alto,Activo,Alto · Activo
1082,127.0,691.0,691.0,15.86732283464567,15.904654824581389,0.9999244890159817,981.2898702386389,Medio,Activo,Medio · Activo
1083,47.0,685.0,702.0,28.819148936170212,28.872253844864744,0.9993512388966944,661.3028393116708,Medio,Activo,Medio · Activo
1084,161.0,659.0,659.0,14.655838509316771,14.686596642077077,0.9999403373061221,1200.6470783936606,Medio,Activo,Medio · Activo
1085,95.0,593.0,602.0,49.94052631578948,49.928423472721455,0.9995802800513247,2647.6602268197726,Alto,Activo,Alto · Activo
1086,27.0,624.0,635.0,42.544074074074075,42.54881289472558,0.9994370315204282,631.7284353906267,Bajo,Activo,Bajo · Activo
1087,113.0,572.0,594.0,26.402300884955753,26.428133715036804,0.9941292493447315,1675.7432320714079,Medio,En riesgo,Medio · En riesgo
1088,87.0,669.0,669.0,16.228850574712645,16.282594547120155,0.9998901646220243,714.1341845878733,Medio,Activo,Medio · Activo
1089,79.0,660.0,667.0,29.014556962025317,29.0457707304024,0.9997213868074747,1161.9268525219743,Medio,Activo,Medio · Activo
1090,10.0,592.0,621.0,29.092000000000002,29.333605156277397,0.9984942865466772,179.12337050884156,Bajo,Activo,Bajo · Activo
1091,103.0,580.0,625.0,54.40223300970874,54.38358112991578,0.8336133223529549,2510.460449737639,Alto,En riesgo,Alto · En riesgo
1092,36.0,623.0,628.0,25.620555555555555,25.705119270615555,0.9996493124543195,507.9224676786652,Bajo,Activo,Bajo · Activo
1093,25.0,633.0,633.0,39.3696,39.39654945510885,0.9996282179931069,545.6187464864098,Bajo,Activo,Bajo · Activo
1094,84.0,690.0,692.0,70.1604761904762,70.10519986594637,0.9998549180731985,2873.281152592561,Alto,Activo,Alto · Activo
1095,28.0,625.0,692.0,19.427857142857142,19.574491464392228,0.9936487293083994,274.8699511539806,Bajo,En riesgo,Bajo · En riesgo
1096,40.0,679.0,705.0,14.59875,14.7223965230626,0.9989069377515353,287.16818821670785,Bajo,Activo,Bajo · Activo
1097,126.0,665.0,671.0,69.6934126984127,69.657177461079,0.9997651068933051,4388.479819860993,Alto,Activo,Alto · Activo
1098,280.0,661.0,661.0,33.86975,33.875570171652996,0.9999656039949552,4783.701497617378,Alto,Activo,Alto · Activo
1099,26.0,549.0,612.0,25.77423076923077,25.890087233707057,0.9933343375654704,382.2167097945912,Bajo,En riesgo,Bajo · En riesgo
1100,22.0,589.0,597.0,12.956363636363637,13.193210309466936,0.9994264603873855,171.55071321149623,Bajo,Activo,Bajo · Activo
1101,14.0,583.0,633.0,12.743571428571428,13.116705216385958,0.9977521697337653,105.9525519972068,Bajo,En riesgo,Bajo · En riesgo
1102,75.0,680.0,698.0,29.945466666666665,29.97619722780469,0.9990908222562583,1089.0800052791349,Medio,Activo,Medio · Activo
1103,174.0,592.0,595.0,34.95195402298851,34.96024049660565,0.999867981760395,3412.0664837776835,Alto,Activo,Alto · Activo
1104,111.0,652.0,665.0,30.060090090090092,30.080690989718835,0.9992329236996523,1686.0256867474568,Alto,Activo,Alto · Activo
1105,5.0,625.0,648.0,88.58200000000001,87.06603230838452,0.9979726549797779,287.3709439844554,Bajo,En riesgo,Bajo · En riesgo
1106,36.0,675.0,684.0,18.61888888888889,18.736965877741795,0.9995742031619813,340.411266835039,Bajo,Activo,Bajo · Activo
1107,20.0,639.0,702.0,40.3135,40.339027705024115,0.996651802673476,408.10064236591353,Bajo,En riesgo,Bajo · En riesgo
1108,21.0,608.0,642.0,13.290952380952382,13.53624916575545,0.9985394824668151,156.7722034025189,Bajo,Activo,Bajo · Activo
1109,81.0,623.0,643.0,37.48432098765432,37.49669974774475,0.9984725190391316,1591.6304387669277,Medio,Activo,Medio · Activo
1110,123.0,696.0,699.0,44.75390243902439,44.75184156138633,0.999867926212539,2644.880999543908,Alto,Activo,Alto · Activo
1111,261.0,675.0,679.0,72.25226053639847,72.23305887982056,0.9998301582434992,9262.646131280044,Alto,Activo,Alto · Activo
1112,44.0,580.0,615.0,41.775681818181816,41.78160870879838,0.9970637656635085,1020.0148334442182,Medio,En riesgo,Medio · En riesgo
1113,158.0,639.0,640.0,27.31512658227848,27.332610804475173,0.9999223113384692,2257.1064986127553,Alto,Activo,Alto · Activo
1114,39.0,684.0,685.0,24.446153846153845,24.52943215886983,0.9997438685829799,480.72468587640066,Bajo,Activo,Bajo · Activo
1115,41.0,659.0,662.0,40.541463414634144,40.55301230354637,0.9997217562848587,862.4847103932436,Medio,Activo,Medio · Activo
1116,50.0,693.0,708.0,54.787200000000006,54.747516878612885,0.9994388793669109,1320.5991607453634,Medio,Activo,Medio · Activo
1117,154.0,691.0,692.0,23.537337662337663,23.559518095819627,0.9999221860754833,1756.5846908273513,Alto,Activo,Alto · Activo
1118,15.0,530.0,646.0,60.35933333333333,60.16452888767662,0.9853673967301532,500.8949237098059,Bajo,En riesgo,Bajo · En riesgo
1119,62.0,600.0,601.0,34.97838709677419,35.001527385928696,0.9998297868839033,1223.4352527275896,Medio,Activo,Medio · Activo
1120,74.0,638.0,640.0,23.041216216216217,23.088477614882166,0.999837418495379,902.2102439561245,Medio,Activo,Medio · Activo
1121,57.0,632.0,661.0,42.40982456140351,42.41248337685525,0.9978028976242223,1241.3636976809016,Medio,En riesgo,Medio · En riesgo
1122,66.0,385.0,598.0,18.430606060606063,18.495644762794637,1.6496116327917673e-09,1.139449492377241e-06,Bajo,En riesgo,Bajo · En riesgo
1123,64.0,670.0,707.0,59.220625,59.1776375834949,0.9952620774430205,1810.7034737632077,Alto,En riesgo,Alto · En riesgo
1124,61.0,666.0,668.0,29.028688524590162,29.06904684648701,0.9998125401370433,901.4793687170304,Medio,Activo,Medio · Activo
1125,64.0,690.0,690.0,10.209375,10.298621886569787,0.9998512979266175,324.2360922888938,Bajo,Activo,Bajo · Activo
1126,27.0,609.0,610.0,90.68555555555557,90.3835467218099,0.999638563702505,1396.1745460387651,Medio,Activo,Medio · Activo
1127,25.0,599.0,599.0,61.598800000000004,61.47285629187807,0.9996282179931069,898.7549080872503,Medio,Activo,Medio · Activo
1128,175.0,696.0,697.0,16.84754285714286,16.873676483850492,0.9999295153239071,1417.9708052772805,Medio,Activo,Medio · Activo
1129,69.0,628.0,628.0,34.22594202898551,34.248624012901445,0.99986191997768,1273.105091259856,Medio,Activo,Medio · Activo
1130,248.0,710.0,710.0,26.45403225806452,26.465776581651642,0.9999611835693292,3087.5521181707595,Alto,Activo,Alto · Activo
1131,91.0,692.0,693.0,33.260989010989015,33.2800303388584,0.9998801738437489,1473.6530000543896,Medio,Activo,Medio · Activo
1132,43.0,675.0,685.0,47.50023255813954,47.48333897607338,0.9995818145310356,1022.3957849652905,Medio,Activo,Medio · Activo
1133,96.0,681.0,681.0,14.329791666666667,14.381925111647572,0.9999003558618429,682.9151559457559,Medio,Activo,Medio · Activo
1134,46.0,602.0,624.0,106.0163043478261,105.7810827407925,0.998903091446393,2662.7752193415013,Alto,Activo,Alto · Activo
1135,57.0,677.0,682.0,12.455789473684211,12.549160328256873,0.9997454586946167,356.8751650550155,Bajo,Activo,Bajo · Activo
1136,55.0,689.0,696.0,33.811454545454545,33.841192731471594,0.9996971927618552,911.0315064846994,Medio,Activo,Medio · Activo
1137,122.0,647.0,650.0,17.354098360655737,17.39085114900118,0.9998621571716181,1095.0427068162112,Medio,Activo,Medio · Activo
1138,190.0,703.0,703.0,23.87536842105263,23.893042314785276,0.9999493961880227,2160.268679156517,Alto,Activo,Alto · Activo
1139,85.0,650.0,656.0,88.66082352941177,88.56858831124534,0.9997543929606201,3870.071644210344,Alto,Activo,Alto · Activo
1140,15.0,590.0,641.0,76.57133333333333,76.19153271878476,0.9976915683052148,647.1793343998033,Medio,En riesgo,Medio · En riesgo
1141,53.0,608.0,623.0,21.34509433962264,21.416543866725764,0.9993401625055524,619.8608894909936,Bajo,Activo,Bajo · Activo
1142,236.0,670.0,671.0,63.90885593220339,63.89373835459599,0.9999422042722421,7500.5482358335485,Alto,Activo,Alto · Activo
1143,11.0,571.0,646.0,13.42909090909091,13.891788526811958,0.9963555848348025,88.5332525155169,Bajo,En riesgo,Bajo · En riesgo
1144,22.0,680.0,693.0,8.459090909090909,8.731055086628576,0.9993490973646059,98.05807817727478,Bajo,Activo,Bajo · Activo
1145,59.0,697.0,701.0,65.51135593220339,65.44632938051049,0.9997734850540715,1873.5879141818566,Alto,Activo,Alto · Activo
1146,248.0,615.0,615.0,35.68697580645161,35.69227862939405,0.9999611835693292,4795.049278926427,Alto,Activo,Alto · Activo
1147,51.0,632.0,633.0,74.03960784313726,73.93556065877368,0.999798320936322,2030.3032775181277,Alto,Activo,Alto · Activo
1148,25.0,670.0,673.0,18.122799999999998,18.29588563907101,0.9995823364385816,238.57547136194307,Bajo,Activo,Bajo · Activo
1149,14.0,584.0,623.0,16.570714285714285,16.89709499663916,0.9982801353728755,138.71282015967245,Bajo,Activo,Bajo · Activo
1150,12.0,454.0,613.0,69.57583333333334,69.20193184100867,0.9622854833593946,484.42249942153114,Bajo,En riesgo,Bajo · En riesgo
1151,135.0,672.0,675.0,20.76977777777778,20.798620838326396,0.9998707024398257,1394.8332730035286,Medio,Activo,Medio · Activo
1152,55.0,584.0,600.0,21.766545454545454,21.83408239291429,0.999227262232372,679.7058098464374,Medio,Activo,Medio · Activo
1153,52.0,645.0,651.0,21.84423076923077,21.915393332629726,0.9997031916814614,596.5649290924433,Bajo,Activo,Bajo · Activo
1154,121.0,645.0,645.0,31.290578512396692,31.3077210726959,0.9999207752658643,1970.3752844102041,Alto,Activo,Alto · Activo
1155,27.0,637.0,637.0,69.9062962962963,69.7366886442704,0.9996547768161065,1032.4239111655647,Medio,Activo,Medio · Activo
1156,27.0,586.0,659.0,33.25962962962963,33.32352702762591,0.9908486639485641,472.9580706370696,Bajo,En riesgo,Bajo · En riesgo
1157,87.0,634.0,671.0,31.691954022988508,31.71498546380619,0.9849059727145361,1366.1211954731875,Medio,En riesgo,Medio · En riesgo
1158,179.0,631.0,631.0,16.16944134078212,16.195646814954,0.999946303679135,1534.780128938661,Medio,Activo,Medio · Activo
1159,188.0,599.0,602.0,23.586170212765957,23.60429805042123,0.9998703640316676,2459.1903158496552,Alto,Activo,Alto · Activo
1160,112.0,643.0,643.0,38.82214285714286,38.82903568456436,0.9999144651567106,2271.0444567213267,Alto,Activo,Alto · Activo
1161,55.0,686.0,692.0,24.805818181818182,24.863817421207255,0.9997198823843407,673.1729674221699,Medio,Activo,Medio · Activo
1162,30.0,390.0,604.0,14.092333333333332,14.259864814809237,0.00450964098206797,1.109157874190973,Bajo,En riesgo,Bajo · En riesgo
1163,136.0,678.0,695.0,34.72911764705882,34.73999984740921,0.997987158261845,2276.162617158976,Alto,En riesgo,Alto · En riesgo
1164,95.0,669.0,669.0,48.75705263157895,48.74710279754732,0.9998993178682679,2331.3502025366874,Alto,Activo,Alto · Activo
1165,55.0,623.0,628.0,24.713272727272727,24.77156238834047,0.9997309774329116,737.7727371242959,Medio,Activo,Medio · Activo
1166,305.0,634.0,634.0,39.824590163934424,39.826555031099886,0.9999684141547965,6379.64417989157,Alto,Activo,Alto · Activo
1167,135.0,648.0,651.0,50.20459259259259,50.1957329444058,0.9998678579196922,3488.199836451651,Alto,Activo,Alto · Activo
1168,67.0,661.0,669.0,12.818358208955225,12.89689449893379,0.9996802690628581,437.6697265778762,Bajo,Activo,Bajo · Activo
1169,102.0,629.0,635.0,49.8156862745098,49.8046241640206,0.9997534327787451,2688.67871358674,Alto,Activo,Alto · Activo
1170,6.0,593.0,655.0,10.283333333333333,11.209028564890552,0.9971377186336063,42.235845481262714,Bajo,En riesgo,Bajo · En riesgo
1171,28.0,589.0,593.0,35.15785714285714,35.20782071258248,0.9995945627373847,578.7692676056299,Bajo,Activo,Bajo · Activo
1172,144.0,709.0,710.0,31.41986111111111,31.434113652578368,0.9999184196274374,2138.260081384352,Alto,Activo,Alto · Activo
1173,31.0,636.0,710.0,21.04,21.163568564769175,0.9899121755874575,318.0766488671995,Bajo,En riesgo,Bajo · En riesgo
1174,101.0,626.0,633.0,21.26881188118812,21.306493853285225,0.9997094282452973,1142.586803670628,Medio,Activo,Medio · Activo
1175,123.0,611.0,616.0,59.74918699186991,59.72604758300321,0.9997887169477604,3996.2424884081274,Alto,Activo,Alto · Activo
1176,13.0,637.0,645.0,13.729230769230771,14.117734851261895,0.9991753662408663,104.8648874854085,Bajo,Activo,Bajo · Activo
1177,15.0,587.0,600.0,21.534666666666666,21.78289297550272,0.9991390588842832,197.71253243732863,Bajo,Activo,Bajo · Activo
1178,193.0,669.0,672.0,25.603108808290152,25.61895964541606,0.9998826646393766,2459.100952396504,Alto,Activo,Alto · Activo
1179,174.0,622.0,622.0,53.88074712643678,53.8702169030534,0.9999447694711312,5034.0475498850765,Alto,Activo,Alto · Activo
1180,128.0,609.0,619.0,42.305234375,42.30656165583253,0.9994046893487595,2929.29880464644,Alto,Activo,Alto · Activo
1181,78.0,660.0,665.0,27.953461538461536,27.98742476296779,0.9997792235433477,1109.0069743560728,Medio,Activo,Medio · Activo
1182,95.0,637.0,664.0,20.258842105263156,20.30073702756441,0.9948450358120591,973.1304735964687,Medio,En riesgo,Medio · En riesgo
1183,6.0,589.0,623.0,40.711666666666666,40.78392076080216,0.9979162483770143,161.54696597044443,Bajo,En riesgo,Bajo · En riesgo
1184,11.0,683.0,701.0,64.02090909090909,63.69962372900327,0.9988915227362887,375.59221066641777,Bajo,Activo,Bajo · Activo
1185,48.0,696.0,700.0,26.597708333333333,26.65769506580967,0.9997392068011521,625.1716786332289,Bajo,Activo,Bajo · Activo
1186,69.0,677.0,680.0,85.9504347826087,85.84364937665055,0.9998123469946627,2951.010939381101,Alto,Activo,Alto · Activo
1187,110.0,639.0,640.0,26.87909090909091,26.904877868278522,0.9998966369424535,1552.970659660679,Medio,Activo,Medio · Activo
1188,121.0,599.0,604.0,30.57586776859504,30.594031563670487,0.9997845622611599,2053.3821837527057,Alto,Activo,Alto · Activo
1189,49.0,643.0,655.0,19.402857142857144,19.48695748538906,0.9995159016915641,497.5977568883001,Bajo,Activo,Bajo · Activo
1190,204.0,646.0,646.0,16.264803921568628,16.287719795124268,0.9999528521108122,1717.2664521555553,Alto,Activo,Alto · Activo
1191,92.0,614.0,616.0,26.247826086956525,26.27983463643798,0.9998598761946825,1320.5128839730628,Medio,Activo,Medio · Activo
1192,75.0,647.0,649.0,19.329066666666666,19.38424933129957,0.9998395800021205,757.0485148861713,Medio,Activo,Medio · Activo
1193,168.0,650.0,663.0,27.767738095238098,27.783716677819488,0.9984471077647809,2351.655580801029,Alto,Activo,Alto · Activo
1194,56.0,614.0,623.0,22.3425,22.407059382247567,0.9996142043613039,684.4393113742914,Medio,Activo,Medio · Activo
1195,35.0,669.0,675.0,36.08314285714286,36.118608133678265,0.9996300673397286,647.0894752250741,Medio,Activo,Medio · Activo
1196,26.0,623.0,652.0,70.15346153846154,69.97573861077079,0.9987770307097432,976.1224702230609,Medio,Activo,Medio · Activo
1197,128.0,655.0,661.0,62.1725,62.14698973978367,0.9997605581411592,4035.853792989259,Alto,Activo,Alto · Activo
1198,41.0,589.0,604.0,23.791707317073172,23.873692440952798,0.9993429998168872,555.3614922179216,Bajo,Activo,Bajo · Activo
1199,6.0,177.0,607.0,22.466666666666665,23.05064887228573,0.08994878011363504,8.442682741332215,Bajo,En riesgo,Bajo · En riesgo
1200,28.0,618.0,644.0,56.49571428571429,56.414543291421275,0.9989004024906116,854.6629299488172,Medio,Activo,Medio · Activo
1201,36.0,660.0,675.0,14.667499999999999,14.80449019680752,0.9994017485940766,272.4440163999583,Bajo,Activo,Bajo · Activo
1202,23.0,665.0,681.0,24.631304347826084,24.77069916602162,0.9992860794133849,295.06006482040937,Bajo,Activo,Bajo · Activo
1203,147.0,627.0,628.0,42.493197278911566,42.494132079499074,0.9999175843246966,3328.3336823922104,Alto,Activo,Alto · Activo
1204,62.0,630.0,633.0,31.73483870967742,31.767011732822297,0.9997936223408415,1055.2304866034517,Medio,Activo,Medio · Activo
1205,134.0,636.0,668.0,32.622089552238805,32.635852946259,0.952575114231825,2091.1880820358433,Alto,En riesgo,Alto · En riesgo
1206,278.0,651.0,662.0,22.19474820143885,22.207877022217097,0.9965347431185881,3098.4883579914476,Alto,En riesgo,Alto · En riesgo
1207,88.0,629.0,635.0,8.663522727272728,8.731512870957681,0.9997496136391314,407.5833095455514,Bajo,Activo,Bajo · Activo
1208,48.0,603.0,620.0,22.104583333333334,22.180719049036114,0.9992379849086216,585.7515665549695,Bajo,Activo,Bajo · Activo
1209,18.0,604.0,605.0,19.495555555555555,19.72223227276104,0.9994748712451097,209.98135871603048,Bajo,Activo,Bajo · Activo
1210,31.0,627.0,642.0,28.925806451612903,29.005575714027916,0.9993575221303888,485.8701693353256,Bajo,Activo,Bajo · Activo
1211,137.0,657.0,657.0,65.77255474452555,65.7441741904838,0.9999299609503799,4594.34612652062,Alto,Activo,Alto · Activo
1212,5.0,601.0,627.0,36.496,36.72331687696051,0.9978914544433366,125.18354369286446,Bajo,En riesgo,Bajo · En riesgo
1213,41.0,674.0,680.0,13.748536585365851,13.872755347117927,0.9996666517361044,287.35418578631635,Bajo,Activo,Bajo · Activo
1214,6.0,620.0,656.0,16.83666666666667,17.578556752124186,0.9979106056878482,66.18843926971819,Bajo,En riesgo,Bajo · En riesgo
1215,13.0,588.0,604.0,53.426153846153845,53.292899905543486,0.998988943418984,422.13076051404755,Bajo,Activo,Bajo · Activo
1216,118.0,616.0,616.0,44.69,44.68794555181032,0.9999187779511872,2870.306618572842,Alto,Activo,Alto · Activo
1217,44.0,604.0,609.0,59.786136363636366,59.7214692139987,0.9996895482079348,1475.9495337894136,Medio,Activo,Medio · Activo
1218,85.0,599.0,608.0,35.797294117647056,35.81252095447433,0.9996009482319428,1685.7903838997945,Medio,Activo,Medio · Activo
1219,109.0,631.0,633.0,7.37394495412844,7.430902042216108,0.9998760781973584,429.67538884106744,Bajo,Activo,Bajo · Activo
1220,25.0,619.0,698.0,18.3044,18.476236588343017,0.9915746333015043,230.57953287456047,Bajo,En riesgo,Bajo · En riesgo
1221,13.0,575.0,605.0,45.61846153846154,45.587828299510115,0.9985784299799995,360.36562235451066,Bajo,Activo,Bajo · Activo
1222,155.0,682.0,684.0,37.22122580645161,37.227994861841644,0.9999027155662848,2825.6170224303783,Alto,Activo,Alto · Activo
1223,45.0,581.0,601.0,38.03644444444445,38.056572051783654,0.9990156036432547,973.1055322900247,Medio,Activo,Medio · Activo
1224,73.0,594.0,598.0,30.58753424657534,30.617585493655874,0.999786575019324,1261.8164584885265,Medio,Activo,Medio · Activo
1225,64.0,651.0,666.0,21.64171875,21.700120718142003,0.9993549579066742,707.0344161190134,Medio,Activo,Medio · Activo
1226,72.0,590.0,600.0,85.47277777777778,85.37157697780495,0.9995546511663884,3458.9468493886393,Alto,Activo,Alto · Activo
1227,77.0,604.0,604.0,48.55350649350649,48.5416926082386,0.9998760825988955,2087.6153482610976,Alto,Activo,Alto · Activo
1228,468.0,701.0,701.0,30.94183760683761,30.946403437910725,0.9999793918244924,6880.039321255614,Alto,Activo,Alto · Activo
1229,299.0,684.0,684.0,61.12916387959866,61.11883847003682,0.9999677824313092,8908.90709122017,Alto,Activo,Alto · Activo
1230,19.0,630.0,648.0,13.396842105263158,13.666770202523255,0.9991480457246182,142.9677481984911,Bajo,Activo,Bajo · Activo
1231,49.0,616.0,624.0,38.11489795918367,38.13311204218272,0.9996333280204871,1021.3232966841249,Medio,Activo,Medio · Activo
1232,18.0,513.0,679.0,26.287222222222223,26.449192425468873,0.9021880575936565,226.96251234996384,Bajo,En riesgo,Bajo · En riesgo
1233,27.0,647.0,665.0,65.37592592592593,65.23518486549415,0.9992555988032611,925.4555185011582,Medio,Activo,Medio · Activo
1234,92.0,640.0,641.0,59.27826086956522,59.24822373845104,0.9998800264446882,2863.1531519990363,Alto,Activo,Alto · Activo
1235,16.0,591.0,595.0,53.595625,53.48527442021432,0.9993616140782193,519.3036629289197,Bajo,Activo,Bajo · Activo
1236,164.0,606.0,608.0,23.929756097560976,23.95017163623124,0.9998998943565978,2158.1144927534556,Alto,Activo,Alto · Activo
1237,19.0,507.0,597.0,53.53578947368421,53.44324566594649,0.987294427879574,598.7151429574096,Bajo,En riesgo,Bajo · En riesgo
1238,45.0,701.0,708.0,101.75311111111112,101.52902255476046,0.9996688767550777,2211.6185191772406,Alto,Activo,Alto · Activo
1239,24.0,615.0,618.0,85.05958333333334,84.76039017988428,0.9995632658816336,1156.3514516735447,Medio,Activo,Medio · Activo
1240,178.0,612.0,612.0,62.964438202247194,62.94531720744475,0.9999460036944495,6112.643757036876,Alto,Activo,Alto · Activo
1241,74.0,704.0,705.0,26.300135135135136,26.339789268998278,0.999856782087384,935.942714118998,Medio,Activo,Medio · Activo
1242,29.0,591.0,597.0,28.43344827586207,28.521608346994206,0.9995640800046708,481.56964471628606,Bajo,Activo,Bajo · Activo
1243,13.0,449.0,566.0,18.74692307692308,19.069476928715655,0.9819463410360317,158.236555398876,Bajo,En riesgo,Bajo · En riesgo
1244,30.0,627.0,631.0,16.742,16.89432697377022,0.9996203921720817,279.0455747020146,Bajo,Activo,Bajo · Activo
1245,211.0,642.0,642.0,21.08184834123223,21.100055082178084,0.9999544089036956,2314.5165208075823,Alto,Activo,Alto · Activo
1246,91.0,664.0,673.0,58.316813186813185,58.288272434383124,0.9996422333602439,2655.7762634750347,Alto,Activo,Alto · Activo
1247,110.0,601.0,603.0,60.168454545454544,60.14192588034585,0.999874700697416,3680.2874943123065,Alto,Activo,Alto · Activo
1248,139.0,652.0,661.0,64.4984892086331,64.472101531702,0.9995407464607505,4541.586150650947,Alto,Activo,Alto · Activo
1249,20.0,596.0,603.0,24.505000000000003,24.666208624374796,0.9994111903751526,290.527797916867,Bajo,Activo,Bajo · Activo
1250,5.0,618.0,630.0,38.25,38.41861163690978,0.9981790516962998,130.38794964828205,Bajo,En riesgo,Bajo · En riesgo
1251,47.0,599.0,656.0,6.835744680851064,6.969536260697944,0.9848931681317357,168.16072855696711,Bajo,En riesgo,Bajo · En riesgo
1252,43.0,659.0,676.0,26.454186046511627,26.521695589258393,0.9993304098006442,578.3833454582335,Bajo,Activo,Bajo · Activo
1253,10.0,520.0,609.0,49.051,48.952913141614744,0.9948202730289025,303.5842020893023,Bajo,En riesgo,Bajo · En riesgo
1254,5.0,580.0,653.0,41.354,41.41872277424304,0.9965819983720394,135.48983807067583,Bajo,En riesgo,Bajo · En riesgo
1255,24.0,634.0,651.0,20.444166666666668,20.60778561281551,0.9992499417912419,267.0618567717434,Bajo,Activo,Bajo · Activo
1256,156.0,686.0,691.0,33.51243589743589,33.523273367480705,0.9998101419577369,2534.949875584511,Alto,Activo,Alto · Activo
1257,30.0,617.0,621.0,45.84,45.82535473881484,0.9996192039640579,768.8633401540857,Medio,Activo,Medio · Activo
1258,211.0,705.0,705.0,16.564123222748815,16.586034064305927,0.9999544089036956,1659.455944800608,Medio,Activo,Medio · Activo
1259,29.0,574.0,603.0,38.89379310344828,38.91987135276135,0.9985928639191836,650.0920745835671,Medio,Activo,Medio · Activo
1260,128.0,687.0,687.0,85.159296875,85.10273507923978,0.9999250743866333,5321.857727800832,Alto,Activo,Alto · Activo
1261,179.0,657.0,663.0,21.007206703910615,21.028737264955286,0.9997301105542012,1897.8738352711835,Alto,Activo,Alto · Activo
1262,19.0,620.0,667.0,39.85473684210526,39.88573880561627,0.9978984245592925,405.05769638889365,Bajo,En riesgo,Bajo · En riesgo
1263,110.0,664.0,693.0,47.39845454545455,47.391994468305704,0.9905893383177053,2506.246473384698,Alto,En riesgo,Alto · En riesgo
1264,117.0,652.0,662.0,55.08401709401709,55.06658632228932,0.999517014174113,3266.556269399784,Alto,Activo,Alto · Activo
1265,44.0,593.0,593.0,31.17068181818182,31.21817622143426,0.9997852035244627,792.0100412426809,Medio,Activo,Medio · Activo
1266,105.0,683.0,694.0,15.76295238095238,15.80826525499846,0.9995131751901053,804.5450452200153,Medio,Activo,Medio · Activo
1267,63.0,630.0,632.0,26.437619047619048,26.483801134097295,0.9998153622914194,895.0031693290409,Medio,Activo,Medio · Activo
1268,61.0,625.0,630.0,48.462459016393446,48.447812874265495,0.9997456694162993,1591.3001069343293,Medio,Activo,Medio · Activo
1269,85.0,642.0,642.0,30.38129411764706,30.40753070914494,0.9998876102180508,1357.3130204808833,Medio,Activo,Medio · Activo
1270,62.0,614.0,620.0,54.681774193548385,54.650043880166955,0.9997185644404921,1852.569995606905,Alto,Activo,Alto · Activo
1271,122.0,593.0,594.0,34.053442622950826,34.06652938575193,0.9999035990571195,2343.4488367399103,Alto,Activo,Alto · Activo
1272,246.0,678.0,678.0,40.535731707317076,40.53766732236333,0.9999608692622685,4908.9212620874805,Alto,Activo,Alto · Activo
1273,14.0,603.0,608.0,14.992142857142856,15.33780768526186,0.9992693866786723,129.08729651277343,Bajo,Activo,Bajo · Activo
1274,248.0,654.0,656.0,50.152741935483874,50.14795250113506,0.9999178542300659,6323.167289209469,Alto,Activo,Alto · Activo
1275,5.0,222.0,642.0,20.936,21.68409996429765,0.4396412589117377,31.81870080087286,Bajo,En riesgo,Bajo · En riesgo
1276,15.0,593.0,601.0,37.626666666666665,37.691266134285854,0.9992496270734111,341.5844712764598,Bajo,Activo,Bajo · Activo
1277,224.0,615.0,616.0,26.30736607142857,26.320481022180193,0.9999384198066499,3190.6544195563574,Alto,Activo,Alto · Activo
1278,17.0,603.0,609.0,41.68176470588236,41.69795687104193,0.999357292881693,418.38404052479416,Bajo,Activo,Bajo · Activo
1279,156.0,620.0,622.0,30.469615384615388,30.483826284182676,0.99989863663268,2556.2974844363403,Alto,Activo,Alto · Activo
1280,20.0,600.0,622.0,20.2065,20.404601715549088,0.9990163351162548,233.0360008240366,Bajo,Activo,Bajo · Activo
1281,29.0,600.0,616.0,27.066206896551723,27.162481502825198,0.9992916478461409,444.61988447150037,Bajo,Activo,Bajo · Activo
1282,157.0,601.0,620.0,37.821592356687894,37.82761391419878,0.9922561361131117,3177.903383380182,Alto,En riesgo,Alto · En riesgo
1283,46.0,590.0,593.0,7.153695652173913,7.2891925743121035,0.9997394794140443,193.0542057866412,Bajo,Activo,Bajo · Activo
1284,133.0,700.0,701.0,14.629924812030074,14.667183613376029,0.9999128552322519,933.9064176113366,Medio,Activo,Medio · Activo
1285,124.0,633.0,635.0,39.623306451612905,39.62841605325,0.9998858751440182,2594.5560445212136,Alto,Activo,Alto · Activo
1286,25.0,556.0,659.0,23.6384,23.773549162224533,0.9699907058377343,307.1043849422311,Bajo,En riesgo,Bajo · En riesgo
1287,97.0,696.0,708.0,28.71783505154639,28.743795589567988,0.9994823477145572,1326.604974252538,Medio,Activo,Medio · Activo
1288,43.0,651.0,654.0,43.19093023255814,43.191318688799825,0.9997313757305148,973.4275178432415,Medio,Activo,Medio · Activo
1289,384.0,707.0,708.0,3.9012760416666663,3.919027017133951,0.9999570566478108,708.4134503659169,Medio,Activo,Medio · Activo
1290,27.0,654.0,663.0,37.5337037037037,37.57036757758323,0.9994937805193197,534.6971556354916,Bajo,Activo,Bajo · Activo
1291,99.0,679.0,683.0,32.99484848484848,33.012818448025804,0.9998271879306316,1611.0714220179239,Medio,Activo,Medio · Activo
1292,25.0,683.0,698.0,20.3572,20.514917362933186,0.999345192588743,258.0281756414858,Bajo,Activo,Bajo · Activo
1293,155.0,640.0,641.0,17.821290322580648,17.849705763320195,0.999921211037961,1444.0675256324853,Medio,Activo,Medio · Activo
1294,53.0,599.0,601.0,90.45264150943396,90.29906394301861,0.9997860487786424,2708.5743005038103,Alto,Activo,Alto · Activo
1295,61.0,658.0,661.0,25.729344262295083,25.77904089879523,0.9997938012333835,807.7534720699829,Medio,Activo,Medio · Activo
1296,77.0,631.0,634.0,27.243246753246755,27.279243470357304,0.9998213114407137,1118.6256113528314,Medio,Activo,Medio · Activo
1297,123.0,686.0,686.0,22.171463414634147,22.201146159100563,0.9999220531163738,1336.62798720572,Medio,Activo,Medio · Activo
1298,47.0,594.0,606.0,31.498510638297873,31.54178136598718,0.999478100770844,834.8158290700493,Medio,Activo,Medio · Activo
1299,134.0,665.0,665.0,43.85373134328358,43.85300103595805,0.9999284044910112,2962.701901710043,Alto,Activo,Alto · Activo
1300,72.0,679.0,680.0,40.386944444444445,40.393903511258834,0.9998527219764519,1447.782005109337,Medio,Activo,Medio · Activo
1301,69.0,676.0,677.0,20.99217391304348,21.047980270442032,0.9998470078978685,726.7341210792298,Medio,Activo,Medio · Activo
1302,32.0,610.0,613.0,23.3675,23.474702247362075,0.999655799172688,424.27608443862727,Bajo,Activo,Bajo · Activo
1303,169.0,610.0,613.0,36.80621301775148,36.81284664526266,0.9998706402615603,3389.940040740938,Alto,Activo,Alto · Activo
1304,81.0,650.0,651.0,11.047037037037036,11.1158063215571,0.9998664677040193,466.7905890662606,Bajo,Activo,Bajo · Activo
1305,239.0,586.0,616.0,31.270753138075314,31.279452486472824,0.15716458641335218,635.6226169379778,Bajo,En riesgo,Bajo · En riesgo
1306,147.0,625.0,628.0,20.511496598639457,20.53829174824998,0.9998686029569493,1608.5736147803057,Medio,Activo,Medio · Activo
1307,147.0,609.0,613.0,13.893061224489795,13.927642625548794,0.9998302202108561,1116.969452407196,Medio,Activo,Medio · Activo
1308,22.0,566.0,698.0,12.25090909090909,12.493264392158956,0.9496120838412208,132.38890033222637,Bajo,En riesgo,Bajo · En riesgo
1309,5.0,533.0,694.0,25.874000000000002,26.45682831357331,0.991434455928398,81.09802427913343,Bajo,En riesgo,Bajo · En riesgo
1310,30.0,600.0,619.0,28.433,28.51824083730505,0.9991825350988108,479.78992714156766,Bajo,Activo,Bajo · Activo
1311,14.0,526.0,630.0,47.25714285714286,47.20865254599675,0.9901100511911008,380.1844735623555,Bajo,En riesgo,Bajo · En riesgo
1312,113.0,641.0,649.0,44.73345132743363,44.731239638073845,0.9996573086895132,2614.6743214801845,Alto,Activo,Alto · Activo
1313,28.0,587.0,598.0,34.46285714285714,34.517091925075036,0.9994295801123224,562.6690112357788,Bajo,Activo,Bajo · Activo
1314,311.0,663.0,664.0,45.972733118971064,45.971239175197894,0.9999507522932878,7174.671904435242,Alto,Activo,Alto · Activo
1315,4.0,564.0,651.0,114.52,111.56460913519317,0.9958291499516957,309.195115217408,Bajo,En riesgo,Bajo · En riesgo
1316,51.0,687.0,705.0,72.50490196078431,72.40604737475982,0.999292792401246,1787.6790061097088,Alto,Activo,Alto · Activo
1317,173.0,687.0,691.0,23.241560693641617,23.261603284567634,0.999849374820068,1948.9651284179026,Alto,Activo,Alto · Activo
1318,70.0,601.0,615.0,79.113,79.02460667953615,0.9993140653385308,3039.3525437105363,Alto,Activo,Alto · Activo
1319,43.0,640.0,672.0,24.064418604651163,24.141512077546412,0.9981447614667563,528.9278807695114,Bajo,En riesgo,Bajo · En riesgo
1320,13.0,675.0,679.0,22.31153846153846,22.587240655056405,0.9992488916665732,159.52969556217104,Bajo,Activo,Bajo · Activo
1321,177.0,637.0,638.0,9.95819209039548,9.99076329885147,0.9999284851456438,926.1787952002188,Medio,Activo,Medio · Activo
1322,14.0,619.0,642.0,16.142142857142854,16.473759074998263,0.9988779296771594,131.38604484616314,Bajo,Activo,Bajo · Activo
1323,9.0,663.0,668.0,28.392222222222223,28.67337390201227,0.9989554527308874,148.83857020365647,Bajo,Activo,Bajo · Activo
1324,41.0,622.0,634.0,62.49365853658537,62.41289384405475,0.9994889275505008,1384.6331162407507,Medio,Activo,Medio · Activo
1325,61.0,630.0,632.0,44.66819672131148,44.66428968737659,0.9998105906260755,1462.565222156358,Medio,Activo,Medio · Activo
1326,240.0,625.0,629.0,36.735458333333334,36.740181934750794,0.9998175619330312,4672.488615684251,Alto,Activo,Alto · Activo
1327,8.0,296.0,598.0,44.945,44.90989333735943,0.5851867746501339,137.68889382690583,Bajo,En riesgo,Bajo · En riesgo
1328,71.0,650.0,651.0,35.59788732394366,35.6165944250815,0.9998502041189614,1314.2701919521023,Medio,Activo,Medio · Activo
1329,28.0,657.0,667.0,51.78964285714286,51.737393634182986,0.9994835085130012,757.6895618872256,Medio,Activo,Medio · Activo
1330,79.0,671.0,675.0,26.85822784810127,26.894157236695076,0.9998065307747359,1063.4138739227028,Medio,Activo,Medio · Activo
1331,96.0,659.0,692.0,18.925520833333334,18.969380530550755,0.9892752497574296,877.2470727969841,Medio,En riesgo,Medio · En riesgo
1332,57.0,651.0,656.0,35.25105263157895,35.27539089013257,0.9997412020431031,1042.220501610487,Medio,Activo,Medio · Activo
1333,122.0,632.0,638.0,63.0194262295082,62.99146289494125,0.9997524610430965,4039.1646253630875,Alto,Activo,Alto · Activo
1334,44.0,605.0,619.0,14.0875,14.201953891803905,0.9994030430153339,345.3220790354893,Bajo,Activo,Bajo · Activo
1335,29.0,572.0,594.0,33.14241379310345,33.20262630007665,0.9990038296572217,563.0663004463465,Bajo,Activo,Bajo · Activo
1336,115.0,664.0,667.0,51.95608695652174,51.94305576580894,0.999860297669345,3007.9670984362406,Alto,Activo,Alto · Activo
1337,210.0,602.0,602.0,54.30309523809524,54.29402077624924,0.9999541928289477,6313.920651138562,Alto,Activo,Alto · Activo
1338,141.0,656.0,657.0,12.312127659574468,12.35011773958072,0.9999157279623578,887.972621993959,Medio,Activo,Medio · Activo
1339,5.0,649.0,659.0,76.434,75.32461797322844,0.9982238970752668,244.6020657842779,Bajo,En riesgo,Bajo · En riesgo
1340,53.0,647.0,663.0,9.354716981132075,9.465209418563663,0.9993372668687681,257.7122303230902,Bajo,Activo,Bajo · Activo
1341,12.0,592.0,666.0,33.02333333333333,33.16932734496626,0.9964714565311165,221.6376217257571,Bajo,En riesgo,Bajo · En riesgo
1342,10.0,629.0,662.0,15.003,15.484392760595357,0.9984362232258408,88.79565970550024,Bajo,Activo,Bajo · Activo
1343,10.0,573.0,619.0,26.589,26.873204941472075,0.9979047229849837,164.52221600188292,Bajo,En riesgo,Bajo · En riesgo
1344,26.0,604.0,624.0,98.50269230769231,98.13743233185146,0.9991376078914842,1429.7670539445867,Medio,Activo,Medio · Activo
1345,53.0,687.0,708.0,23.745471698113207,23.809105147776894,0.999100153506793,607.586650568359,Bajo,Activo,Bajo · Activo
1346,66.0,620.0,620.0,17.51287878787879,17.580318718831084,0.9998557370016107,633.5996513121243,Bajo,Activo,Bajo · Activo
1347,108.0,643.0,648.0,30.989074074074075,31.008759375276142,0.999795784191594,1736.2466516198424,Alto,Activo,Alto · Activo
1348,22.0,542.0,627.0,13.515909090909092,13.748386484857479,0.9880656344397521,168.43710162315253,Bajo,En riesgo,Bajo · En riesgo
1349,174.0,669.0,669.0,30.686954022988505,30.699480239322927,0.9999447694711312,2670.7384099083097,Alto,Activo,Alto · Activo
1350,93.0,663.0,665.0,27.59172043010753,27.62088811061317,0.9998639409269722,1301.1917774427748,Medio,Activo,Medio · Activo
1351,80.0,696.0,710.0,7.042624999999999,7.120899961073419,0.9994101279725103,271.1344381418207,Bajo,Activo,Bajo · Activo
1352,118.0,594.0,594.0,44.66220338983051,44.66018966791754,0.9999187779511872,2972.702796217389,Alto,Activo,Alto · Activo
1353,123.0,686.0,694.0,32.31764227642277,32.3330627674964,0.999677139852213,1924.0880340231733,Alto,Activo,Alto · Activo
1354,78.0,635.0,636.0,32.16128205128205,32.18592558950969,0.9998616386500575,1332.578979206854,Medio,Activo,Medio · Activo
1355,10.0,684.0,686.0,49.949,49.83562963897597,0.9990916653160002,276.1361126187968,Bajo,Activo,Bajo · Activo
1356,78.0,693.0,699.0,28.15948717948718,28.19299408834645,0.9997597656151992,1063.6947737548448,Medio,Activo,Medio · Activo
1357,81.0,651.0,652.0,37.57901234567901,37.59118912982713,0.9998664928624671,1576.2040295627892,Medio,Activo,Medio · Activo
1358,107.0,630.0,631.0,22.58046728971963,22.61392064576678,0.9998940068229446,1287.943127438252,Medio,Activo,Medio · Activo
1359,70.0,646.0,650.0,16.716714285714286,16.782274431139104,0.9997898803174581,611.614377405718,Bajo,Activo,Bajo · Activo
1360,22.0,618.0,656.0,28.019090909090906,28.138318433018338,0.9983356916962323,333.1910260752705,Bajo,Activo,Bajo · Activo
1361,10.0,698.0,699.0,58.188,57.93440605518893,0.9991067831012186,315.14496013982455,Bajo,Activo,Bajo · Activo
1362,58.0,587.0,602.0,24.43741379310345,24.4935184887839,0.9992847438346394,800.4367747233603,Medio,Activo,Medio · Activo
1363,49.0,636.0,636.0,81.48693877551021,81.35243720521709,0.9998066845151264,2138.878811144969,Alto,Activo,Alto · Activo
1364,137.0,709.0,710.0,17.91737226277372,17.94939513086883,0.9999151107164523,1162.2220449179551,Medio,Activo,Medio · Activo
1365,6.0,356.0,678.0,15.571666666666667,16.349036941821456,0.867199512069807,51.789610981373386,Bajo,En riesgo,Bajo · En riesgo
1366,214.0,631.0,637.0,19.701869158878505,19.720936473208518,0.9996659695526504,2210.0519623187715,Alto,Activo,Alto · Activo
1367,241.0,686.0,687.0,50.23701244813278,50.232023502432476,0.9999434454001518,5883.096044240736,Alto,Activo,Alto · Activo
1368,31.0,608.0,619.0,88.38096774193548,88.13051147803951,0.9994647566821078,1530.260120523272,Medio,Activo,Medio · Activo
1369,135.0,692.0,692.0,22.643703703703704,22.670146474533446,0.9999289309406789,1483.7078074103406,Medio,Activo,Medio · Activo
1370,81.0,622.0,622.0,104.32444444444445,104.19425373250776,0.9998821275806358,4575.753249209778,Alto,Activo,Alto · Activo
1371,39.0,525.0,705.0,20.96282051282051,21.061494839108665,0.03235639539912747,12.986133230006633,Bajo,En riesgo,Bajo · En riesgo
1372,24.0,639.0,692.0,51.945,51.88299219070606,0.9971570386293417,631.8711006773304,Bajo,En riesgo,Bajo · En riesgo
1373,38.0,649.0,660.0,16.935263157894735,17.05479016696342,0.9995240146806768,338.03394356237084,Bajo,Activo,Bajo · Activo
1374,87.0,636.0,639.0,32.25091954022989,32.27284077402067,0.9998345809597915,1480.6133410200225,Medio,Activo,Medio · Activo
1375,103.0,598.0,599.0,35.273300970873784,35.28675062033658,0.999889674153344,2036.9938957801644,Alto,Activo,Alto · Activo
1376,179.0,608.0,611.0,61.66893854748603,61.65117616029901,0.9998714299672403,6029.546858355805,Alto,Activo,Alto · Activo
1377,33.0,700.0,708.0,22.09,22.2006383482605,0.9995818773674653,358.67270940095995,Bajo,Activo,Bajo · Activo
1378,115.0,672.0,676.0,59.90226086956522,59.877284064082,0.9998354497920595,3421.972360902598,Alto,Activo,Alto · Activo
1379,389.0,631.0,631.0,35.899922879177375,35.90320971497438,0.999975217314452,7361.793270316681,Alto,Activo,Alto · Activo
1380,24.0,670.0,702.0,14.339166666666666,14.546513070035521,0.9987550655137694,174.95674876012845,Bajo,Activo,Bajo · Activo
1381,37.0,588.0,597.0,3.5783783783783787,3.763333287969445,0.9995484477119773,80.2264156143604,Bajo,Activo,Bajo · Activo
1382,110.0,680.0,685.0,27.72036363636364,27.74482850034957,0.9998054115034182,1497.891688260863,Medio,Activo,Medio · Activo
1383,115.0,614.0,624.0,13.304173913043478,13.34924878298452,0.9994702516597145,825.0021500658715,Medio,Activo,Medio · Activo
1384,31.0,606.0,621.0,25.023870967741935,25.125312338529522,0.9993409975002434,434.8323296692217,Bajo,Activo,Bajo · Activo
1385,91.0,632.0,650.0,61.34538461538462,61.311092476454725,0.9986497010285552,2887.7204068606898,Alto,Activo,Alto · Activo
1386,7.0,555.0,603.0,14.282857142857143,14.982963697359388,0.9975940792006698,69.46577461057369,Bajo,En riesgo,Bajo · En riesgo
1387,60.0,667.0,673.0,34.088,34.11447140499147,0.9997275966566438,1033.3209142780343,Medio,Activo,Medio · Activo
1388,128.0,692.0,694.0,54.19765625,54.18291874535752,0.9998917420234072,3354.585887322042,Alto,Activo,Alto · Activo
1389,38.0,588.0,598.0,74.22736842105263,74.08703597120598,0.9995234768942282,1617.7440432283606,Medio,Activo,Medio · Activo
1390,159.0,690.0,696.0,30.514528301886795,30.52842250859637,0.9997626556849519,2335.738456673385,Alto,Activo,Alto · Activo
1391,147.0,682.0,685.0,54.669115646258504,54.65572610027997,0.9998759350894744,3930.5268377602674,Alto,Activo,Alto · Activo
1392,91.0,589.0,639.0,25.192857142857147,25.227220197751837,0.8524455544155057,1031.3792179476477,Medio,En riesgo,Medio · En riesgo
1393,188.0,653.0,656.0,31.635053191489362,31.645775098674157,0.999879794681477,3030.398363476988,Alto,Activo,Alto · Activo
1394,143.0,589.0,593.0,30.674055944055947,30.689309947857655,0.999824600032766,2474.0988542614987,Alto,Activo,Alto · Activo
1395,36.0,630.0,632.0,29.848888888888887,29.913213809468385,0.9997063990805928,587.4337073612107,Bajo,Activo,Bajo · Activo
1396,195.0,562.0,653.0,36.242871794871796,36.24912147373558,5.255646509650253e-09,1.900515962795896e-05,Bajo,En riesgo,Bajo · En riesgo
1397,240.0,609.0,612.0,23.733666666666668,23.747763306925773,0.999871247711464,3102.6352268729324,Alto,Activo,Alto · Activo
1398,19.0,603.0,620.0,20.814736842105265,21.017678169342297,0.9991546835648101,229.6110030916211,Bajo,Activo,Bajo · Activo
1399,32.0,595.0,599.0,31.756875,31.81892932298955,0.999634910288406,588.2574112785637,Bajo,Activo,Bajo · Activo
1400,10.0,591.0,603.0,28.131,28.38896088682957,0.9988979496783316,178.50258365214603,Bajo,Activo,Bajo · Activo
1401,48.0,604.0,632.0,11.873125,11.9860341526775,0.9982153702332361,310.3108927003311,Bajo,En riesgo,Bajo · En riesgo
1402,155.0,648.0,650.0,14.436,14.468192736746717,0.999900426214236,1154.555742839443,Medio,Activo,Medio · Activo
1403,129.0,608.0,636.0,28.44015503875969,28.46005658324997,0.9765759383208009,1889.5058385584412,Alto,En riesgo,Alto · En riesgo
1404,37.0,643.0,650.0,32.295675675675675,32.34687376063136,0.9996168310944077,634.385631260481,Bajo,Activo,Bajo · Activo
1405,50.0,631.0,643.0,49.050399999999996,49.03051390975968,0.9995082235726661,1300.1885684873698,Medio,Activo,Medio · Activo
1406,95.0,634.0,635.0,39.80294736842105,39.80928709773301,0.9998830778904311,2003.9463031636167,Alto,Activo,Alto · Activo
1407,30.0,617.0,623.0,50.675,50.632610194309734,0.9995793852620402,846.8097386618824,Medio,Activo,Medio · Activo
1408,53.0,602.0,622.0,19.177169811320756,19.25567850599023,0.9989708242655511,557.9918402057657,Bajo,Activo,Bajo · Activo
1409,84.0,620.0,625.0,51.38404761904762,51.367393858852694,0.999776674115776,2326.6357208613367,Alto,Activo,Alto · Activo
1410,37.0,657.0,674.0,67.72891891891891,67.61507925489413,0.9993310415195209,1279.291808963801,Medio,Activo,Medio · Activo
1411,4.0,337.0,605.0,19.064999999999998,20.069992288203657,0.9577843733569359,57.48735184948487,Bajo,En riesgo,Bajo · En riesgo
1412,74.0,696.0,702.0,54.15554054054054,54.13017205482322,0.9997560654510652,1931.3191965387625,Alto,Activo,Alto · Activo
1413,25.0,607.0,618.0,13.220799999999999,13.427601755087661,0.9994068934094452,190.35137091490105,Bajo,Activo,Bajo · Activo
1414,14.0,599.0,599.0,19.172142857142855,19.4667440409994,0.999355521019659,166.26608899473842,Bajo,Activo,Bajo · Activo
1415,26.0,632.0,640.0,10.176923076923078,10.395959520691044,0.9994971556703827,147.79419606209495,Bajo,Activo,Bajo · Activo
1416,4.0,646.0,669.0,17.06,18.14817879725804,0.9976661770129615,49.05730090351054,Bajo,En riesgo,Bajo · En riesgo
1417,50.0,636.0,637.0,73.62899999999999,73.52429601306729,0.9997947872965456,1968.3086404902533,Alto,Activo,Alto · Activo
1418,76.0,656.0,660.0,35.81723684210527,35.83421742850174,0.9998004718320129,1394.5318593790528,Medio,Activo,Medio · Activo
1419,387.0,643.0,643.0,19.713488372093025,19.72403067062546,0.9999750895676208,3949.8683592155567,Alto,Activo,Alto · Activo
1420,69.0,607.0,664.0,55.89333333333333,55.86178142440249,0.9349956950198595,1838.3617071659282,Alto,En riesgo,Alto · En riesgo
1421,194.0,697.0,697.0,28.41778350515464,28.43104290060464,0.999950434231577,2646.4884351882174,Alto,Activo,Alto · Activo
1422,10.0,660.0,664.0,41.491,41.52158049122392,0.9990591299494279,237.55007125266846,Bajo,Activo,Bajo · Activo
1423,151.0,589.0,602.0,11.164238410596026,11.20103017380328,0.9983283213838345,937.625739404883,Medio,Activo,Medio · Activo
1424,53.0,532.0,592.0,11.122075471698114,11.226813059469649,0.9485685974821282,324.26623652701903,Bajo,En riesgo,Bajo · En riesgo
1425,104.0,602.0,604.0,35.345288461538466,35.35848935508534,0.9998701831733757,2043.901581111338,Alto,Activo,Alto · Activo
1426,61.0,694.0,704.0,35.349344262295084,35.3718128863958,0.9996240738345781,1041.573753956577,Medio,Activo,Medio · Activo
1427,68.0,654.0,659.0,38.108970588235294,38.122123421401895,0.9997642316788826,1332.2905790279867,Medio,Activo,Medio · Activo
1428,131.0,609.0,618.0,36.92793893129771,36.9363336054075,0.9995054549569184,2621.1470877216198,Alto,Activo,Alto · Activo
1429,76.0,595.0,596.0,10.720657894736842,10.794683050947176,0.9998573591281287,464.3507883948445,Bajo,Activo,Bajo · Activo
1430,231.0,635.0,635.0,88.02225108225107,87.98874632587571,0.9999583392235808,10674.582309114778,Alto,Activo,Alto · Activo
1431,126.0,604.0,605.0,20.492698412698413,20.523979088181772,0.9999063690806629,1431.600617415208,Medio,Activo,Medio · Activo
1432,8.0,701.0,701.0,34.97625,35.1523236019806,0.9989257190683918,157.38803702849611,Bajo,Activo,Bajo · Activo
1433,7.0,640.0,664.0,8.360000000000001,9.20306950452562,0.9983582873940463,38.84681601093571,Bajo,Activo,Bajo · Activo
1434,188.0,605.0,607.0,22.114574468085106,22.134056349002606,0.9999054482844463,2287.4607284739823,Alto,Activo,Alto · Activo
1435,10.0,579.0,670.0,47.132,47.066573544247014,0.9954592375688365,265.94234689236515,Bajo,En riesgo,Bajo · En riesgo
1436,6.0,492.0,607.0,13.311666666666667,14.152424474403144,0.9935989084318378,57.259030227195616,Bajo,En riesgo,Bajo · En riesgo
1437,88.0,670.0,691.0,54.20352272727273,54.18208799140802,0.9983554459967351,2324.4185493140367,Alto,Activo,Alto · Activo
1438,33.0,695.0,701.0,64.32454545454546,64.2147476241554,0.9996193849052519,1047.678406888709,Medio,Activo,Medio · Activo
1439,25.0,570.0,622.0,21.8352,21.982751630686636,0.9964114285809886,308.73531525081705,Bajo,En riesgo,Bajo · En riesgo
1440,87.0,615.0,615.0,28.401724137931033,28.43129057281512,0.9998901646220243,1354.3921015278313,Medio,Activo,Medio · Activo
1441,12.0,614.0,691.0,31.040833333333335,31.215024946678763,0.9964512843427867,201.155593365908,Bajo,En riesgo,Bajo · En riesgo
1442,17.0,633.0,655.0,17.366470588235295,17.627812487730964,0.9990014006297172,164.61139774420997,Bajo,Activo,Bajo · Activo
1443,153.0,626.0,627.0,14.325620915032681,14.358358764936408,0.999920016635697,1171.896311655221,Medio,Activo,Medio · Activo
1444,18.0,578.0,671.0,17.146666666666665,17.395722045714113,0.9912256498387783,165.9274892188513,Bajo,En riesgo,Bajo · En riesgo
1445,158.0,626.0,629.0,32.280443037974685,32.2924920562252,0.9998713422473726,2712.3297918151607,Alto,Activo,Alto · Activo
1446,39.0,586.0,594.0,52.80461538461539,52.762551900566194,0.999585780723348,1189.1766826091698,Medio,Activo,Medio · Activo
1447,35.0,670.0,675.0,17.11657142857143,17.24540067767432,0.9996493755224786,308.9690715415922,Bajo,Activo,Bajo · Activo
1448,73.0,550.0,610.0,26.173972602739727,26.21446718333716,0.7974481905342735,845.0796574108965,Medio,En riesgo,Medio · En riesgo
1449,35.0,519.0,605.0,11.523714285714286,11.680074676269182,0.9390269047067247,218.87924313009617,Bajo,En riesgo,Bajo · En riesgo
1450,60.0,595.0,620.0,27.286833333333334,27.332874357916488,0.9980983671930869,895.8977991128552,Medio,En riesgo,Medio · En riesgo
1451,208.0,596.0,597.0,32.137884615384614,32.14715821264862,0.9999346980562763,3733.418589362216,Alto,Activo,Alto · Activo
1452,266.0,645.0,657.0,7.062218045112782,7.0857822452126165,0.995387689106525,952.1486372403281,Medio,En riesgo,Medio · En riesgo
1453,400.0,613.0,614.0,53.9626,53.95798136361061,0.9999541364664701,11684.318393671663,Alto,Activo,Alto · Activo
1454,133.0,621.0,621.0,36.961052631578944,36.96927818217049,0.9999278701837024,2651.5896085188165,Alto,Activo,Alto · Activo
1455,11.0,242.0,693.0,72.74090909090908,72.28449651223123,0.0035079353650860428,1.5137692005346985,Bajo,En riesgo,Bajo · En riesgo
1456,64.0,559.0,585.0,22.516875,22.572915761749584,0.997243230016675,833.5323362292586,Medio,En riesgo,Medio · En riesgo
1457,30.0,643.0,662.0,80.269,80.05679177650543,0.9992320632172877,1260.9802843886673,Medio,Activo,Medio · Activo
1458,115.0,613.0,619.0,29.90773913043478,29.92785358595839,0.9997458493529262,1864.7583680953092,Alto,Activo,Alto · Activo
1459,71.0,635.0,644.0,64.45605633802818,64.40456066263114,0.9996339416276023,2401.409014168014,Alto,Activo,Alto · Activo
1460,52.0,583.0,642.0,47.00807692307693,46.995730793769845,0.9718664974951946,1260.7822720671802,Medio,En riesgo,Medio · En riesgo
1461,219.0,679.0,681.0,33.06493150684932,33.07300732945155,0.9999168049422579,3552.408565887473,Alto,Activo,Alto · Activo
1462,113.0,615.0,622.0,42.58964601769912,42.59071410010679,0.9996969970819768,2595.716660164956,Alto,Activo,Alto · Activo
1463,119.0,679.0,683.0,28.94344537815126,28.96428568202351,0.999838329255892,1694.908843415229,Alto,Activo,Alto · Activo
1464,69.0,588.0,623.0,35.2968115942029,35.31681317121442,0.9924814006423289,1313.3861713079825,Medio,En riesgo,Medio · En riesgo
1465,52.0,680.0,687.0,19.755192307692308,19.833287550216273,0.9996873165215137,512.0657925132739,Bajo,Activo,Bajo · Activo
1466,34.0,695.0,706.0,28.499411764705883,28.574338595835847,0.9995220458552253,476.3358662636287,Bajo,Activo,Bajo · Activo
1467,362.0,701.0,701.0,8.092292817679558,8.109118494637048,0.9999733739583291,1395.7608127724925,Medio,Activo,Medio · Activo
1468,74.0,525.0,668.0,55.52864864864865,55.50007492915867,0.0001357579268234445,0.2823414843681565,Bajo,En riesgo,Bajo · En riesgo
1469,38.0,527.0,688.0,30.277368421052632,30.33637972313952,0.11532139459127033,66.59788842998285,Bajo,En riesgo,Bajo · En riesgo
1470,111.0,603.0,606.0,17.881351351351352,17.9209194887373,0.9998506411718519,1101.0802259468126,Medio,Activo,Medio · Activo
1471,30.0,618.0,662.0,15.241333333333333,15.402271540427366,0.9973845654221228,242.15373500644347,Bajo,En riesgo,Bajo · En riesgo
1472,3.0,330.0,624.0,63.92666666666667,62.800511604033645,0.9624238619396006,143.2631677693736,Bajo,En riesgo,Bajo · En riesgo
1473,105.0,601.0,604.0,40.86314285714286,40.8671344457785,0.9998464785458794,2384.672227551297,Alto,Activo,Alto · Activo
1474,67.0,622.0,626.0,35.9555223880597,35.974421632437,0.9997811566405459,1303.2708682077227,Medio,Activo,Medio · Activo
1475,261.0,600.0,601.0,56.592911877394634,56.58409140349842,0.9999433161060892,8180.466520169899,Alto,Activo,Alto · Activo
1476,273.0,675.0,676.0,34.52161172161172,34.5271678730236,0.9999473725291724,4650.682805254879,Alto,Activo,Alto · Activo
1477,14.0,599.0,649.0,19.27285714285714,19.566227982585012,0.9978218854943094,154.23366162893493,Bajo,En riesgo,Bajo · En riesgo
1478,4.0,401.0,599.0,19.310000000000002,20.304827353182056,0.9836849722517789,60.3195127546246,Bajo,En riesgo,Bajo · En riesgo
1479,444.0,685.0,687.0,20.526711711711712,20.535584134670135,0.9999219544071388,4418.633441349279,Alto,Activo,Alto · Activo
1480,25.0,582.0,625.0,6.048399999999999,6.3045337564172845,0.9976304327132197,88.23427993900323,Bajo,En riesgo,Bajo · En riesgo
1481,130.0,619.0,622.0,25.242923076923077,25.266924335030595,0.9998621633928223,1768.9038384571368,Alto,Activo,Alto · Activo
1482,16.0,557.0,673.0,48.473125,48.41761338257697,0.9855634293608049,410.8033046699848,Bajo,En riesgo,Bajo · En riesgo
1483,97.0,706.0,706.0,48.64835051546392,48.63879915096318,0.9999013726711998,2252.012294191345,Alto,Activo,Alto · Activo
1484,97.0,600.0,603.0,32.478350515463916,32.49761062173651,0.9998401953957731,1756.644564112361,Alto,Activo,Alto · Activo
1485,63.0,670.0,685.0,33.378571428571426,33.40573011055832,0.9993844538324673,1042.606308044963,Medio,Activo,Medio · Activo
1486,13.0,608.0,621.0,39.43846153846154,39.489055365237,0.9990672930635884,304.4118011851259,Bajo,Activo,Bajo · Activo
1487,33.0,599.0,606.0,42.38696969696969,42.39167139100476,0.9995786588436518,797.9515153004463,Medio,Activo,Medio · Activo
1488,70.0,597.0,616.0,45.32328571428572,45.31826344012891,0.9987716819657538,1739.2573895209275,Alto,Activo,Alto · Activo
1489,370.0,645.0,646.0,46.540864864864865,46.5393432999409,0.9999541067333485,8871.12708319507,Alto,Activo,Alto · Activo
1490,184.0,705.0,707.0,27.34788043478261,27.362865590990225,0.9999123282841609,2383.03720386523,Alto,Activo,Alto · Activo
1491,256.0,628.0,629.0,21.9979296875,22.012319028975973,0.9999437327273332,2985.3250678705863,Alto,Activo,Alto · Activo
1492,88.0,692.0,694.0,13.855681818181818,13.913476349189844,0.9998599512493282,595.2485442496458,Bajo,Activo,Bajo · Activo
1493,23.0,588.0,595.0,35.35217391304348,35.41146610628811,0.9994647650843298,481.67805904303833,Bajo,Activo,Bajo · Activo
1494,54.0,625.0,636.0,46.47814814814815,46.467951516152795,0.9995448820839221,1342.4082107975114,Medio,Activo,Medio · Activo
1495,160.0,627.0,634.0,11.0450625,11.079915788710297,0.9996500236955702,934.7998122846071,Medio,Activo,Medio · Activo
1496,10.0,559.0,613.0,71.899,71.41205181835143,0.997520800660859,441.22503440434474,Bajo,En riesgo,Bajo · En riesgo
1497,8.0,597.0,616.0,60.88125,60.508546197089174,0.9985626780764726,307.4826286898564,Bajo,Activo,Bajo · Activo
1498,25.0,579.0,632.0,34.732800000000005,34.79164151686854,0.9963827649404936,481.0251527849743,Bajo,En riesgo,Bajo · En riesgo
1499,82.0,607.0,607.0,24.97060975609756,25.009204702034776,0.99988354778376,1138.5616974322481,Medio,Activo,Medio · Activo
1500,44.0,584.0,598.0,22.548863636363635,22.630152243879817,0.9993813588684867,569.1926867131949,Bajo,Activo,Bajo · Activo
1501,179.0,609.0,619.0,47.08854748603352,47.08487467460239,0.9990349344866354,4542.7397017053745,Alto,Activo,Alto · Activo
1502,44.0,646.0,677.0,48.79636363636364,48.7747721601542,0.9982526605527712,1084.8486858479603,Medio,Activo,Medio · Activo
1503,15.0,609.0,660.0,7.485333333333333,7.89387748340744,0.9977809461567174,65.16096202888104,Bajo,En riesgo,Bajo · En riesgo
1504,2.0,119.0,633.0,8.17,10.96795558617869,0.5444080285203021,10.829818753019747,Bajo,En riesgo,Bajo · En riesgo
1505,97.0,537.0,597.0,41.05463917525773,41.05861817515647,0.2659822135463415,596.2361424369803,Bajo,En riesgo,Bajo · En riesgo
1506,124.0,664.0,665.0,19.181774193548385,19.21538658893633,0.9999068835622629,1202.3302108286096,Medio,Activo,Medio · Activo
1507,24.0,598.0,609.0,56.802083333333336,56.70528635062869,0.9993899555207666,784.6867251385943,Medio,Activo,Medio · Activo
1508,77.0,625.0,667.0,23.786103896103896,23.829856881064906,0.9815538676123265,912.6859371525653,Medio,En riesgo,Medio · En riesgo
1509,180.0,652.0,653.0,35.774,35.781220558521,0.9999297903433032,3296.705256905833,Alto,Activo,Alto · Activo
1510,503.0,629.0,629.0,22.28502982107356,22.292256863832904,0.9999808229566689,5923.921887972348,Alto,Activo,Alto · Activo
1511,129.0,630.0,636.0,28.802713178294574,28.822128755436836,0.999749102870006,1958.950835485922,Alto,Activo,Alto · Activo
1512,73.0,683.0,687.0,22.874657534246573,22.92295892721418,0.999799572149282,824.3931332678901,Medio,Activo,Medio · Activo
1513,62.0,651.0,655.0,15.003548387096775,15.082315225644791,0.9997750831282556,484.462323847424,Bajo,Activo,Bajo · Activo
1514,56.0,609.0,616.0,41.56964285714286,41.574938685434,0.999676627229238,1284.176252353697,Medio,Activo,Medio · Activo
1515,90.0,660.0,660.0,45.45088888888889,45.44673552150778,0.9998937856929517,2088.4479032697313,Alto,Activo,Alto · Activo
1516,14.0,360.0,575.0,13.433571428571428,13.7982760502278,0.5669666497570953,69.595692358081,Bajo,En riesgo,Bajo · En riesgo
1517,119.0,633.0,636.0,31.942857142857143,31.959339726395694,0.9998589587802014,2005.9019490805317,Alto,Activo,Alto · Activo
1518,27.0,616.0,651.0,48.662592592592596,48.62834546710816,0.9983798165472698,703.8177378059877,Medio,Activo,Medio · Activo
1519,28.0,651.0,672.0,81.48071428571428,81.24599473872156,0.9991633199923153,1180.7618828158465,Medio,Activo,Medio · Activo
1520,128.0,606.0,609.0,29.51625,29.53485318077849,0.9998595443553926,2078.8767097502405,Alto,Activo,Alto · Activo
1521,28.0,579.0,624.0,25.715714285714284,25.823705766990486,0.997095484633736,402.79871705981776,Bajo,En riesgo,Bajo · En riesgo
1522,30.0,541.0,619.0,35.82866666666667,35.87146915795761,0.9803634052396094,592.1337496162273,Bajo,En riesgo,Bajo · En riesgo
1523,49.0,596.0,628.0,33.009795918367345,33.045985383170255,0.9974171392665254,877.59064229575,Medio,En riesgo,Medio · En riesgo
1524,52.0,627.0,628.0,53.04653846153846,53.01415310508185,0.9998016893038056,1495.1395437926753,Medio,Activo,Medio · Activo
1525,29.0,629.0,650.0,56.44275862068965,56.36468430445086,0.9991382353490337,875.092337908432,Medio,Activo,Medio · Activo
1526,193.0,635.0,636.0,14.939326424870465,14.964735243455104,0.9999326805754466,1516.3321689259856,Medio,Activo,Medio · Activo
1527,252.0,677.0,678.0,68.4445634920635,68.42729089180716,0.9999447818124447,8486.994263344171,Alto,Activo,Alto · Activo
1528,199.0,657.0,657.0,40.46673366834171,40.46918602145514,0.9999516733951576,4094.4865358301413,Alto,Activo,Alto · Activo
1529,183.0,616.0,620.0,48.92830601092896,48.922974399238285,0.9998300960855406,4820.8971639441,Alto,Activo,Alto · Activo
1530,45.0,599.0,603.0,18.977333333333334,19.07051157628167,0.9997152606519526,486.38647002301144,Bajo,Activo,Bajo · Activo
1531,40.0,640.0,641.0,23.314,23.40008478273839,0.9997487455216613,501.6015677014487,Bajo,Activo,Bajo · Activo
1532,74.0,617.0,659.0,25.184864864864867,25.227122363980023,0.9831668051365658,941.8874719980433,Medio,En riesgo,Medio · En riesgo
1533,21.0,614.0,625.0,11.689047619047619,11.947443853247218,0.9993497047367923,142.18048304028187,Bajo,Activo,Bajo · Activo
1534,255.0,603.0,606.0,33.12960784313725,33.13650043861038,0.9998680988060645,4642.8536173646,Alto,Activo,Alto · Activo
1535,182.0,629.0,629.0,45.43906593406593,45.43702131247402,0.9999471839617285,4391.084470051226,Alto,Activo,Alto · Activo
1536,143.0,664.0,664.0,47.832587412587415,47.8270913154551,0.9999328793074722,3450.979479822431,Alto,Activo,Alto · Activo
1537,105.0,640.0,660.0,27.376952380952382,27.403145662690502,0.9977138051609692,1462.6007398510483,Medio,En riesgo,Medio · En riesgo
1538,27.0,644.0,648.0,17.816296296296297,17.978595449500208,0.9995894244851717,261.71133785157866,Bajo,Activo,Bajo · Activo
1539,9.0,583.0,622.0,8.156666666666666,8.819761459390058,0.9981198113643501,49.063459921462545,Bajo,En riesgo,Bajo · En riesgo
1540,127.0,612.0,613.0,28.125354330708664,28.145997448572214,0.9999071986411341,1953.3236778313071,Alto,Activo,Alto · Activo
1541,97.0,590.0,596.0,79.12298969072165,79.05913905745616,0.9997375355026916,4322.285504295718,Alto,Activo,Alto · Activo
1542,104.0,678.0,687.0,18.564134615384617,18.605226741686508,0.9996379586817574,947.5138152031798,Medio,Activo,Medio · Activo
1543,69.0,576.0,603.0,37.51869565217391,37.533135811097516,0.9967183701947105,1447.3702702592457,Medio,En riesgo,Medio · En riesgo
1544,47.0,671.0,691.0,49.68936170212766,49.66586573614561,0.9991824195354457,1155.1783204844796,Medio,Activo,Medio · Activo
1545,159.0,643.0,645.0,24.646352201257862,24.66662955727335,0.9999013648557717,2034.0784897472731,Alto,Activo,Alto · Activo
1546,79.0,590.0,597.0,51.41240506329114,51.394637558524245,0.9996930615520419,2292.2942088958757,Alto,Activo,Alto · Activo
1547,224.0,665.0,666.0,9.891607142857142,9.917400919567237,0.9999400384693968,1113.5330242385173,Medio,Activo,Medio · Activo
1548,102.0,677.0,678.0,37.70617647058824,37.71563502689247,0.9998909340062065,1909.398921508876,Alto,Activo,Alto · Activo
1549,151.0,705.0,705.0,13.078874172185431,13.113473063905609,0.9999364120481602,941.4893590802653,Medio,Activo,Medio · Activo
1550,220.0,655.0,656.0,11.541,11.565965321618009,0.9999390140953079,1294.6962552786592,Medio,Activo,Medio · Activo
1551,17.0,687.0,702.0,41.194705882352935,41.21580863344318,0.9992047039015812,359.6114014871787,Bajo,Activo,Bajo · Activo
1552,34.0,606.0,625.0,31.450882352941175,31.510855258819593,0.9991900469225928,591.9070349759855,Bajo,Activo,Bajo · Activo
1553,9.0,678.0,694.0,15.427777777777777,15.953631425594745,0.9987707441087025,79.7473559033779,Bajo,Activo,Bajo · Activo
1554,33.0,683.0,690.0,29.65939393939394,29.73052509616598,0.9995981691182295,492.65258973993406,Bajo,Activo,Bajo · Activo
1555,75.0,637.0,651.0,19.242,19.297383199950367,0.999347559203982,751.0120115061143,Medio,Activo,Medio · Activo
1556,129.0,615.0,616.0,29.375426356589145,29.394074277805135,0.9999084245291866,2061.8008557297335,Alto,Activo,Alto · Activo
1557,164.0,620.0,621.0,39.52908536585366,39.5330494057655,0.9999238608875166,3489.162308048816,Alto,Activo,Alto · Activo
1558,134.0,707.0,707.0,33.188805970149254,33.201838053586215,0.9999284044910112,2112.0443384439395,Alto,Activo,Alto · Activo
1559,51.0,689.0,696.0,51.92490196078432,51.89567874520502,0.9996866306742479,1298.0887165714837,Medio,Activo,Medio · Activo
1560,42.0,593.0,601.0,28.60833333333333,28.668599802707938,0.9996016374190568,686.1274313719591,Medio,Activo,Medio · Activo
1561,4.0,524.0,624.0,98.7975,96.49442828163083,0.995076461026462,278.57404090605473,Bajo,En riesgo,Bajo · En riesgo
1562,38.0,616.0,617.0,31.058157894736844,31.113627774681426,0.9997360582925463,658.9991096160084,Medio,Activo,Medio · Activo
1563,92.0,588.0,601.0,51.65956521739131,51.64383934678887,0.9992261090436674,2656.845724376835,Alto,Activo,Alto · Activo
1564,34.0,622.0,669.0,12.500294117647059,12.656282101931826,0.9965025173028567,221.77513518191697,Bajo,En riesgo,Bajo · En riesgo
1565,29.0,591.0,650.0,14.794827586206896,14.963932447732557,0.9944555329130016,231.23434016771733,Bajo,En riesgo,Bajo · En riesgo
1566,230.0,614.0,616.0,45.60852173913044,45.606776031527325,0.9999123003970385,5675.5793818213515,Alto,Activo,Alto · Activo
1567,136.0,591.0,594.0,15.111617647058821,15.147443144353286,0.9998602085721482,1160.1030734437716,Medio,Activo,Medio · Activo
1568,73.0,601.0,604.0,62.516164383561645,62.47066636676727,0.9998119650455515,2549.5285570603264,Alto,Activo,Alto · Activo
1569,89.0,692.0,697.0,15.075842696629213,15.130620004706534,0.9997960240287407,651.7440193151208,Medio,Activo,Medio · Activo
1570,50.0,557.0,604.0,47.54560000000001,47.53090679995452,0.9887478858985437,1325.8220152904719,Medio,En riesgo,Medio · En riesgo
1571,41.0,650.0,653.0,13.60658536585366,13.731401062235305,0.9997210373840444,295.9939767916477,Bajo,Activo,Bajo · Activo
1572,48.0,605.0,605.0,51.90729166666667,51.876311858768936,0.9998027390494225,1404.0677892657798,Medio,Activo,Medio · Activo
1573,66.0,601.0,616.0,5.59439393939394,5.693018525623052,0.9992605156828381,206.36241701892843,Bajo,Activo,Bajo · Activo
1574,23.0,544.0,604.0,153.4121739130435,152.5893626682998,0.9950488958669056,2036.1967542727687,Alto,En riesgo,Alto · En riesgo
1575,53.0,621.0,622.0,30.877169811320755,30.917581118628227,0.9998048986079384,896.6789745030427,Medio,Activo,Medio · Activo
1576,17.0,676.0,696.0,26.174705882352942,26.34724208894294,0.9990876998524005,231.8033884232732,Bajo,Activo,Bajo · Activo
1577,71.0,618.0,637.0,53.33267605633802,53.30824003880932,0.9988392623210879,2007.5167341540255,Alto,Activo,Alto · Activo
1578,82.0,580.0,594.0,34.538658536585366,34.55709326831608,0.9991773774698058,1605.8637728590147,Medio,Activo,Medio · Activo
1579,412.0,696.0,697.0,30.776529126213592,30.781784736171087,0.9999580015734624,6061.005518542035,Alto,Activo,Alto · Activo
1580,154.0,659.0,660.0,11.467857142857143,11.503592014128888,0.9999213587457765,898.5561431404096,Medio,Activo,Medio · Activo
1581,26.0,275.0,278.0,46.934615384615384,46.91049076456795,0.9995229943504822,1500.499833527109,Medio,Activo,Medio · Activo
1582,33.0,502.0,611.0,54.85151515151515,54.791160225689744,0.8204246722804303,839.7061568305018,Medio,En riesgo,Medio · En riesgo
1583,18.0,601.0,627.0,17.906111111111112,18.147931005121198,0.9988564635488003,186.4498714254693,Bajo,Activo,Bajo · Activo
1584,244.0,703.0,704.0,30.270860655737707,30.28009088288626,0.9999443653838874,3504.9724600515347,Alto,Activo,Alto · Activo
1585,133.0,637.0,643.0,69.61157894736843,69.5773547423789,0.9997507290216755,4821.8479999169795,Alto,Activo,Alto · Activo
1586,62.0,613.0,615.0,35.670806451612904,35.69201846990612,0.9998120056019036,1219.6819728761486,Medio,Activo,Medio · Activo
1587,59.0,624.0,624.0,11.956440677966102,12.048116783675463,0.9998389054414636,386.70884238520495,Bajo,Activo,Bajo · Activo
1588,195.0,608.0,611.0,24.889384615384618,24.90570618192597,0.9998724218447282,2651.7643615637144,Alto,Activo,Alto · Activo
1589,17.0,629.0,632.0,18.790588235294116,19.03757200853597,0.999414505336458,184.2032136404527,Bajo,Activo,Bajo · Activo
1590,137.0,700.0,707.0,58.31452554744526,58.29555861304799,0.9997278530928873,3789.6770776420444,Alto,Activo,Alto · Activo
1591,92.0,684.0,687.0,52.39217391304348,52.37507188116944,0.9998445183125848,2364.3148497445436,Alto,Activo,Alto · Activo
1592,49.0,608.0,608.0,47.890408163265306,47.8742020668358,0.9998066845151264,1315.5498169244856,Medio,Activo,Medio · Activo
1593,40.0,622.0,638.0,43.60025,43.598903343060584,0.9993360427582979,938.5084483105778,Medio,Activo,Medio · Activo
1594,86.0,575.0,581.0,34.69627906976744,34.7135413989319,0.999729035885083,1728.4706271065245,Alto,Activo,Alto · Activo
1595,121.0,665.0,666.0,46.238264462809916,46.23404859685173,0.9999050423169084,2819.576506198703,Alto,Activo,Alto · Activo
1596,24.0,633.0,635.0,85.29916666666666,84.9982574821023,0.9995815642069245,1129.1386025810402,Medio,Activo,Medio · Activo
1597,48.0,620.0,626.0,15.661458333333334,15.760751632577827,0.9996848969629537,412.48096057921697,Bajo,Activo,Bajo · Activo
1598,242.0,607.0,607.0,47.56822314049587,47.56516284647904,0.9999602251266114,6317.034951147507,Alto,Activo,Alto · Activo
1599,152.0,685.0,686.0,40.44664473684211,40.449877377636845,0.9999212448800617,3002.7175131987638,Alto,Activo,Alto · Activo
1600,47.0,666.0,671.0,18.74148936170213,18.831582754738147,0.9997122924661479,451.072412816866,Bajo,Activo,Bajo · Activo
1601,20.0,701.0,704.0,63.986000000000004,63.80835178299934,0.9994961984805885,645.5679496969469,Medio,Activo,Medio · Activo
1602,143.0,636.0,637.0,44.589230769230774,44.58765691788261,0.9999160890275942,3351.0704801443712,Alto,Activo,Alto · Activo
1603,10.0,468.0,609.0,43.956,43.944627446675426,0.9832922536042175,269.36700926179356,Bajo,En riesgo,Bajo · En riesgo
1604,147.0,605.0,605.0,5.540204081632653,5.584612192835488,0.9999346934185638,453.73164961561145,Bajo,Activo,Bajo · Activo
1605,55.0,601.0,610.0,13.129818181818182,13.224458480855644,0.9996062383744828,405.2163615266625,Bajo,Activo,Bajo · Activo
1606,18.0,589.0,605.0,57.87055555555556,57.73162062026971,0.9991507489124315,614.4655793997842,Bajo,Activo,Bajo · Activo
1607,120.0,648.0,649.0,32.07966666666667,32.09581498237156,0.9999039549445747,1991.3187657341427,Alto,Activo,Alto · Activo
1608,37.0,609.0,633.0,36.39702702702703,36.42912220937348,0.9989034216324676,732.759784641418,Medio,Activo,Medio · Activo
1609,325.0,669.0,669.0,85.31913846153847,85.29675845110195,0.999970351955294,13806.727313691345,Alto,Activo,Alto · Activo
1610,7.0,380.0,625.0,19.254285714285714,19.834394423616388,0.9305196019771402,82.81229779408974,Bajo,En riesgo,Bajo · En riesgo
1611,44.0,634.0,638.0,14.78340909090909,14.89513528729293,0.9997154474100691,351.6964547089692,Bajo,Activo,Bajo · Activo
1612,128.0,682.0,682.0,65.57921875,65.54910655029079,0.9999250743866333,4128.621999967372,Alto,Activo,Alto · Activo
1613,121.0,667.0,672.0,52.94603305785124,52.93223260593344,0.9998050698476814,3199.4193908790985,Alto,Activo,Alto · Activo
1614,68.0,609.0,622.0,7.594117647058823,7.684770109636111,0.9994074917398015,284.14451552274323,Bajo,Activo,Bajo · Activo
1615,36.0,617.0,668.0,23.941111111111113,24.033713438142545,0.9951421177597334,444.93729677433157,Bajo,En riesgo,Bajo · En riesgo
1616,36.0,614.0,693.0,34.10138888888889,34.145359341940996,0.9778418204431766,599.1126941634571,Bajo,En riesgo,Bajo · En riesgo
1617,74.0,685.0,709.0,54.93824324324324,54.91104770172322,0.998335206327924,1937.3966742644025,Alto,Activo,Alto · Activo
1618,87.0,593.0,593.0,52.09448275862069,52.076991072214824,0.9998901646220243,2571.0581255683346,Alto,Activo,Alto · Activo
1619,169.0,617.0,620.0,26.013491124260355,26.03117065475972,0.9998718182971144,2370.5436839042136,Alto,Activo,Alto · Activo
1620,268.0,640.0,643.0,34.37417910447761,34.379934036010624,0.9998758678673904,4775.282513396765,Alto,Activo,Alto · Activo
1621,76.0,617.0,619.0,42.355,42.357120238790166,0.9998393885450602,1755.589556727297,Alto,Activo,Alto · Activo
1622,89.0,678.0,678.0,43.04089887640449,43.04137825346973,0.9998926054929886,1905.23667838674,Alto,Activo,Alto · Activo
1623,123.0,598.0,599.0,38.34520325203252,38.35215093741785,0.999904379950779,2637.855704964796,Alto,Activo,Alto · Activo
1624,69.0,575.0,603.0,22.565942028985507,22.617809214835127,0.9963006152613754,871.8329319616432,Medio,En riesgo,Medio · En riesgo
1625,35.0,591.0,601.0,13.122285714285715,13.270777050617163,0.9995102603139419,266.4343947682171,Bajo,Activo,Bajo · Activo
1626,1.0,333.0,605.0,40.959999999999994,41.30355433027097,0.979927181350619,54.5914150311388,Bajo,En riesgo,Bajo · En riesgo
1627,89.0,649.0,649.0,38.8552808988764,38.86388721817718,0.9998926054929886,1795.8183351962457,Alto,Activo,Alto · Activo
1628,17.0,636.0,645.0,32.04117647058824,32.154566211614714,0.9993068753582132,304.9294181255751,Bajo,Activo,Bajo · Activo
1629,8.0,660.0,708.0,65.985,65.50417719765993,0.9979350660939361,290.14288072325564,Bajo,En riesgo,Bajo · En riesgo
1630,180.0,607.0,608.0,51.26688888888889,51.25922118523987,0.9999283771918899,5065.672413118352,Alto,Activo,Alto · Activo
1631,272.0,614.0,614.0,38.088897058823534,38.09220431213412,0.9999645960418728,5618.780667885389,Alto,Activo,Alto · Activo
1632,59.0,602.0,640.0,35.34881355932203,35.37204315594719,0.9939032103289109,1100.8925862338065,Medio,En riesgo,Medio · En riesgo
1633,177.0,700.0,705.0,56.94943502824859,56.93608424676406,0.9998102179013371,4784.246974000412,Alto,Activo,Alto · Activo
1634,77.0,673.0,675.0,59.81402597402598,59.77694856658521,0.9998441580121707,2304.95979846062,Alto,Activo,Alto · Activo
1635,16.0,570.0,618.0,7.81125,8.191044391892651,0.9977265075209308,76.49934821286496,Bajo,En riesgo,Bajo · En riesgo
1636,19.0,640.0,641.0,62.9,62.72289335614404,0.9995012381450865,663.4129379817455,Medio,Activo,Medio · Activo
1637,60.0,640.0,640.0,19.169666666666668,19.239063958139667,0.9998415464712196,612.3218014283336,Bajo,Activo,Bajo · Activo
1638,45.0,581.0,596.0,11.831111111111111,11.951679722502867,0.9993275971495921,308.2145290111033,Bajo,Activo,Bajo · Activo
1639,90.0,631.0,631.0,28.174666666666663,28.203685419731507,0.9998937856929517,1354.5388214578245,Medio,Activo,Medio · Activo
1640,118.0,637.0,637.0,36.75372881355932,36.763302214033516,0.9999187779511872,2284.874030886217,Alto,Activo,Alto · Activo
1641,41.0,619.0,623.0,14.003170731707318,14.126318703505321,0.9996988543169272,318.8907789321524,Bajo,Activo,Bajo · Activo
1642,116.0,680.0,686.0,17.547241379310346,17.585604484968687,0.9997717908798424,999.052504071017,Medio,Activo,Medio · Activo
1643,38.0,628.0,637.0,35.66578947368421,35.700360546655524,0.9995694729978946,732.7159818946496,Medio,Activo,Medio · Activo
1644,14.0,598.0,598.0,23.606428571428573,23.84685971024388,0.999355521019659,204.01081460046169,Bajo,Activo,Bajo · Activo
1645,6.0,551.0,596.0,47.541666666666664,47.42235578401768,0.9975465339811102,196.11364246730938,Bajo,En riesgo,Bajo · En riesgo
1646,59.0,650.0,662.0,24.953898305084746,25.00754361306109,0.9995216552204185,757.1589010837073,Medio,Activo,Medio · Activo
1647,11.0,622.0,660.0,3.7936363636363635,4.405647301891906,0.9983342467863164,27.546960334149762,Bajo,Activo,Bajo · Activo
1648,94.0,624.0,651.0,54.96691489361702,54.9454422850131,0.9945935704518735,2656.9988663714307,Alto,En riesgo,Alto · En riesgo
1649,46.0,601.0,601.0,22.778695652173912,22.855601393129124,0.9997943444080372,597.4602272284088,Bajo,Activo,Bajo · Activo
1650,94.0,588.0,594.0,23.943297872340427,23.978863623008884,0.9997363718774002,1275.2143580902139,Medio,Activo,Medio · Activo
1651,60.0,678.0,678.0,33.02016666666667,33.049710646283174,0.9998415464712196,993.9265480786789,Medio,Activo,Medio · Activo
1652,36.0,702.0,705.0,25.878055555555555,25.961386754357285,0.9996942337653256,457.9007423237235,Bajo,Activo,Bajo · Activo
1653,372.0,620.0,621.0,51.262177419354835,51.258467590918734,0.9999531690375657,10211.366747496066,Alto,Activo,Alto · Activo
1654,37.0,629.0,661.0,20.475135135135137,20.581389862497257,0.9983384634910124,396.53423090584687,Bajo,Activo,Bajo · Activo
1655,22.0,703.0,703.0,22.045454545454547,22.21132793993751,0.9995797180955102,246.0214179829967,Bajo,Activo,Bajo · Activo
1656,9.0,631.0,682.0,47.25222222222222,47.17739419638244,0.9978496245147468,239.6828231340098,Bajo,En riesgo,Bajo · En riesgo
1657,26.0,574.0,604.0,24.068846153846152,24.19598415182623,0.998586002386479,363.7603758256077,Bajo,Activo,Bajo · Activo
1658,57.0,614.0,618.0,31.191578947368424,31.228210812929383,0.99975796176618,978.332917967623,Medio,Activo,Medio · Activo
1659,118.0,618.0,620.0,23.687033898305085,23.715752001302953,0.9998812882168117,1513.5614884709357,Medio,Activo,Medio · Activo
1660,51.0,645.0,652.0,39.99039215686275,40.00154874076054,0.9996755110488453,1066.887157678167,Medio,Activo,Medio · Activo
1661,42.0,660.0,662.0,33.71666666666666,33.75596089085446,0.9997441527359441,734.8474264495519,Medio,Activo,Medio · Activo
1662,77.0,617.0,626.0,110.51714285714286,110.36631054524794,0.9996213001729178,4581.585580652358,Alto,Activo,Alto · Activo
1663,161.0,614.0,616.0,11.385527950310559,11.419799243464562,0.9998997035554353,997.4883093719461,Medio,Activo,Medio · Activo
1664,29.0,616.0,630.0,72.00758620689656,71.8371351221307,0.9993684592494547,1150.3318181640057,Medio,Activo,Medio · Activo
1665,91.0,660.0,664.0,17.021538461538462,17.071419199624035,0.9998179240807664,788.3187738738363,Medio,Activo,Medio · Activo
1666,72.0,557.0,594.0,14.424999999999999,14.494241168420166,0.9864732745333401,585.3091861976649,Bajo,En riesgo,Bajo · En riesgo
1667,25.0,654.0,664.0,32.3168,32.39225884373435,0.9994480666416805,427.95762143339397,Bajo,Activo,Bajo · Activo
1668,75.0,598.0,613.0,29.855466666666665,29.886404519289048,0.9991819394144245,1233.6516955093828,Medio,Activo,Medio · Activo
1669,8.0,676.0,684.0,36.56125,36.70374660191293,0.9988013576199719,168.32808885805335,Bajo,Activo,Bajo · Activo
1670,16.0,602.0,689.0,5.650625,6.053549979116623,0.9942457326077869,50.6313821375317,Bajo,En riesgo,Bajo · En riesgo
1671,37.0,640.0,641.0,35.54837837837838,35.584426319485495,0.9997301543790057,707.5822645961073,Medio,Activo,Medio · Activo
1672,62.0,670.0,680.0,27.182741935483868,27.227591778688925,0.9996128584309835,842.8410309678686,Medio,Activo,Medio · Activo
1673,89.0,591.0,609.0,52.873820224719104,52.85520765783881,0.9984554411477098,2595.9641763355053,Alto,Activo,Alto · Activo
1674,7.0,359.0,651.0,15.930000000000001,16.590348647754308,0.8566008320842723,61.264030138200326,Bajo,En riesgo,Bajo · En riesgo
1675,95.0,575.0,653.0,50.51873684210526,50.50558210197801,0.054139219909210924,133.93142896076677,Bajo,En riesgo,Bajo · En riesgo
1676,83.0,591.0,596.0,60.779397590361455,60.74298528189523,0.9997684966742636,2848.822450378943,Alto,Activo,Alto · Activo
1677,170.0,689.0,696.0,73.81252941176471,73.78147219255854,0.9996884048776534,6031.567138490611,Alto,Activo,Alto · Activo
1678,69.0,581.0,593.0,37.69043478260869,37.70444507521997,0.9994317137955944,1482.0421718425705,Medio,Activo,Medio · Activo
1679,32.0,679.0,681.0,8.483125,8.67042840350688,0.9996772847437538,141.3288651440062,Bajo,Activo,Bajo · Activo
1680,50.0,620.0,643.0,39.5436,39.5565207734653,0.9988031513584916,1048.2177659314202,Medio,Activo,Medio · Activo
1681,80.0,583.0,650.0,32.018,32.04233821178796,0.5793637156577639,771.3859452265986,Medio,En riesgo,Medio · En riesgo
1682,8.0,623.0,631.0,15.907499999999999,16.487530333867234,0.9987903927863986,81.84725620758681,Bajo,Activo,Bajo · Activo
1683,80.0,679.0,687.0,23.73075,23.772985333473454,0.999694655690366,935.2354871206647,Medio,Activo,Medio · Activo
1684,45.0,643.0,647.0,32.123999999999995,32.16678909570308,0.9997210092775287,765.6116263423419,Medio,Activo,Medio · Activo
1685,83.0,663.0,667.0,18.875903614457833,18.926721890625227,0.9998102728460407,794.8401770091434,Medio,Activo,Medio · Activo
1686,84.0,602.0,602.0,15.303095238095239,15.360658941530128,0.9998862879366889,721.8971681439332,Medio,Activo,Medio · Activo
1687,102.0,610.0,616.0,36.3578431372549,36.36958656714261,0.999746067017452,2022.8033903478797,Alto,Activo,Alto · Activo
1688,32.0,602.0,630.0,28.41,28.490065731394143,0.9986939874681917,500.80052310550843,Bajo,Activo,Bajo · Activo
1689,109.0,701.0,702.0,24.676422018348624,24.705938473342123,0.9998973872074389,1290.4984450797717,Medio,Activo,Medio · Activo
1690,46.0,602.0,618.0,32.43,32.4707149363667,0.9993009811653197,825.4852879424075,Medio,Activo,Medio · Activo
1691,47.0,616.0,617.0,46.486382978723405,46.47464304870201,0.9997824502426333,1208.8926708059569,Medio,Activo,Medio · Activo
1692,122.0,692.0,693.0,16.46049180327869,16.49851099557876,0.9999063341818201,975.516815492406,Medio,Activo,Medio · Activo
1693,146.0,604.0,605.0,56.73623287671233,56.72030323538547,0.999916434460529,4577.217266010007,Alto,Activo,Alto · Activo
1694,165.0,603.0,603.0,48.61018181818182,48.60460265746736,0.999941774988472,4442.180276346993,Alto,Activo,Alto · Activo
1695,139.0,682.0,683.0,8.389928057553957,8.43334358401874,0.9999154505512674,575.4721863801058,Bajo,Activo,Bajo · Activo
1696,59.0,606.0,613.0,44.328983050847455,44.32593650798916,0.9996812201539726,1447.5520906001952,Medio,Activo,Medio · Activo
1697,39.0,592.0,605.0,23.50102564102564,23.588481333647923,0.9994269583182149,522.0787535148557,Bajo,Activo,Bajo · Activo
1698,31.0,628.0,637.0,56.314193548387095,56.24184238344884,0.9995242538998989,949.5216479128069,Medio,Activo,Medio · Activo
1699,24.0,610.0,623.0,42.18833333333333,42.19620827985866,0.9993445893608115,571.006366065495,Bajo,Activo,Bajo · Activo
1700,28.0,602.0,636.0,56.37714285714286,56.29670055891743,0.9983646638132733,862.9473449264052,Medio,Activo,Medio · Activo
1701,27.0,603.0,630.0,50.394444444444446,50.349162313867296,0.9988246688306524,752.9036771471988,Medio,Activo,Medio · Activo
1702,27.0,549.0,604.0,70.87814814814816,70.70234805528324,0.9950429133084384,1097.7266230712914,Medio,En riesgo,Medio · En riesgo
1703,172.0,597.0,600.0,26.945406976744184,26.961841295154787,0.9998687073333425,2580.1806784817572,Alto,Activo,Alto · Activo
1704,34.0,703.0,704.0,11.711470588235294,11.87145522698191,0.9997097676977311,198.4880402078889,Bajo,Activo,Bajo · Activo
1705,147.0,672.0,674.0,12.260612244897958,12.297114138870063,0.999899165891871,898.5434580205579,Medio,Activo,Medio · Activo
1706,16.0,616.0,636.0,20.325,20.57082834694086,0.9990159608415172,187.02201594781715,Bajo,Activo,Bajo · Activo
1707,388.0,693.0,695.0,16.933041237113404,16.94479657428136,0.9999249394767191,3151.589860800194,Alto,Activo,Alto · Activo
1708,54.0,605.0,616.0,65.04148148148148,64.97195495259984,0.9995307207240637,1936.7385588187667,Alto,Activo,Alto · Activo
1709,75.0,638.0,642.0,28.35493333333333,28.389327272422328,0.999796492607194,1120.5631678333868,Medio,Activo,Medio · Activo
1710,149.0,689.0,695.0,80.4,80.35692475009938,0.9997671021407913,5773.167693380741,Alto,Activo,Alto · Activo
1711,9.0,579.0,645.0,71.19666666666666,70.66989079963899,0.9970703470882207,378.9642699700556,Bajo,En riesgo,Bajo · En riesgo
1712,19.0,573.0,594.0,33.41263157894737,33.50180851514764,0.9990039706894621,381.64683800803465,Bajo,Activo,Bajo · Activo
1713,32.0,685.0,692.0,53.819375,53.762698656942455,0.9995905218929897,862.5661238581444,Medio,Activo,Medio · Activo
1714,8.0,617.0,675.0,32.52875,32.75667199798414,0.9975230948624323,152.0000094977904,Bajo,En riesgo,Bajo · En riesgo
1715,50.0,688.0,689.0,19.5348,19.616768820601365,0.9997959977626646,486.19086119278626,Bajo,Activo,Bajo · Activo
1716,126.0,611.0,620.0,15.414920634920636,15.453169314969092,0.9995245379713626,1051.904116781712,Medio,Activo,Medio · Activo
1717,84.0,652.0,652.0,20.69904761904762,20.745512006273966,0.9998862879366889,901.525190321495,Medio,Activo,Medio · Activo
1718,32.0,667.0,667.0,26.414375,26.505180306937724,0.9997070883148831,440.96082944438496,Bajo,Activo,Bajo · Activo
1719,69.0,638.0,640.0,48.47811594202899,48.46512446336808,0.9998284663672845,1768.339052920545,Alto,Activo,Alto · Activo
1720,138.0,622.0,629.0,41.43391304347826,41.43623609843958,0.9996773521058531,3043.2426370439416,Alto,Activo,Alto · Activo
1721,15.0,595.0,597.0,22.48,22.71743904970748,0.9993621187923614,207.2573114754097,Bajo,Activo,Bajo · Activo
1722,169.0,684.0,687.0,66.1468047337278,66.12340948317569,0.9998814665675245,5444.26595422968,Alto,Activo,Alto · Activo
1723,76.0,674.0,705.0,58.42249999999999,58.38809878192521,0.9961343683261438,2121.7854205390136,Alto,En riesgo,Alto · En riesgo
1724,90.0,620.0,641.0,28.774555555555555,28.802422460362113,0.9978778685129273,1359.3573087119605,Medio,En riesgo,Medio · En riesgo
1725,17.0,627.0,627.0,46.57588235294117,46.54273143242055,0.9994629528420206,453.88378036196644,Bajo,Activo,Bajo · Activo
1726,137.0,659.0,659.0,59.090802919708025,59.070856158103325,0.9999299609503799,4115.692192185501,Alto,Activo,Alto · Activo
1727,1.0,9.0,602.0,75.0,70.31965722913887,0.04027861449710444,3.8389416122834206,Bajo,En riesgo,Bajo · En riesgo
1728,20.0,600.0,605.0,75.8095,75.5303732524656,0.9994516553791349,886.7760324422928,Medio,Activo,Medio · Activo
1729,77.0,672.0,677.0,35.643896103896104,35.661045556321945,0.999780302529575,1370.9862281430167,Medio,Activo,Medio · Activo
1730,130.0,673.0,677.0,26.934538461538462,26.95628972288639,0.9998411222676543,1736.4447358382606,Alto,Activo,Alto · Activo
1731,68.0,640.0,648.0,50.56102941176471,50.54255731965037,0.9996726238173858,1795.6436834260453,Alto,Activo,Alto · Activo
1732,86.0,596.0,604.0,39.52139534883721,39.5289629080078,0.9996505662657527,1894.5745681724559,Alto,Activo,Alto · Activo
1733,30.0,701.0,703.0,49.38966666666667,49.354652453090274,0.9996594060282202,733.1126348387936,Medio,Activo,Medio · Activo
1734,18.0,570.0,604.0,8.766666666666667,9.0955611505448,0.9984609750950528,96.89873123564435,Bajo,Activo,Bajo · Activo
1735,84.0,607.0,607.0,45.84011904761905,45.83486898632796,0.9998862879366889,2136.6719492876828,Alto,Activo,Alto · Activo
1736,21.0,528.0,609.0,17.374761904761904,17.58666366042566,0.9898672388215709,212.64714656117138,Bajo,En riesgo,Bajo · En riesgo
1737,26.0,601.0,628.0,12.981538461538461,13.182021693238394,0.998828065037673,190.78941049055993,Bajo,Activo,Bajo · Activo
1738,57.0,656.0,687.0,24.05894736842105,24.117179514309182,0.9976277087226246,679.4987355057332,Medio,En riesgo,Medio · En riesgo
1739,32.0,619.0,621.0,23.88125,23.98568747094591,0.9996742952678054,428.0386734372432,Bajo,Activo,Bajo · Activo
1740,269.0,618.0,620.0,44.33587360594796,44.33519944301537,0.9999154695922493,6406.1679986058425,Alto,Activo,Alto · Activo
1741,13.0,580.0,596.0,10.953076923076923,11.37806948907722,0.9989837775407568,91.31100538004641,Bajo,Activo,Bajo · Activo
1742,272.0,630.0,639.0,7.8392647058823535,7.861815123464363,0.9983947433804997,1113.3550322535789,Medio,Activo,Medio · Activo
1743,41.0,628.0,637.0,28.09609756097561,28.159981821723562,0.9995830848049991,621.9003815270261,Bajo,Activo,Bajo · Activo
1744,50.0,630.0,638.0,20.596999999999998,20.675303291650703,0.9996410542924704,552.5588574731078,Bajo,Activo,Bajo · Activo
1745,120.0,699.0,705.0,20.7375,20.769989753404175,0.9997778769134742,1187.8065527239107,Medio,Activo,Medio · Activo
1746,31.0,631.0,688.0,66.6525806451613,66.52280806808409,0.9952316277224309,1036.772808746526,Medio,En riesgo,Medio · En riesgo
1747,77.0,657.0,666.0,39.19155844155844,39.20074854128439,0.9996456601603553,1531.321945308116,Medio,Activo,Medio · Activo
1748,202.0,592.0,594.0,25.425544554455445,25.440841837542692,0.9999065600268476,2884.0786385313736,Alto,Activo,Alto · Activo
1749,114.0,612.0,619.0,35.89421052631579,35.90542277151479,0.9996943954632119,2217.887919758076,Alto,Activo,Alto · Activo
1750,17.0,582.0,623.0,39.11176470588235,39.15386792168336,0.9981549719428494,383.73089792862174,Bajo,En riesgo,Bajo · En riesgo
1751,127.0,690.0,692.0,32.49283464566929,32.507531595073615,0.999891092636014,2002.7421962678923,Alto,Activo,Alto · Activo
1752,143.0,650.0,655.0,45.94013986013986,45.93693233168824,0.9998004973507771,3358.8886051970285,Alto,Activo,Alto · Activo
1753,278.0,616.0,616.0,10.658453237410072,10.678762527148976,0.999965357425848,1604.60114710244,Medio,Activo,Medio · Activo
1754,174.0,666.0,673.0,23.602873563218388,23.62244190816663,0.9996638761387721,2042.4849820772617,Alto,Activo,Alto · Activo
1755,30.0,620.0,637.0,36.559999999999995,36.59860590179462,0.999280088550611,598.7090919695846,Bajo,Activo,Bajo · Activo
1756,56.0,648.0,652.0,58.67232142857143,58.62490190950971,0.9997598598554869,1712.7524659984263,Alto,Activo,Alto · Activo
1757,7.0,420.0,677.0,29.717142857142857,30.04470437738255,0.9401626887144475,117.17441304866703,Bajo,En riesgo,Bajo · En riesgo
1758,66.0,677.0,691.0,30.53469696969697,30.56806537929065,0.999438150084264,989.9694210824663,Medio,Activo,Medio · Activo
1759,140.0,590.0,595.0,28.275357142857143,28.293900484193472,0.9997785073684959,2226.153710449662,Alto,Activo,Alto · Activo
1760,48.0,689.0,695.0,10.275,10.393653060051268,0.9996990636887432,245.46460259227092,Bajo,Activo,Bajo · Activo
1761,30.0,607.0,609.0,59.692,59.59786819683249,0.9996548049921009,1019.3060187587528,Medio,Activo,Medio · Activo
1762,274.0,618.0,618.0,55.63379562043796,55.62599905854428,0.9999648535281318,8212.61266558628,Alto,Activo,Alto · Activo
1763,137.0,628.0,634.0,28.48722627737226,28.505907740819875,0.999744319257437,2062.6205477355916,Alto,Activo,Alto · Activo
1764,102.0,597.0,601.0,111.23901960784313,111.12387006713712,0.9998149731605026,6332.21678139064,Alto,Activo,Alto · Activo
1765,56.0,609.0,630.0,50.31017857142857,50.28853356853328,0.9988494937895264,1518.1815655783646,Medio,Activo,Medio · Activo
1766,30.0,621.0,625.0,15.223999999999998,15.38503767047316,0.9996196841955882,256.51066249663603,Bajo,Activo,Bajo · Activo
1767,258.0,696.0,697.0,35.27321705426357,35.278591963171934,0.9999461371992544,4359.0983128084945,Alto,Activo,Alto · Activo
1768,60.0,595.0,597.0,24.868,24.92100095521109,0.9998059510365921,849.1548157646616,Medio,Activo,Medio · Activo
1769,130.0,694.0,694.0,56.890846153846155,56.8727528997977,0.9999262183164268,3575.6379843924487,Alto,Activo,Alto · Activo
1770,309.0,659.0,662.0,28.44873786407767,28.45704796167337,0.9998750795546377,4425.591077161718,Alto,Activo,Alto · Activo
1771,10.0,624.0,686.0,49.116,49.01680687471995,0.9974447872859483,271.15136960571914,Bajo,En riesgo,Bajo · En riesgo
1772,85.0,592.0,682.0,28.458823529411763,28.488968158121224,0.05001600675052744,59.943716837394845,Bajo,En riesgo,Bajo · En riesgo
1773,83.0,632.0,640.0,38.91530120481928,38.92440342817929,0.9996728275801688,1702.1369374507904,Alto,Activo,Alto · Activo
1774,61.0,621.0,629.0,76.54016393442623,76.4460479276771,0.9996578139395563,2514.618010380246,Alto,Activo,Alto · Activo
1775,168.0,598.0,598.0,56.297738095238095,56.284343780495185,0.9999428085876787,5279.716868082425,Alto,Activo,Alto · Activo
1776,171.0,575.0,596.0,21.73152046783626,21.753324644113547,0.9760919520708082,2033.8178390228586,Alto,En riesgo,Alto · En riesgo
1777,71.0,612.0,612.0,15.826478873239438,15.893283543165087,0.9998657557004044,623.147326527767,Bajo,Activo,Bajo · Activo
1778,199.0,626.0,627.0,46.6635175879397,46.66058306191366,0.9999338013050608,4942.5309743870985,Alto,Activo,Alto · Activo
1779,97.0,666.0,674.0,36.008556701030926,36.02152673727635,0.9996862205114453,1745.2693659516076,Alto,Activo,Alto · Activo
1780,39.0,655.0,685.0,36.11282051282051,36.144533229840235,0.9985627796701632,707.5191109443201,Medio,Activo,Medio · Activo
1781,88.0,622.0,640.0,35.946363636363635,35.96077967460133,0.9986647131839732,1663.948950203164,Medio,Activo,Medio · Activo
1782,32.0,639.0,644.0,51.019375000000004,50.977767024758066,0.9996214236395107,877.7753062559707,Medio,Activo,Medio · Activo
1783,81.0,654.0,663.0,50.57888888888889,50.56333703581537,0.9996426345228353,2085.1001017996455,Alto,Activo,Alto · Activo
1784,38.0,668.0,683.0,50.4571052631579,50.42458745363758,0.9994127642602021,966.2470062987355,Medio,Activo,Medio · Activo
1785,72.0,641.0,642.0,21.434305555555554,21.486731562779635,0.999851805385158,814.8792885066861,Medio,Activo,Medio · Activo
1786,37.0,586.0,642.0,10.95945945945946,11.110035438555748,0.992037178461411,218.88338065022478,Bajo,En riesgo,Bajo · En riesgo
1787,52.0,653.0,672.0,20.365000000000002,20.441071535858644,0.9991753956259555,539.0586699624732,Bajo,Activo,Bajo · Activo
1788,132.0,607.0,608.0,67.89386363636363,67.86163063718192,0.9999098116742767,4932.366041421861,Alto,Activo,Alto · Activo
1789,20.0,668.0,700.0,14.342500000000001,14.590931152944941,0.9987631372747914,148.3414184257345,Bajo,Activo,Bajo · Activo
1790,46.0,634.0,639.0,41.83,41.835466481767014,0.9997032418382618,1029.6545050770765,Medio,Activo,Medio · Activo
1791,124.0,607.0,609.0,23.788387096774194,23.81557622917906,0.9998839921989015,1624.5600837854122,Medio,Activo,Medio · Activo
1792,111.0,637.0,637.0,28.07891891891892,28.102605305924268,0.9999137014314348,1644.2531814410308,Medio,Activo,Medio · Activo
1793,51.0,686.0,690.0,34.8521568627451,34.880698401220116,0.9997489940898,879.9998401577712,Medio,Activo,Medio · Activo
1794,73.0,689.0,699.0,48.22945205479452,48.21775914003553,0.999624217365163,1704.512035139037,Alto,Activo,Alto · Activo
1795,493.0,621.0,622.0,19.777200811359027,19.785454836608785,0.9999572187980285,5210.340174791508,Alto,Activo,Alto · Activo
1796,50.0,633.0,640.0,51.7826,51.753285404582705,0.9996693087164519,1378.9298477077464,Medio,Activo,Medio · Activo
1797,104.0,636.0,637.0,52.378557692307695,52.363448322981725,0.9998916528111366,2872.9732682539457,Alto,Activo,Alto · Activo
1798,36.0,602.0,613.0,67.93916666666667,67.82117358086467,0.9994911944965696,1372.0754484197635,Medio,Activo,Medio · Activo
1799,50.0,636.0,650.0,7.778200000000001,7.9007394830578725,0.9994293893038708,207.27895003252053,Bajo,Activo,Bajo · Activo
1800,74.0,655.0,657.0,48.1322972972973,48.120988813520206,0.9998383791046556,1832.5897591409448,Alto,Activo,Alto · Activo
1801,57.0,606.0,611.0,13.091929824561404,13.183374207851443,0.9997327875974925,417.64712387920235,Bajo,Activo,Bajo · Activo
1802,49.0,584.0,603.0,97.07061224489796,96.88123959107322,0.9990550275415722,2681.8637909859976,Alto,Activo,Alto · Activo
1803,204.0,693.0,693.0,69.62980392156862,69.60746552600206,0.9999528521108122,6849.5303212958015,Alto,Activo,Alto · Activo
1804,243.0,611.0,611.0,41.61485596707819,41.61604711440916,0.9999603881404763,5514.001418098552,Alto,Activo,Alto · Activo
1805,72.0,642.0,642.0,10.724444444444444,10.802563159675564,0.9998675947421709,409.6911606495457,Bajo,Activo,Bajo · Activo
1806,127.0,662.0,664.0,31.066141732283466,31.082781073133383,0.9998894218753562,1994.304030368499,Alto,Activo,Alto · Activo
1807,189.0,587.0,593.0,40.94502645502646,40.94717068358331,0.9996589492228035,4351.458786828938,Alto,Activo,Alto · Activo
1808,86.0,675.0,684.0,20.994767441860464,21.03955926381188,0.99965241003332,892.4573010451603,Medio,Activo,Medio · Activo
1809,54.0,683.0,692.0,25.56740740740741,25.624043173973586,0.999640760077696,681.4151011714187,Medio,Activo,Medio · Activo
1810,225.0,608.0,615.0,17.844044444444442,17.86360882717624,0.9994533100868981,2177.5028258653297,Alto,Activo,Alto · Activo
1811,12.0,584.0,615.0,60.07,59.831302392809604,0.9985266691928197,433.21381455290987,Bajo,Activo,Bajo · Activo
1812,93.0,596.0,596.0,20.865698924731184,20.907365429588427,0.999897175624005,1096.7785469560033,Medio,Activo,Medio · Activo
1813,3.0,577.0,596.0,76.63333333333333,74.81384215174215,0.997213551038557,184.98368049359195,Bajo,En riesgo,Bajo · En riesgo
1814,49.0,604.0,610.0,83.25204081632653,83.11132421196498,0.999684377558127,2276.2166889574182,Alto,Activo,Alto · Activo
1815,69.0,590.0,593.0,63.61217391304348,63.56130159922303,0.9998038410920203,2499.3234564246436,Alto,Activo,Alto · Activo
1816,139.0,643.0,646.0,27.741007194244606,27.76034854583844,0.999868639753729,2000.7619836107128,Alto,Activo,Alto · Activo
1817,45.0,607.0,607.0,22.26377777777778,22.344359585658335,0.9997898733304331,566.2430270742675,Bajo,Activo,Bajo · Activo
1818,58.0,696.0,696.0,21.41241379310345,21.47752184665433,0.9998361748805309,608.9961908457136,Bajo,Activo,Bajo · Activo
1819,63.0,589.0,594.0,22.35825396825397,22.41561656825736,0.999742051127367,804.9819770916663,Medio,Activo,Medio · Activo
1820,69.0,546.0,596.0,60.242753623188406,60.200315032486216,0.9440119549682235,2224.037355400033,Alto,En riesgo,Alto · En riesgo
1821,112.0,673.0,681.0,43.92785714285714,43.9268691889421,0.9996797811513658,2427.715232832838,Alto,Activo,Alto · Activo
1822,164.0,640.0,640.0,21.433841463414634,21.45688926503663,0.9999414221029281,1838.5981528300856,Alto,Activo,Alto · Activo
1823,256.0,595.0,595.0,47.293125,47.290417885370665,0.9999623918775892,6773.068061185189,Alto,Activo,Alto · Activo
1824,146.0,644.0,645.0,21.185753424657534,21.211933229917605,0.999917649060139,1607.5101101885225,Medio,Activo,Medio · Activo
1825,37.0,531.0,649.0,47.97486486486486,47.95303384345682,0.6667715788672223,628.2570489117252,Bajo,En riesgo,Bajo · En riesgo
1826,101.0,627.0,630.0,19.023861386138616,19.065385232836082,0.9998467097846425,1027.3249308792047,Medio,Activo,Medio · Activo
1827,36.0,692.0,697.0,18.554444444444446,18.672829894755733,0.9996592738574024,333.0524228376252,Bajo,Activo,Bajo · Activo
1828,74.0,567.0,708.0,78.31500000000001,78.23323630772083,0.0005369360502902043,1.4866174229693467,Bajo,En riesgo,Bajo · En riesgo
1829,256.0,623.0,624.0,25.8182421875,25.830049465301116,0.9999435536650426,3530.6374857176343,Alto,Activo,Alto · Activo
1831,143.0,597.0,607.0,38.86062937062937,38.86598321338194,0.9992905616665213,3060.7533974401963,Alto,Activo,Alto · Activo
1832,53.0,612.0,620.0,25.066981132075473,25.126311499960682,0.9996412373717587,730.9064438247817,Medio,Activo,Medio · Activo
1833,77.0,695.0,695.0,37.348181818181814,37.36150762286154,0.9998760825988955,1399.914946796217,Medio,Activo,Medio · Activo
1834,114.0,575.0,627.0,32.503596491228066,32.51995054680749,0.3916257180446045,777.0695594398394,Medio,En riesgo,Medio · En riesgo
1835,249.0,694.0,699.0,43.75678714859438,43.756461260555305,0.9997727730803905,5203.515316666376,Alto,Activo,Alto · Activo
1836,85.0,639.0,649.0,34.612941176470585,34.63057558998282,0.9995789483954493,1528.9709959720053,Medio,Activo,Medio · Activo
1837,127.0,632.0,636.0,58.0040157480315,57.98398013552619,0.9998324174607832,3880.900135941168,Alto,Activo,Alto · Activo
1838,30.0,578.0,605.0,38.669666666666664,38.69616672756692,0.998722226748203,665.4936817889643,Medio,Activo,Medio · Activo
1839,93.0,591.0,594.0,18.870752688172043,18.916126359677758,0.9998354969536317,995.5351128774845,Medio,Activo,Medio · Activo
1840,29.0,465.0,620.0,11.455862068965518,11.644783587180612,0.36459228559076595,69.10471367216235,Bajo,En riesgo,Bajo · En riesgo
1841,31.0,604.0,614.0,75.40967741935484,75.23126622405753,0.9994899567196893,1316.7536953419803,Medio,Activo,Medio · Activo
1842,18.0,591.0,597.0,43.71666666666667,43.712580635767665,0.9993828556735356,471.47760566090784,Bajo,Activo,Bajo · Activo
1843,36.0,680.0,709.0,20.97694444444444,21.083734668986153,0.9987809716423688,369.4684460265985,Bajo,Activo,Bajo · Activo
1844,79.0,612.0,615.0,17.838227848101265,17.893882840769226,0.9998221242737892,775.2791517258606,Medio,Activo,Medio · Activo
1845,143.0,661.0,661.0,86.81545454545454,86.76281581090082,0.9999328793074722,6288.314904450638,Alto,Activo,Alto · Activo
1846,22.0,608.0,611.0,30.772727272727273,30.870452690139302,0.9995292086542117,392.4237861330801,Bajo,Activo,Bajo · Activo
1847,93.0,608.0,610.0,28.498494623655915,28.52597726474224,0.9998605155786714,1462.6943810452372,Medio,Activo,Medio · Activo
1848,103.0,601.0,606.0,104.58592233009709,104.4830538736751,0.9997824385463263,5962.4965539168925,Alto,Activo,Alto · Activo
1849,146.0,664.0,666.0,18.12232876712329,18.152137190589862,0.9998982580098948,1332.9813958006996,Medio,Activo,Medio · Activo
1850,190.0,589.0,594.0,36.19536842105263,36.201825664498905,0.9997518457781014,3861.343929402379,Alto,Activo,Alto · Activo
1851,38.0,676.0,691.0,32.69921052631579,32.74723709366197,0.9994185739224672,620.3704646744401,Bajo,Activo,Bajo · Activo
1852,220.0,683.0,700.0,44.47436363636364,44.47343053003218,0.9907518479541733,4627.711033713057,Alto,En riesgo,Alto · En riesgo
1853,28.0,659.0,668.0,9.405714285714286,9.613940983901925,0.999506072971501,140.59137898494993,Bajo,Activo,Bajo · Activo
1854,223.0,665.0,667.0,33.304035874439464,33.31178145020192,0.9999162188749547,3718.1076467836897,Alto,Activo,Alto · Activo
1855,10.0,628.0,653.0,24.157999999999998,24.483579323337143,0.9986355198883706,142.33082239117778,Bajo,Activo,Bajo · Activo
1856,326.0,694.0,694.0,14.26340490797546,14.27881185252191,0.9999704426229642,2236.2296042884714,Alto,Activo,Alto · Activo
1857,66.0,683.0,683.0,25.947272727272725,25.992644109175988,0.9998557370016107,851.8392037418366,Medio,Activo,Medio · Activo
1858,63.0,608.0,616.0,43.6215873015873,43.620672453679596,0.9996542485042016,1511.4602558278946,Medio,Activo,Medio · Activo
1859,30.0,602.0,606.0,57.86266666666667,57.77903207551185,0.9996173417061565,992.9599864231308,Medio,Activo,Medio · Activo
1860,53.0,533.0,615.0,14.189811320754716,14.284559787076182,0.7260308717524853,304.2016917804651,Bajo,En riesgo,Bajo · En riesgo
1861,98.0,704.0,704.0,18.82030612244898,18.86345786288358,0.999902368938305,884.7281004755234,Medio,Activo,Medio · Activo
1862,111.0,611.0,638.0,19.155135135135136,19.192719474330108,0.98979874575476,1109.8751142070932,Medio,En riesgo,Medio · En riesgo
1863,11.0,457.0,699.0,37.22272727272727,37.316712980046454,0.8724875297079222,192.72772684150692,Bajo,En riesgo,Bajo · En riesgo
1864,138.0,607.0,608.0,122.49210144927537,122.39285229143466,0.9999128629087636,9295.790296419022,Alto,Activo,Alto · Activo
1865,160.0,686.0,690.0,41.052375,41.054791409767525,0.9998486742583804,3187.9854420600495,Alto,Activo,Alto · Activo
1866,14.0,546.0,607.0,10.677142857142856,11.075520514207435,0.9967887566195764,93.13355785594881,Bajo,En riesgo,Bajo · En riesgo
1867,48.0,625.0,636.0,22.509583333333335,22.584263416662942,0.9995391247398907,581.8525417015252,Bajo,Activo,Bajo · Activo
1868,31.0,678.0,679.0,22.13967741935484,22.257138161914845,0.9996833649518925,352.9735617014589,Bajo,Activo,Bajo · Activo
1869,107.0,637.0,637.0,33.36317757009346,33.37921110757174,0.9999105050956302,1883.5143558214165,Alto,Activo,Alto · Activo
1870,36.0,635.0,658.0,8.295,8.462491982655457,0.9990308463232873,159.62688187843665,Bajo,Activo,Bajo · Activo
1871,17.0,618.0,628.0,28.61764705882353,28.76555323718879,0.9992813420644756,280.0317464093948,Bajo,Activo,Bajo · Activo
1872,131.0,660.0,662.0,28.629847328244278,28.649195049507654,0.999891364402142,1901.0272717476205,Alto,Activo,Alto · Activo
1873,179.0,682.0,686.0,31.490111731843577,31.5015122707297,0.9998481902000278,2749.671523788448,Alto,Activo,Alto · Activo
1874,29.0,581.0,600.0,27.975517241379308,28.06639511898501,0.9991562472285678,471.36740988724296,Bajo,Activo,Bajo · Activo
1875,36.0,621.0,639.0,24.608333333333334,24.69774202061032,0.9992516266155002,479.57744092589195,Bajo,Activo,Bajo · Activo
1876,4.0,628.0,636.0,12.692499999999999,13.961884322592212,0.9979298312323752,39.67401412131084,Bajo,En riesgo,Bajo · En riesgo
1877,57.0,676.0,678.0,34.578421052631576,34.60479629157614,0.9998024598161616,989.8600941921943,Medio,Activo,Medio · Activo
1878,23.0,694.0,703.0,22.745652173913044,22.89913593218531,0.9994506291683797,264.4152172549353,Bajo,Activo,Bajo · Activo
1879,244.0,611.0,614.0,19.86979508196721,19.886400641478886,0.9998713693730525,2632.7485391291825,Alto,Activo,Alto · Activo
1880,30.0,625.0,645.0,25.608999999999998,25.7104457170739,0.9991737845678222,415.42470974836027,Bajo,Activo,Bajo · Activo
1881,102.0,596.0,606.0,27.522745098039216,27.54946040588778,0.9994906342388834,1556.650922019427,Medio,Activo,Medio · Activo
1882,22.0,614.0,646.0,18.375,18.569534587964622,0.9986436395445956,223.29688836880345,Bajo,Activo,Bajo · Activo
1883,99.0,664.0,670.0,24.7979797979798,24.830260285914388,0.9997647317799643,1234.778856512482,Medio,Activo,Medio · Activo
1884,28.0,634.0,634.0,21.133214285714285,21.269368114108616,0.9996666823472743,327.46499938848245,Bajo,Activo,Bajo · Activo
1885,11.0,595.0,595.0,22.44090909090909,22.763957407143355,0.9991943592882412,157.71754056675712,Bajo,Activo,Bajo · Activo
1886,25.0,664.0,697.0,16.09,16.277067303827977,0.9986851438566672,204.87966294942032,Bajo,Activo,Bajo · Activo
1887,83.0,666.0,678.0,9.963734939759036,10.033105694731528,0.9994921286989857,414.4958457625367,Bajo,Activo,Bajo · Activo
1888,7.0,454.0,642.0,17.685714285714287,18.303684384124956,0.9789627763638297,78.30934330867152,Bajo,En riesgo,Bajo · En riesgo
1889,43.0,597.0,614.0,41.84209302325581,41.84789086007955,0.9992509416845465,1002.9538888152159,Medio,Activo,Medio · Activo
1890,45.0,629.0,629.0,36.89644444444444,36.920941496093455,0.9997898733304331,903.5139909892769,Medio,Activo,Medio · Activo
1891,35.0,614.0,616.0,38.066857142857145,38.09255747864663,0.9996983063040663,746.6425207374442,Medio,Activo,Medio · Activo
1892,199.0,604.0,604.0,27.79,27.80347226812751,0.9999516733951576,3055.147277627151,Alto,Activo,Alto · Activo
1893,16.0,613.0,621.0,22.544375,22.76644381114904,0.9992896365360998,211.94817271831954,Bajo,Activo,Bajo · Activo
1894,40.0,557.0,610.0,55.213499999999996,55.16210155099263,0.990532119250063,1229.9574913969789,Medio,En riesgo,Medio · En riesgo
1895,45.0,630.0,667.0,15.471555555555556,15.578170904435957,0.997151543486606,358.9312208797276,Bajo,En riesgo,Bajo · En riesgo
1896,111.0,636.0,637.0,30.423873873873877,30.44390821454547,0.9998973198021633,1781.2111118625808,Alto,Activo,Alto · Activo
1898,38.0,615.0,615.0,18.320263157894736,18.433508230753457,0.9997521552636628,391.6812375743146,Bajo,Activo,Bajo · Activo
1899,65.0,685.0,691.0,170.73292307692307,170.39434701976836,0.9997408301455022,5438.197141429909,Alto,Activo,Alto · Activo
1900,54.0,596.0,600.0,155.7387037037037,155.37930160421783,0.9997469649601705,4753.8406446129475,Alto,Activo,Alto · Activo
1901,314.0,650.0,650.0,36.49347133757962,36.49721570676301,0.9999693166164731,5872.5277440244645,Alto,Activo,Alto · Activo
1902,18.0,630.0,650.0,84.17833333333334,83.78875526823097,0.9990747157195126,831.1007141948501,Medio,Activo,Medio · Activo
1903,32.0,607.0,640.0,32.829375,32.88565759996018,0.9983297341612725,568.9899984881248,Bajo,Activo,Bajo · Activo
1904,25.0,609.0,650.0,11.611199999999998,11.82907263643005,0.9979763945431771,159.35353110538318,Bajo,En riesgo,Bajo · En riesgo
1905,73.0,687.0,700.0,20.24958904109589,20.304101849693538,0.9994835592642731,716.6467910806161,Medio,Activo,Medio · Activo
1906,143.0,606.0,607.0,59.314195804195805,59.29481480476589,0.9999151731852585,4672.47268890205,Alto,Activo,Alto · Activo
1907,256.0,603.0,603.0,34.8593359375,34.865032542482375,0.9999623918775892,4928.487562307282,Alto,Activo,Alto · Activo
1908,37.0,523.0,646.0,18.076756756756758,18.194182433559035,0.5735831282593136,205.9915042754401,Bajo,En riesgo,Bajo · En riesgo
1909,20.0,600.0,638.0,24.85,25.008247564364293,0.998319546169755,278.38607318131324,Bajo,Activo,Bajo · Activo
1910,24.0,592.0,689.0,29.951666666666668,30.047187529356165,0.9829807984598739,362.2796232284699,Bajo,En riesgo,Bajo · En riesgo
1911,114.0,594.0,601.0,13.815964912280702,13.860658453582708,0.9996824915427934,881.3165059155203,Medio,Activo,Medio · Activo
1912,89.0,615.0,633.0,25.038426966292135,25.073860572361543,0.9986034858178138,1185.8299524701558,Medio,Activo,Medio · Activo
1913,41.0,705.0,708.0,21.713658536585367,21.804382291124664,0.9997251239003835,434.10317768054915,Bajo,Activo,Bajo · Activo
1914,139.0,676.0,676.0,29.201942446043166,29.219466286040955,0.9999309615305751,2014.1936297696361,Alto,Activo,Alto · Activo
1915,22.0,619.0,622.0,19.36909090909091,19.555863016542297,0.99953013911847,244.27884749811523,Bajo,Activo,Bajo · Activo
1916,125.0,691.0,710.0,22.538880000000002,22.56758026039757,0.9977526183157827,1331.7239546494964,Medio,En riesgo,Medio · En riesgo
1917,258.0,703.0,703.0,26.13732558139535,26.148827400645494,0.9999626822913064,3203.937329147767,Alto,Activo,Alto · Activo
1918,58.0,617.0,624.0,50.40431034482759,50.38312933391643,0.999683184589114,1590.1559565899495,Medio,Activo,Medio · Activo
1919,72.0,661.0,662.0,56.926805555555546,56.89408587979839,0.9998523014293149,2093.6491853277967,Alto,Activo,Alto · Activo
1920,88.0,607.0,607.0,21.215795454545454,21.25913725662499,0.9998913987707464,1037.420252965303,Medio,Activo,Medio · Activo
1921,93.0,542.0,606.0,15.480430107526882,15.532103944204069,0.23662682945861377,189.7015566359776,Bajo,En riesgo,Bajo · En riesgo
1922,101.0,647.0,652.0,30.6380198019802,30.65966786953652,0.9997940831081495,1597.2350872646098,Medio,Activo,Medio · Activo
1923,140.0,655.0,660.0,34.34778571428571,34.35882839940318,0.9998023939723315,2441.8255501089707,Alto,Activo,Alto · Activo
1924,189.0,598.0,601.0,32.116031746031744,32.12625675737676,0.9998702128700937,3370.1985019811978,Alto,Activo,Alto · Activo
1925,104.0,604.0,647.0,28.40394230769231,28.428680113598432,0.8965962841699276,1377.4031930875174,Medio,En riesgo,Medio · En riesgo
1926,62.0,598.0,608.0,33.94048387096774,33.96651454516591,0.999568441630394,1173.5411931389456,Medio,Activo,Medio · Activo
1927,69.0,608.0,628.0,72.6936231884058,72.62001983419495,0.9987012580534649,2696.330093263256,Alto,Activo,Alto · Activo
1928,110.0,677.0,679.0,20.700363636363637,20.73586072333141,0.9998796342525316,1129.2978273564377,Medio,Activo,Medio · Activo
1929,56.0,701.0,707.0,77.02785714285714,76.923860612365,0.9997252831398317,2075.3328274298224,Alto,Activo,Alto · Activo
1930,134.0,597.0,617.0,19.54902985074627,19.579663175851636,0.9942715614427036,1415.7247865256504,Medio,En riesgo,Medio · En riesgo
1931,84.0,623.0,651.0,25.665119047619047,25.70136837118129,0.9954380026026352,1113.5976889282024,Medio,En riesgo,Medio · En riesgo
1932,65.0,678.0,679.0,39.73553846153846,39.74497552767048,0.999838722505475,1290.6364155641568,Medio,Activo,Medio · Activo
1933,65.0,671.0,675.0,32.00584615384616,32.03581824340589,0.9997839366545087,1046.2988526199613,Medio,Activo,Medio · Activo
1934,14.0,522.0,684.0,37.00642857142857,37.08316286021591,0.9622676973666138,267.7181699358016,Bajo,En riesgo,Bajo · En riesgo
1935,146.0,597.0,597.0,84.48945205479451,84.44064880054856,0.9999342491466566,6903.8665984380605,Alto,Activo,Alto · Activo
1936,213.0,676.0,679.0,23.57507042253521,23.59108132321915,0.9998849454404771,2472.040218740353,Alto,Activo,Alto · Activo
1937,133.0,665.0,672.0,49.734736842105264,49.726355010403424,0.9997115622249835,3299.851642589259,Alto,Activo,Alto · Activo
1938,27.0,640.0,646.0,36.74222222222222,36.78392925390395,0.9995517126291483,537.0651414395807,Bajo,Activo,Bajo · Activo
1939,67.0,687.0,692.0,54.10686567164179,54.07897904032803,0.9997682256562975,1775.4087306519311,Alto,Activo,Alto · Activo
1940,70.0,662.0,669.0,33.50257142857143,33.52671499197583,0.9997147066758094,1187.6603531906035,Medio,Activo,Medio · Activo
1941,117.0,620.0,621.0,6.067179487179487,6.12217877914041,0.9999011752990994,386.84793595018766,Bajo,Activo,Bajo · Activo
1942,130.0,605.0,609.0,23.862615384615385,23.88845257296046,0.9998271204559565,1707.3621688612006,Alto,Activo,Alto · Activo
1943,165.0,694.0,700.0,30.933999999999997,30.946949783920882,0.9997611492298295,2442.4872269089196,Alto,Activo,Alto · Activo
1944,150.0,616.0,622.0,71.9704,71.9373304703323,0.9997289037773963,5801.638822599377,Alto,Activo,Alto · Activo
1945,17.0,638.0,661.0,58.54117647058824,58.387390008502635,0.9989783825640604,540.3562611765071,Bajo,Activo,Bajo · Activo
1946,47.0,675.0,687.0,68.73127659574467,68.63789023847983,0.9995331837624528,1606.1503970917177,Medio,Activo,Medio · Activo
1947,84.0,596.0,597.0,85.42023809523809,85.33357288683932,0.9998690979826067,4043.248471938623,Alto,Activo,Alto · Activo
1948,79.0,623.0,623.0,19.864683544303798,19.9159069335641,0.9998791806549903,852.0600338394127,Medio,Activo,Medio · Activo
1949,44.0,625.0,630.0,37.02227272727273,37.04683114947344,0.9996932891780277,885.615326869302,Medio,Activo,Medio · Activo
1950,26.0,621.0,656.0,26.842692307692307,26.95148063954037,0.9984268138237069,373.57513598640503,Bajo,Activo,Bajo · Activo
1951,13.0,650.0,684.0,42.26384615384616,42.277304430159234,0.9985737737589195,296.2512184606696,Bajo,Activo,Bajo · Activo
1952,31.0,624.0,630.0,31.351612903225806,31.417908764933,0.9995900274608497,536.2439666274931,Bajo,Activo,Bajo · Activo
1953,95.0,633.0,638.0,28.55957894736842,28.586372932768217,0.9997875977127596,1432.2192203735558,Medio,Activo,Medio · Activo
1954,128.0,656.0,684.0,15.266328125000001,15.304180701768958,0.9848019574964318,946.628866557245,Medio,En riesgo,Medio · En riesgo
1955,117.0,689.0,696.0,65.03863247863248,65.00649220173247,0.9997335920697419,3671.7505766616396,Alto,Activo,Alto · Activo
1956,56.0,663.0,669.0,38.183392857142856,38.199126076526156,0.9997177369848882,1088.0909097425683,Medio,Activo,Medio · Activo
1957,42.0,651.0,678.0,45.41619047619048,45.40745234503037,0.9987221731910851,964.5782572011497,Medio,Activo,Medio · Activo
1958,32.0,649.0,651.0,30.9325,30.99899074646026,0.9996758613331398,528.1564789660508,Bajo,Activo,Bajo · Activo
1959,89.0,602.0,642.0,62.6747191011236,62.63707676624905,0.968199865286667,2832.595406177388,Alto,En riesgo,Alto · En riesgo
1960,71.0,630.0,632.0,36.511408450704224,36.527893244547016,0.9998317337071965,1387.6525770078815,Medio,Activo,Medio · Activo
1961,76.0,660.0,678.0,21.08328947368421,21.13376034937686,0.9990236579697012,800.3619776106194,Medio,Activo,Medio · Activo
1962,114.0,635.0,636.0,30.6,30.619240828328387,0.9998995059842436,1842.1004704202824,Alto,Activo,Alto · Activo
1963,48.0,633.0,640.0,51.987500000000004,51.956231910999556,0.9996631773403118,1330.5312106664044,Medio,Activo,Medio · Activo
1964,62.0,593.0,596.0,31.89032258064516,31.922062607491345,0.9997898460057565,1124.9309874316193,Medio,Activo,Medio · Activo
1965,141.0,599.0,602.0,29.278156028368794,29.295338136023705,0.9998630110744314,2294.9597665225956,Alto,Activo,Alto · Activo
1966,116.0,594.0,594.0,45.51620689655172,45.51288572050374,0.9999173895029967,2978.7390139542395,Alto,Activo,Alto · Activo
1967,67.0,688.0,694.0,26.339701492537312,26.383385932922245,0.9997447372623205,863.6898455859538,Medio,Activo,Medio · Activo
1968,78.0,644.0,645.0,31.6475641025641,31.673345448381948,0.9998618722745858,1293.3873785580377,Medio,Activo,Medio · Activo
1969,203.0,633.0,633.0,11.045369458128079,11.072846060386006,0.9999526209901666,1185.186845408609,Medio,Activo,Medio · Activo
1970,58.0,641.0,644.0,18.034137931034483,18.1093008032866,0.9997847203448048,554.1777141045702,Bajo,Activo,Bajo · Activo
1971,130.0,671.0,686.0,40.206538461538464,40.210636799376175,0.9987104522332448,2553.950987031904,Alto,Activo,Alto · Activo
1972,86.0,588.0,594.0,28.20581395348837,28.236117122047418,0.9997342067122633,1375.7783973921164,Medio,Activo,Medio · Activo
1973,93.0,530.0,655.0,17.903870967741934,17.95104137522043,2.836960658114431e-05,0.024354016008399343,Bajo,En riesgo,Bajo · En riesgo
1974,165.0,485.0,686.0,31.848666666666666,31.860657657099186,4.1581452526732645e-21,1.066840704620357e-17,Bajo,En riesgo,Bajo · En riesgo
1975,284.0,664.0,665.0,61.754507042253515,61.743255598253505,0.9999482361469847,8790.49858949062,Alto,Activo,Alto · Activo
1976,137.0,637.0,638.0,25.784014598540146,25.80610809027172,0.9999132774973954,1856.0881698059748,Alto,Activo,Alto · Activo
1977,26.0,529.0,600.0,13.669230769230769,13.865164749260702,0.9894285769134653,207.88657925666973,Bajo,En riesgo,Bajo · En riesgo
1978,82.0,679.0,680.0,17.651463414634147,17.705480058499315,0.9998685760709465,720.9850341807067,Medio,Activo,Medio · Activo
1979,93.0,667.0,670.0,11.900967741935483,11.959293218269922,0.9998439252546854,559.2471912352977,Bajo,Activo,Bajo · Activo
1980,49.0,616.0,665.0,87.89428571428572,87.73722347690827,0.991429354673642,2189.401984180287,Alto,En riesgo,Alto · En riesgo
1981,95.0,632.0,632.0,14.741473684210527,14.793405960300158,0.9998993178682679,748.1626463052552,Medio,Activo,Medio · Activo
1982,140.0,604.0,604.0,29.51857142857143,29.53557915316829,0.9999314511759665,2290.2331276676064,Alto,Activo,Alto · Activo
1983,33.0,624.0,631.0,66.27999999999999,66.15999600016058,0.9995851041748878,1196.9214098483976,Medio,Activo,Medio · Activo
1984,2.0,32.0,98.0,16.47,18.606665972288752,0.9231767278483561,183.51531837751057,Bajo,En riesgo,Bajo · En riesgo
1985,140.0,670.0,670.0,60.85214285714285,60.83044739328216,0.9999314511759665,4260.261561202432,Alto,Activo,Alto · Activo
1986,11.0,566.0,640.0,18.599999999999998,18.98256796707474,0.9963802050634412,122.09373979038696,Bajo,En riesgo,Bajo · En riesgo
1987,69.0,601.0,605.0,28.544057971014492,28.580961818875167,0.9997814145376169,1101.954448813882,Medio,Activo,Medio · Activo
1988,128.0,631.0,638.0,59.436171875,59.414357962321574,0.9996946975108703,3994.705683358177,Alto,Activo,Alto · Activo
1989,134.0,631.0,635.0,22.49223880597015,22.51907411183766,0.9998338355307662,1591.801585916208,Medio,Activo,Medio · Activo
1990,111.0,618.0,627.0,41.11765765765766,41.121037437959544,0.9995731204143533,2442.7803295072054,Alto,Activo,Alto · Activo
1991,41.0,628.0,630.0,7.421951219512195,7.5727745987151165,0.9997371820540532,169.09146545777517,Bajo,Activo,Bajo · Activo
1992,29.0,585.0,612.0,17.753793103448277,17.90533659648772,0.9987571742704867,294.8123201454539,Bajo,Activo,Bajo · Activo
1993,72.0,597.0,616.0,18.614583333333332,18.673773788664153,0.9987294993250775,736.7014682786527,Medio,Activo,Medio · Activo
1994,41.0,664.0,664.0,25.464634146341464,25.539584262275703,0.9997698597769531,541.5964612844485,Bajo,Activo,Bajo · Activo
1995,139.0,593.0,593.0,108.89741007194245,108.81578685091613,0.9999309615305751,8530.479732970069,Alto,Activo,Alto · Activo
1996,109.0,667.0,670.0,23.625963302752293,23.657145718757516,0.99985685849952,1293.6607578953035,Medio,Activo,Medio · Activo
1997,58.0,640.0,640.0,73.56103448275861,73.47093172820426,0.9998361748805309,2262.2593692482137,Alto,Activo,Alto · Activo
1998,303.0,641.0,645.0,7.826369636963696,7.846621598069224,0.9997950710878047,1227.5869141656276,Medio,Activo,Medio · Activo
1999,46.0,596.0,596.0,15.90108695652174,16.003782599377274,0.9997943444080372,421.7909594810751,Bajo,Activo,Bajo · Activo
2000,58.0,661.0,661.0,9.403275862068964,9.50412691281273,0.9998361748805309,283.5092222034993,Bajo,Activo,Bajo · Activo
2001,31.0,659.0,679.0,37.350322580645155,37.383300442410516,0.999214924990489,592.5799371828014,Bajo,Activo,Bajo · Activo
2002,55.0,670.0,694.0,43.78709090909091,43.78552403455377,0.998779492504923,1180.9957113005946,Medio,Activo,Medio · Activo
2003,39.0,672.0,676.0,50.526923076923076,50.49492678378751,0.9996939094027141,1002.4919673426971,Medio,Activo,Medio · Activo
2004,223.0,642.0,642.0,44.94080717488789,44.93952473662924,0.9999568513179424,5207.958709211736,Alto,Activo,Alto · Activo
2005,49.0,641.0,647.0,29.193061224489796,29.2426896495364,0.9996930038031278,755.9110992365661,Medio,Activo,Medio · Activo
2006,97.0,690.0,690.0,50.05917525773196,50.04711010622886,0.9999013726711998,2370.046790816068,Alto,Activo,Alto · Activo
2007,159.0,648.0,649.0,55.78616352201258,55.772568332008696,0.9999229382635564,4571.4181137113355,Alto,Activo,Alto · Activo
2008,64.0,692.0,703.0,35.3725,35.39385577386482,0.999588914175574,1093.7675819236272,Medio,Activo,Medio · Activo
2009,29.0,313.0,708.0,51.932758620689654,51.88145101444168,8.593440778850377e-08,6.369652647839257e-05,Bajo,En riesgo,Bajo · En riesgo
2010,46.0,603.0,606.0,34.06739130434782,34.10196629251737,0.999740778384051,884.1850217344999,Medio,Activo,Medio · Activo
2011,101.0,653.0,654.0,13.515841584158414,13.566791527966792,0.9998894311421251,704.7148002387885,Medio,Activo,Medio · Activo
2012,225.0,636.0,642.0,37.90662222222222,37.910759948818814,0.9996536347283536,4431.209728651637,Alto,Activo,Alto · Activo
2013,79.0,565.0,660.0,14.656582278481014,14.719195129331972,0.03652603659856701,21.737290100494498,Bajo,En riesgo,Bajo · En riesgo
2014,41.0,594.0,601.0,35.845365853658535,35.87666281706856,0.9996248037310226,838.9029115192662,Medio,Activo,Medio · Activo
2015,114.0,633.0,639.0,56.603070175438596,56.582877775812605,0.9997546196687257,3387.9291760111814,Alto,Activo,Alto · Activo
2016,95.0,658.0,669.0,18.17463157894737,18.220318156404776,0.9995141257986164,871.0585075479188,Medio,Activo,Medio · Activo
2017,153.0,641.0,641.0,46.4224183006536,46.41887502652691,0.9999372378824813,3707.4122005501313,Alto,Activo,Alto · Activo
2018,116.0,704.0,707.0,33.92853448275862,33.94248329837048,0.9998648683040577,1872.1387875452397,Alto,Activo,Alto · Activo
2019,249.0,608.0,608.0,52.83979919678715,52.83316184175708,0.9999613388369933,7206.769086176628,Alto,Activo,Alto · Activo
2020,213.0,644.0,650.0,39.64535211267606,39.64831054477517,0.9996803827962971,4335.8014566895945,Alto,Activo,Alto · Activo
2021,67.0,657.0,665.0,20.65313432835821,20.711476142596723,0.9996787215171875,707.0187948756945,Medio,Activo,Medio · Activo
2022,82.0,608.0,617.0,94.35951219512195,94.2519022910612,0.9996112387537024,4221.49146024802,Alto,Activo,Alto · Activo
2023,88.0,617.0,618.0,20.369886363636365,20.41488923990484,0.9998747734990864,978.8048812195857,Medio,Activo,Medio · Activo
2024,88.0,643.0,645.0,55.30704545454546,55.28344378001218,0.9998572593972209,2541.5894793682237,Alto,Activo,Alto · Activo
2025,30.0,625.0,651.0,35.01833333333333,35.06578573759855,0.998899766305856,561.3035349962428,Bajo,Activo,Bajo · Activo
2026,15.0,571.0,607.0,77.44466666666668,77.05490038959454,0.9983772284521696,690.9500590404751,Medio,Activo,Medio · Activo
2027,110.0,665.0,686.0,17.123,17.164119063224682,0.9973649932972667,923.0722596031275,Medio,En riesgo,Medio · En riesgo
2028,85.0,677.0,695.0,22.948235294117648,22.98958195838127,0.9989508995826406,948.3549979893872,Medio,Activo,Medio · Activo
2029,43.0,565.0,605.0,38.52,38.53912076813662,0.9956590307036906,933.7632331429977,Medio,En riesgo,Medio · En riesgo
2030,83.0,600.0,601.0,31.46975903614458,31.494360659069248,0.9998678779977588,1465.1662837223723,Medio,Activo,Medio · Activo
2031,10.0,571.0,599.0,28.143,28.4007566529413,0.9984939819742791,179.6735383921674,Bajo,Activo,Bajo · Activo
2032,60.0,636.0,643.0,21.029999999999998,21.09404438403353,0.9996928792545327,668.184955214746,Medio,Activo,Medio · Activo
2033,90.0,639.0,639.0,27.742444444444445,27.772293108552947,0.9998937856929517,1317.4236987700529,Medio,Activo,Medio · Activo
2034,118.0,641.0,641.0,26.29957627118644,26.324466600835063,0.9999187779511872,1626.0651197198804,Medio,Activo,Medio · Activo
2035,50.0,598.0,667.0,21.336199999999998,21.411952398221665,0.9544741241888602,523.0468346272825,Bajo,En riesgo,Bajo · En riesgo
2036,46.0,593.0,595.0,87.77978260869565,87.61294496002141,0.9997593833867056,2312.8255959023804,Alto,Activo,Alto · Activo
2037,87.0,601.0,614.0,19.57126436781609,19.618369699439082,0.9992941943701937,935.5032183549554,Medio,Activo,Medio · Activo
2038,57.0,676.0,684.0,24.784736842105264,24.84077102558407,0.9996719726136329,704.3437783040964,Medio,Activo,Medio · Activo
2039,52.0,699.0,700.0,42.997115384615384,42.99808002475599,0.9998033670533115,1089.997594909572,Medio,Activo,Medio · Activo
2040,239.0,633.0,645.0,12.283012552301255,12.30545746375116,0.9965878349548775,1515.6054795916366,Medio,En riesgo,Medio · En riesgo
2041,125.0,595.0,596.0,51.1132,51.10237575860365,0.9999054911347491,3588.9260331554187,Alto,Activo,Alto · Activo
2042,26.0,631.0,659.0,175.33692307692309,174.4633859999277,0.9988435447855073,2408.431075288292,Alto,Activo,Alto · Activo
2043,60.0,608.0,615.0,26.909666666666666,26.956792947434693,0.9996835930661553,892.0339840748801,Medio,Activo,Medio · Activo
2044,46.0,646.0,708.0,21.583695652173912,21.665082446666,0.9853096367315488,475.16513206942864,Bajo,En riesgo,Bajo · En riesgo
2045,18.0,483.0,597.0,15.934444444444445,16.19504907612651,0.9717394059532294,169.8457996213817,Bajo,En riesgo,Bajo · En riesgo
2046,44.0,630.0,651.0,13.717727272727274,13.833630531104804,0.9990695224360796,320.0192147720132,Bajo,Activo,Bajo · Activo
2047,88.0,591.0,605.0,54.49965909090909,54.47764284519264,0.9991498991216293,2665.086047647978,Alto,Activo,Alto · Activo
2048,27.0,669.0,695.0,56.94925925925926,56.86221119195609,0.998995372687589,772.232988445211,Medio,Activo,Medio · Activo
2049,33.0,663.0,665.0,30.125757575757575,30.194454625171407,0.9996851242233881,518.8669900104977,Bajo,Activo,Bajo · Activo
2050,145.0,691.0,694.0,35.49772413793104,35.50701501341616,0.9998763244760404,2486.9421269228465,Alto,Activo,Alto · Activo
2051,188.0,447.0,696.0,26.162393617021277,26.178151022473877,3.434653851151847e-32,8.12444643808763e-29,Bajo,En riesgo,Bajo · En riesgo
2052,5.0,590.0,710.0,23.512,24.173882918476284,0.9947850961990646,72.70259460959049,Bajo,En riesgo,Bajo · En riesgo
2053,137.0,597.0,608.0,24.448832116788324,24.472610892890213,0.9991603401243299,1843.9891603180204,Alto,Activo,Alto · Activo
2054,24.0,666.0,670.0,8.967916666666667,9.213734995439784,0.999550742846981,116.11077185723748,Bajo,Activo,Bajo · Activo
2055,124.0,601.0,601.0,19.255403225806454,19.288912956037304,0.9999226767070389,1333.0073664341824,Medio,Activo,Medio · Activo
2056,69.0,619.0,619.0,35.19188405797101,35.21214827060289,0.99986191997768,1327.5976061338804,Medio,Activo,Medio · Activo
2057,106.0,609.0,609.0,29.71179245283019,29.733931494188354,0.9999096686702165,1737.3297648661821,Alto,Activo,Alto · Activo
2058,149.0,703.0,703.0,40.05463087248322,40.058383525557595,0.9999355641911314,2846.2267158692707,Alto,Activo,Alto · Activo
2059,47.0,618.0,619.0,48.405531914893615,48.38674804675842,0.9997825036913564,1254.6394225627057,Medio,Activo,Medio · Activo
2060,30.0,593.0,608.0,19.942,20.075964503777186,0.999325124132267,343.80104925629354,Bajo,Activo,Bajo · Activo
2061,17.0,551.0,617.0,12.903529411764707,13.209867223646865,0.9958349129027427,130.39603507325435,Bajo,En riesgo,Bajo · En riesgo
2062,173.0,667.0,672.0,30.758034682080925,30.770562164147847,0.9997996795592217,2649.6040269737355,Alto,Activo,Alto · Activo
2063,78.0,660.0,665.0,33.14320512820513,33.165673855268935,0.9997792235433477,1314.1960693496778,Medio,Activo,Medio · Activo
2064,221.0,698.0,698.0,24.465384615384618,24.480119422110942,0.999956462585603,2589.8458417297493,Alto,Activo,Alto · Activo
2065,83.0,646.0,648.0,39.292048192771084,39.30036614119601,0.9998512309787846,1698.0423899272816,Alto,Activo,Alto · Activo
2066,85.0,645.0,646.0,24.438470588235294,24.47678787196167,0.9998717781852651,1085.918879906635,Medio,Activo,Medio · Activo
2067,4.0,605.0,614.0,21.925,22.811332230400403,0.9979063865978375,67.09759387741563,Bajo,En riesgo,Bajo · En riesgo
2068,100.0,617.0,632.0,25.571199999999997,25.601821788428268,0.9989493926683509,1360.6065461113162,Medio,Activo,Medio · Activo
2069,72.0,655.0,672.0,28.29486111111111,28.330828804933528,0.9991559570857038,1026.586038831372,Medio,Activo,Medio · Activo
2070,362.0,618.0,619.0,25.37693370165746,25.385496226012027,0.9999525486784115,4937.318822377502,Alto,Activo,Alto · Activo
2071,153.0,596.0,596.0,11.303006535947711,11.339161045958244,0.9999372378824813,972.6985551598419,Medio,Activo,Medio · Activo
2072,10.0,584.0,619.0,26.090999999999998,26.383680647835217,0.9983079090888106,161.59052860125468,Bajo,Activo,Bajo · Activo
2073,57.0,517.0,645.0,29.49561403508772,29.53738191771683,0.017953600600489533,15.934452571069755,Bajo,En riesgo,Bajo · En riesgo
2074,27.0,541.0,607.0,24.804444444444446,24.922216549725064,0.9914513851582355,383.6771399175372,Bajo,En riesgo,Bajo · En riesgo
2075,114.0,682.0,682.0,39.764298245614036,39.76964156648184,0.9999159527596432,2234.0033471798515,Alto,Activo,Alto · Activo
2076,206.0,658.0,664.0,39.98014563106796,39.982923352475716,0.9997020110295688,4142.145893025209,Alto,Activo,Alto · Activo
2077,88.0,613.0,626.0,20.715227272727272,20.75955201835897,0.9993123750536216,982.2920311712978,Medio,Activo,Medio · Activo
2078,64.0,678.0,679.0,35.561875,35.58271983257798,0.9998364786919909,1138.0882911263852,Medio,Activo,Medio · Activo
2079,93.0,631.0,644.0,50.93344086021506,50.91923311239552,0.9993162397738975,2474.211233752563,Alto,Activo,Alto · Activo
2080,92.0,643.0,643.0,61.52434782608695,61.49009155602375,0.9998960699483852,2962.4620033866404,Alto,Activo,Alto · Activo
2081,29.0,586.0,618.0,30.063793103448276,30.14227712864138,0.9984188327754782,491.3993857325074,Bajo,Activo,Bajo · Activo
2082,156.0,614.0,614.0,32.315576923076925,32.32774129340433,0.9999384371824934,2745.690171963468,Alto,Activo,Alto · Activo
2083,296.0,634.0,634.0,28.021655405405404,28.0305799309215,0.9999674569978971,4358.232020139863,Alto,Activo,Alto · Activo
2084,111.0,605.0,611.0,26.396036036036037,26.422343354522216,0.9997431111730326,1610.2095154119074,Medio,Activo,Medio · Activo
2085,254.0,657.0,657.0,50.46165354330709,50.45676673882834,0.999962096908307,6505.670209133817,Alto,Activo,Alto · Activo
2086,373.0,633.0,634.0,16.773083109919572,16.78538517849781,0.9999537771908018,3285.3313268388874,Alto,Activo,Alto · Activo
2087,199.0,677.0,684.0,39.34030150753769,39.34373307083301,0.9996318805025398,3824.9279634305954,Alto,Activo,Alto · Activo
2088,103.0,690.0,690.0,47.05456310679612,47.048241839076596,0.9999070628804495,2363.8115331233703,Alto,Activo,Alto · Activo
2089,33.0,689.0,706.0,4.448484848484849,4.6512001480597975,0.9993498312466479,75.33649759244908,Bajo,Activo,Bajo · Activo
2090,52.0,657.0,671.0,21.591153846153848,21.663156270155632,0.9994469587796125,572.2788754311965,Bajo,Activo,Bajo · Activo
2091,14.0,607.0,626.0,57.526428571428575,57.35248678838202,0.9989706019136426,468.9315734773657,Bajo,Activo,Bajo · Activo
2092,93.0,456.0,608.0,24.436881720430108,24.471911971380756,2.6136356065642513e-08,3.290681196256352e-05,Bajo,En riesgo,Bajo · En riesgo
2093,16.0,560.0,610.0,29.905,30.048269584728242,0.9975382396583942,284.1894974297743,Bajo,En riesgo,Bajo · En riesgo
2094,72.0,651.0,654.0,42.09833333333333,42.10118681796018,0.9998153925027363,1567.8423443674521,Medio,Activo,Medio · Activo
2095,110.0,708.0,708.0,34.422090909090905,34.436023728969104,0.9999129239449553,1799.925232728295,Alto,Activo,Alto · Activo
2096,23.0,496.0,616.0,55.02956521739131,54.94183475672939,0.931816638486412,673.4459527159764,Medio,En riesgo,Medio · En riesgo
2097,164.0,619.0,685.0,53.516768292682926,53.50598052215817,0.0011667650516056548,5.004226384742656,Bajo,En riesgo,Bajo · En riesgo
2098,12.0,598.0,677.0,55.36166666666667,55.18993688195445,0.9961643772804228,362.77847963142744,Bajo,En riesgo,Bajo · En riesgo
2099,47.0,671.0,686.0,14.332340425531916,14.438616914968412,0.9994218014613493,338.31511798448554,Bajo,Activo,Bajo · Activo
2100,56.0,599.0,601.0,55.7525,55.714080205757554,0.9997953081969104,1763.2449870240575,Alto,Activo,Alto · Activo
2101,9.0,630.0,638.0,42.03666666666666,42.06028147918121,0.9988992141162089,228.39427263025217,Bajo,Activo,Bajo · Activo
2102,103.0,702.0,702.0,35.09747572815534,35.11122044161656,0.9999070628804495,1734.4119168713898,Alto,Activo,Alto · Activo
2103,29.0,646.0,652.0,12.118620689655172,12.30360875603126,0.9995749307492663,190.52790676527133,Bajo,Activo,Bajo · Activo
2104,20.0,619.0,701.0,21.229,21.418325820300577,0.9936615935745813,216.3372238349124,Bajo,En riesgo,Bajo · En riesgo
2105,26.0,699.0,709.0,32.81884615384615,32.88810077627114,0.9994742667704495,422.7870420382411,Bajo,Activo,Bajo · Activo
2106,46.0,452.0,671.0,56.714130434782604,56.66378387443407,4.965229921912347e-05,0.0660198466293515,Bajo,En riesgo,Bajo · En riesgo
2107,85.0,625.0,639.0,39.98317647058824,39.98989416085238,0.9992608842319881,1792.1495521807778,Alto,Activo,Alto · Activo
2108,120.0,606.0,609.0,15.217416666666669,15.25785958286042,0.9998559612595403,1007.5917770658021,Medio,Activo,Medio · Activo
2109,109.0,635.0,637.0,22.77467889908257,22.80721139825179,0.9998763415219065,1310.6457860781347,Medio,Activo,Medio · Activo
2110,203.0,701.0,708.0,61.19403940886699,61.17877992205268,0.999649410187925,5864.205897195775,Alto,Activo,Alto · Activo
2111,112.0,668.0,692.0,22.801428571428573,22.833049720701986,0.9956029322749669,1237.1298821234504,Medio,En riesgo,Medio · En riesgo
2112,105.0,688.0,688.0,48.55742857142857,48.54875341252175,0.9999088164627257,2493.00877762694,Alto,Activo,Alto · Activo
2113,57.0,629.0,650.0,27.409999999999997,27.458083903204898,0.9988990059674225,817.9216644965242,Medio,Activo,Medio · Activo
2114,145.0,660.0,683.0,21.794137931034484,21.819772477608343,0.9908328358976707,1538.4297716570063,Medio,En riesgo,Medio · En riesgo
2115,247.0,636.0,636.0,59.66838056680162,59.65690616992116,0.9999610270494903,7723.6469661148685,Alto,Activo,Alto · Activo
2116,184.0,702.0,705.0,66.16472826086957,66.14322158888707,0.9998861208791614,5776.346878427742,Alto,Activo,Alto · Activo
2117,61.0,596.0,600.0,17.04770491803279,17.12197367342202,0.9997649654384956,589.9719727454321,Bajo,Activo,Bajo · Activo
2118,25.0,593.0,596.0,43.6368,43.63439951421406,0.9995761048454253,641.0659127193089,Medio,Activo,Medio · Activo
2119,37.0,597.0,604.0,61.417297297297296,61.33285533242463,0.9996048291623293,1292.697982221985,Medio,Activo,Medio · Activo
2120,51.0,639.0,653.0,31.728823529411766,31.767932705416285,0.9994311749004476,845.805882192633,Medio,Activo,Medio · Activo
2121,122.0,598.0,599.0,44.565737704918035,44.56392662262822,0.9999037606860383,3040.47257209804,Alto,Activo,Alto · Activo
2122,11.0,654.0,654.0,38.376363636363635,38.452472317193696,0.9991943592882412,242.80539530627394,Bajo,Activo,Bajo · Activo
2123,58.0,592.0,593.0,74.58775862068966,74.4946000099872,0.9998191991094909,2471.9995217415135,Alto,Activo,Alto · Activo
2124,199.0,697.0,697.0,39.36472361809045,39.36813395118644,0.9999516733951576,3758.3062169263467,Alto,Activo,Alto · Activo
2125,95.0,659.0,659.0,49.93168421052632,49.919597453268054,0.9998993178682679,2423.0164241671714,Alto,Activo,Alto · Activo
2126,111.0,605.0,617.0,42.33081081081081,42.332301219414575,0.9992435301791697,2553.887153020033,Alto,Activo,Alto · Activo
2127,22.0,645.0,649.0,62.08454545454545,61.93776870797266,0.999515259469087,742.0615408969367,Medio,Activo,Medio · Activo
2128,61.0,611.0,626.0,26.58950819672131,26.636770264170305,0.9993088612494642,880.0046899817554,Medio,Activo,Medio · Activo
2129,139.0,599.0,603.0,51.539496402877695,51.52923067226046,0.999826986463483,3973.447356326294,Alto,Activo,Alto · Activo
2130,84.0,601.0,607.0,71.8892857142857,71.83045327913547,0.9997380907618859,3348.0049231135135,Alto,Activo,Alto · Activo
2131,109.0,567.0,596.0,36.5245871559633,36.53531317123111,0.9806838744627367,2198.1653613422745,Alto,En riesgo,Alto · En riesgo
2132,35.0,640.0,652.0,15.752285714285716,15.887830733525684,0.9994772286410119,294.45884204641766,Bajo,Activo,Bajo · Activo
2133,120.0,629.0,631.0,54.93125,54.91447447175635,0.9998832822719081,3502.392297676032,Alto,Activo,Alto · Activo
2134,75.0,681.0,681.0,120.9468,120.76793276707988,0.999872821480509,4498.862605198144,Alto,Activo,Alto · Activo
2135,40.0,586.0,620.0,18.03475,18.14358775225809,0.9976569292941477,401.01066780257827,Bajo,En riesgo,Bajo · En riesgo
2136,17.0,668.0,675.0,90.79176470588236,90.31282391501045,0.9993509571179552,819.0838231888506,Medio,Activo,Medio · Activo
2137,155.0,614.0,640.0,18.97858064516129,19.005704785097045,0.964664934230915,1485.6514874606569,Medio,En riesgo,Medio · En riesgo
2138,61.0,581.0,603.0,30.7127868852459,30.74837861139994,0.9984762492216038,1052.9677839163935,Medio,Activo,Medio · Activo
2139,243.0,650.0,650.0,19.308230452674895,19.325304138756124,0.9999603881404763,2409.645052180508,Alto,Activo,Alto · Activo
2140,46.0,576.0,635.0,33.93086956521739,33.96595648746391,0.9809138172012306,825.3309133357443,Medio,En riesgo,Medio · En riesgo
2141,85.0,705.0,707.0,60.977294117647055,60.94133453966526,0.9998569358477115,2474.196013297805,Alto,Activo,Alto · Activo
2142,88.0,645.0,645.0,86.47340909090909,86.38860740947675,0.9998913987707464,3971.747372744654,Alto,Activo,Alto · Activo
2143,7.0,596.0,697.0,38.76428571428572,38.8734718455968,0.9955622325341085,156.01051628256843,Bajo,En riesgo,Bajo · En riesgo
2144,44.0,567.0,636.0,50.41,50.38208369117056,0.9649152703389304,1151.7314805554724,Medio,En riesgo,Medio · En riesgo
2145,31.0,591.0,618.0,30.156451612903226,30.229385632804895,0.9987446130219633,525.3446438574398,Bajo,Activo,Bajo · Activo
2146,53.0,682.0,699.0,30.749811320754716,30.79063733111765,0.9993296831563895,795.8805988416358,Medio,Activo,Medio · Activo
2147,85.0,592.0,593.0,66.3345882352941,66.28773824115028,0.9998702843456155,3198.595843095814,Alto,Activo,Alto · Activo
2148,119.0,657.0,657.0,27.029243697478993,27.05286506518677,0.9999194548192281,1644.7342745920196,Medio,Activo,Medio · Activo
2149,90.0,544.0,553.0,39.99444444444445,40.000768010619154,0.999537007825581,2185.6691656386374,Alto,Activo,Alto · Activo
2150,7.0,489.0,609.0,9.617142857142856,10.42986807898141,0.9925678760096016,47.64754387162693,Bajo,En riesgo,Bajo · En riesgo
2151,37.0,655.0,667.0,22.34864864864865,22.446177094568448,0.999494308569482,429.1360801034798,Bajo,Activo,Bajo · Activo
2152,24.0,595.0,679.0,6.332083333333333,6.596780988776791,0.9895370788470248,81.22707768462611,Bajo,En riesgo,Bajo · En riesgo
2153,35.0,618.0,635.0,25.625999999999998,25.71294112721961,0.9992897472612561,488.98744364660223,Bajo,Activo,Bajo · Activo
2154,105.0,606.0,608.0,23.636857142857142,23.669207570810634,0.9998712776992736,1372.2616820553121,Medio,Activo,Medio · Activo
2155,10.0,589.0,630.0,27.901999999999997,28.163858350197355,0.9981254436007599,169.50609109422763,Bajo,En riesgo,Bajo · En riesgo
2156,88.0,629.0,637.0,65.90977272727272,65.86535094713422,0.9996698032762746,3064.8438774100587,Alto,Activo,Alto · Activo
2157,10.0,559.0,672.0,36.054,36.17711546210027,0.993040991529748,203.32018566672232,Bajo,En riesgo,Bajo · En riesgo
2158,106.0,615.0,617.0,29.953396226415094,29.975141272784796,0.99987270505769,1729.0755764860226,Alto,Activo,Alto · Activo
2159,90.0,597.0,600.0,22.218444444444444,22.25889975571147,0.9998333395565974,1123.1313358586337,Medio,Activo,Medio · Activo
2160,56.0,637.0,656.0,13.063035714285714,13.156197059730264,0.9991070704823957,381.8123496265448,Bajo,Activo,Bajo · Activo
2161,38.0,665.0,677.0,53.179736842105264,53.134870008828855,0.9995035547211022,1027.1444501203443,Medio,Activo,Medio · Activo
2162,131.0,612.0,613.0,106.01259541984733,105.92980195862368,0.9999094312480236,7580.416828696839,Alto,Activo,Alto · Activo
2163,13.0,623.0,660.0,25.456923076923076,25.691283787772704,0.9984318363059579,186.4321863183544,Bajo,Activo,Bajo · Activo
2164,36.0,288.0,599.0,42.96194444444445,42.96350410611966,9.285990184327046e-09,8.26045782336069e-06,Bajo,En riesgo,Bajo · En riesgo
2165,10.0,623.0,693.0,17.931,18.362559691857832,0.9970831372884984,100.53280714464262,Bajo,En riesgo,Bajo · En riesgo
2166,20.0,399.0,603.0,4.1105,4.44675018490851,0.2701503972529389,14.157593103204036,Bajo,En riesgo,Bajo · En riesgo
2167,70.0,573.0,593.0,24.376571428571427,24.423232026661733,0.9984887115759309,972.7050577330639,Medio,Activo,Medio · Activo
2168,187.0,689.0,689.0,30.15208556149733,30.16423654887414,0.9999485886669565,2738.167478879987,Alto,Activo,Alto · Activo
2169,34.0,589.0,605.0,24.45705882352941,24.552466646055215,0.9992974616525696,476.2054660374561,Bajo,Activo,Bajo · Activo
2170,234.0,647.0,647.0,26.46474358974359,26.47718212595892,0.999958871070355,3194.3367742033415,Alto,Activo,Alto · Activo
2171,98.0,604.0,606.0,40.4584693877551,40.46345928374102,0.9998651242314971,2198.773804847875,Alto,Activo,Alto · Activo
2172,92.0,589.0,595.0,25.612826086956524,25.646027445658852,0.9997364290636294,1333.1012625344965,Medio,Activo,Medio · Activo
2173,69.0,660.0,661.0,30.43927536231884,30.47143544497596,0.9998466333264407,1077.1225091692738,Medio,Activo,Medio · Activo
2174,34.0,583.0,614.0,18.22941176470588,18.356372593038987,0.9983221449795753,350.56661223919866,Bajo,Activo,Bajo · Activo
2175,15.0,560.0,600.0,39.53066666666667,39.57353946850927,0.998158376841296,358.8368664093575,Bajo,En riesgo,Bajo · En riesgo
2176,129.0,579.0,608.0,19.984496124031008,20.01573150354098,0.9623671886647855,1368.7024128170765,Medio,En riesgo,Medio · En riesgo
2177,2.0,553.0,656.0,21.12,22.886184441615477,0.9942446122298889,39.849085843814294,Bajo,En riesgo,Bajo · En riesgo
2178,132.0,531.0,632.0,27.726742424242424,27.747126796269786,1.6815445510002554e-06,0.0032650989468142695,Bajo,En riesgo,Bajo · En riesgo
2179,43.0,649.0,649.0,33.66558139534884,33.704170337669915,0.9997803214395018,765.395423365619,Medio,Activo,Medio · Activo
2180,31.0,600.0,683.0,26.719032258064516,26.811058373437263,0.9814067870083225,415.01706435654694,Bajo,En riesgo,Bajo · En riesgo
2181,49.0,630.0,639.0,61.44183673469388,61.377915215416465,0.9996091626923478,1605.962058755948,Medio,Activo,Medio · Activo
2182,81.0,673.0,685.0,18.631851851851852,18.684442784393397,0.9995050502089357,746.0680050381791,Medio,Activo,Medio · Activo
2183,143.0,607.0,612.0,28.232517482517483,28.250724079879085,0.9997848423438096,2208.04414801215,Alto,Activo,Alto · Activo
2184,196.0,646.0,650.0,25.896224489795916,25.911574223380978,0.9998372118113432,2609.3974033272048,Alto,Activo,Alto · Activo
2185,96.0,703.0,704.0,87.21239583333333,87.13331782930312,0.9998857836539854,4004.459587073363,Alto,Activo,Alto · Activo
2186,98.0,670.0,679.0,54.90071428571429,54.88023331818336,0.9996393989681134,2666.4259143976055,Alto,Activo,Alto · Activo
2187,42.0,626.0,646.0,61.17690476190476,61.103461071660945,0.9991380167567041,1361.715518115459,Medio,Activo,Medio · Activo
2188,124.0,593.0,595.0,31.376209677419357,31.392818676236203,0.999882897214071,2190.843298930347,Alto,Activo,Alto · Activo
2189,78.0,637.0,640.0,16.69282051282051,16.751724354764086,0.9998233547708367,689.2810652080484,Medio,Activo,Medio · Activo
2190,189.0,635.0,635.0,50.01820105820106,50.01204101706652,0.9999491298477877,4971.09081021199,Alto,Activo,Alto · Activo
2191,14.0,670.0,670.0,55.35214285714285,55.20476254592387,0.999355521019659,422.4048453015623,Bajo,Activo,Bajo · Activo
2192,25.0,704.0,708.0,16.956,17.13711092755902,0.9995690491252808,212.596726032552,Bajo,Activo,Bajo · Activo
2193,92.0,691.0,699.0,96.1413043478261,96.04202221171913,0.9997001257810663,4261.718643381118,Alto,Activo,Alto · Activo
2194,305.0,689.0,689.0,23.45504918032787,23.466301398205935,0.9999684141547965,3463.949790500599,Alto,Activo,Alto · Activo
2195,76.0,600.0,606.0,15.379868421052633,15.443303183221483,0.9997322710343115,653.483296457299,Medio,Activo,Medio · Activo
2196,64.0,607.0,609.0,17.544843750000002,17.614299249941542,0.9998162462758027,626.8955996090286,Bajo,Activo,Bajo · Activo
2197,45.0,632.0,642.0,14.787333333333333,14.896571200543148,0.9995694334161678,357.21526859928986,Bajo,Activo,Bajo · Activo
2198,262.0,660.0,660.0,27.458167938931297,27.46862197672831,0.9999632498677671,3636.283830500385,Alto,Activo,Alto · Activo
2199,144.0,599.0,604.0,38.75756944444444,38.76300992002557,0.9997812684421937,3090.2671242165097,Alto,Activo,Alto · Activo
2200,179.0,699.0,704.0,47.85743016759776,47.85301435615081,0.9998093376517363,4071.750456097069,Alto,Activo,Alto · Activo
2201,1.0,24.0,663.0,17.759999999999998,21.52759700789332,0.11931227256820949,3.1666538401790136,Bajo,En riesgo,Bajo · En riesgo
2202,16.0,599.0,599.0,19.695,19.947572816689707,0.9994313560221177,192.42166123725883,Bajo,Activo,Bajo · Activo
2203,82.0,669.0,669.0,61.95231707317073,61.91299026532732,0.99988354778376,2561.93360196096,Alto,Activo,Alto · Activo
2204,147.0,603.0,613.0,17.849591836734692,17.879518581448348,0.9992802863898335,1433.1134198883412,Medio,Activo,Medio · Activo
2205,103.0,700.0,703.0,19.14883495145631,19.189344136527513,0.9998556807536713,946.5338368753993,Medio,Activo,Medio · Activo
2206,39.0,661.0,661.0,12.756410256410257,12.891356162704104,0.9997583518663783,261.65916434087563,Bajo,Activo,Bajo · Activo
2207,209.0,676.0,693.0,23.234736842105264,23.251335626745604,0.992139648160359,2325.3493967329705,Alto,En riesgo,Alto · En riesgo
2208,166.0,678.0,691.0,56.77644578313252,56.76239147672911,0.9986745296913022,4559.636113603849,Alto,Activo,Alto · Activo
2209,188.0,631.0,633.0,37.034787234042554,37.04054074312988,0.9999077707599449,3673.629165484992,Alto,Activo,Alto · Activo
2210,31.0,542.0,605.0,53.497096774193544,53.440392312497494,0.9900381589981316,940.0279780518101,Medio,En riesgo,Medio · En riesgo
2211,63.0,608.0,612.0,35.2731746031746,35.29514065444414,0.9997711800509599,1230.9663161551264,Medio,Activo,Medio · Activo
2212,45.0,565.0,597.0,5.4831111111111115,5.6280106281858915,0.9974093848211295,144.62076225439216,Bajo,En riesgo,Bajo · En riesgo
2213,52.0,671.0,690.0,64.52173076923077,64.45126386107864,0.9992071690427611,1656.1261025141175,Medio,Activo,Medio · Activo
2214,13.0,600.0,600.0,27.67076923076923,27.876032170251925,0.9993094765247931,222.3198348544818,Bajo,Activo,Bajo · Activo
2215,122.0,652.0,652.0,19.6677868852459,19.701260753720923,0.9999214193857653,1236.8569151317552,Medio,Activo,Medio · Activo
2216,32.0,603.0,605.0,13.5125,13.672737520513085,0.9996733941017943,250.32745638868343,Bajo,Activo,Bajo · Activo
2217,169.0,627.0,630.0,25.712130177514794,25.730118138437458,0.999873438625679,2306.6215102213914,Alto,Activo,Alto · Activo
2218,18.0,705.0,707.0,51.141666666666666,51.06684014013904,0.9994628299640455,466.54666239717096,Bajo,Activo,Bajo · Activo
2219,22.0,622.0,631.0,46.401363636363634,46.377050934211596,0.9994146003819983,571.1340340637732,Bajo,Activo,Bajo · Activo
2220,10.0,605.0,672.0,19.702,20.103418173847533,0.9971320848249908,113.44934243818224,Bajo,En riesgo,Bajo · En riesgo
2221,110.0,602.0,604.0,20.700818181818182,20.7363145544488,0.9998747749991211,1266.8644463765918,Medio,Activo,Medio · Activo
2222,39.0,677.0,681.0,76.17692307692307,76.03155613839243,0.9996944336530097,1498.5856642303404,Medio,Activo,Medio · Activo
2223,169.0,671.0,701.0,12.13284023668639,12.164726037358387,0.9192033686769194,902.6819387364668,Medio,En riesgo,Medio · En riesgo
2224,104.0,700.0,700.0,37.54692307692308,37.55646472843796,0.999907948022228,1878.22461998518,Alto,Activo,Alto · Activo
2225,89.0,663.0,663.0,36.373820224719104,36.3872446348411,0.9998926054929886,1646.4939064603263,Medio,Activo,Medio · Activo
2226,351.0,599.0,600.0,25.394273504273503,25.403095688363802,0.9999510675377061,4940.011293896708,Alto,Activo,Alto · Activo
2227,144.0,554.0,615.0,33.72034722222222,33.73183704346944,0.004916835069563982,12.992998929753671,Bajo,En riesgo,Bajo · En riesgo
2228,147.0,653.0,664.0,35.85857142857143,35.86731152787638,0.9992503897905556,2657.8605867375372,Alto,Activo,Alto · Activo
2229,54.0,614.0,618.0,44.62018518518519,44.615926751305004,0.9997496010444497,1326.0157057931956,Medio,Activo,Medio · Activo
2230,32.0,548.0,597.0,35.080625,35.124792363158434,0.995136171213828,648.576445277197,Medio,En riesgo,Medio · En riesgo
2231,84.0,694.0,696.0,49.90273809523809,49.889131345403285,0.9998551183320669,2033.165091148668,Alto,Activo,Alto · Activo
2232,35.0,658.0,659.0,31.784000000000002,31.84062803952025,0.9997164628780466,584.1033797592511,Bajo,Activo,Bajo · Activo
2233,219.0,643.0,645.0,38.37885844748858,38.382736391256714,0.9999138312627409,4348.695639453518,Alto,Activo,Alto · Activo
2234,168.0,651.0,652.0,47.298452380952384,47.29432322903028,0.9999261251533806,4075.4279097956764,Alto,Activo,Alto · Activo
2235,80.0,598.0,604.0,47.564750000000004,47.55551349441319,0.99973464973246,2123.098858817415,Alto,Activo,Alto · Activo
2236,182.0,576.0,599.0,15.813241758241759,15.83935422515383,0.9422177866882652,1513.2068922441103,Medio,En riesgo,Medio · En riesgo
2237,136.0,643.0,649.0,36.100661764705876,36.10980007148173,0.999752234777262,2535.0865221963168,Alto,Activo,Alto · Activo
2238,141.0,598.0,606.0,17.577304964539007,17.608837571917892,0.9995625899431004,1370.1103151986056,Medio,Activo,Medio · Activo
2239,31.0,605.0,625.0,55.02129032258065,54.956120193551556,0.9991474575826732,944.9430482264243,Medio,Activo,Medio · Activo
2240,147.0,684.0,684.0,36.76285714285714,36.7705333961691,0.9999346934185638,2648.2822332375827,Alto,Activo,Alto · Activo
2241,71.0,657.0,657.0,20.93929577464789,20.993662581928188,0.9998657557004044,767.7386412298297,Medio,Activo,Medio · Activo
2242,91.0,639.0,641.0,13.338571428571427,13.395446278360257,0.999860400194718,640.3925056205512,Medio,Activo,Medio · Activo
2243,42.0,614.0,618.0,95.26619047619047,95.05279333898224,0.9997033383518421,2213.7210053012423,Alto,Activo,Alto · Activo
2244,208.0,671.0,671.0,26.10298076923077,26.117273714543668,0.9999537544762562,2704.4520484970035,Alto,Activo,Alto · Activo
2245,127.0,629.0,629.0,36.21,36.219636161537245,0.9999244890159817,2450.9087580288992,Alto,Activo,Alto · Activo
2246,4.0,388.0,647.0,62.815,62.00482532005941,0.970956460067258,168.56805435431636,Bajo,En riesgo,Bajo · En riesgo
2247,76.0,701.0,701.0,51.118289473684214,51.10049073948491,0.9998744732166556,1874.3902936742159,Alto,Activo,Alto · Activo
2248,24.0,656.0,664.0,35.6475,35.70222408817424,0.9994761367185024,453.87726458869514,Bajo,Activo,Bajo · Activo
2249,2.0,224.0,630.0,76.965,74.2818207684006,0.9048023928046757,122.47073257064851,Bajo,En riesgo,Bajo · En riesgo
2250,57.0,609.0,611.0,40.35035087719299,40.3592465504458,0.9997987993566022,1278.6587078924406,Medio,Activo,Medio · Activo
2251,22.0,629.0,678.0,83.23318181818182,82.92126335654758,0.997628321189373,949.897190526466,Medio,En riesgo,Medio · En riesgo
2252,226.0,700.0,700.0,41.79694690265487,41.798088185410144,0.9999574215726955,4508.666843218322,Alto,Activo,Alto · Activo
2253,24.0,625.0,644.0,17.953333333333333,18.13479303427751,0.9991816563053778,237.50599491575255,Bajo,Activo,Bajo · Activo
2254,66.0,511.0,653.0,18.9480303030303,19.01171516730768,0.00060910634493744,0.3966917650352504,Bajo,En riesgo,Bajo · En riesgo
2255,18.0,581.0,643.0,26.375,26.536133914559084,0.9964692612708199,265.3319765947585,Bajo,En riesgo,Bajo · En riesgo
2256,26.0,600.0,601.0,54.585,54.51026622728592,0.9996255355129753,824.3721199747768,Medio,Activo,Medio · Activo
2257,72.0,694.0,701.0,10.921666666666667,10.999312250368305,0.9997262893284671,382.5700021951351,Bajo,Activo,Bajo · Activo
2258,47.0,681.0,681.0,32.14191489361702,32.18282410591208,0.9997986291786066,759.8130453187937,Medio,Activo,Medio · Activo
2259,10.0,615.0,615.0,58.218,57.96389547046826,0.9991210984022885,357.56450340666186,Bajo,Activo,Bajo · Activo
2260,116.0,653.0,657.0,63.06224137931035,63.03277001033667,0.9998326531041396,3736.446015110629,Alto,Activo,Alto · Activo
2261,224.0,603.0,603.0,59.72450892857143,59.711813915850826,0.9999570430925275,7391.665629726235,Alto,Activo,Alto · Activo
2262,137.0,670.0,670.0,10.832992700729928,10.873957563131027,0.9999299609503799,745.4065557646959,Medio,Activo,Medio · Activo
2263,322.0,702.0,704.0,17.80608695652174,17.81978128723292,0.9999259098315905,2718.064372625689,Alto,Activo,Alto · Activo
2264,266.0,595.0,596.0,63.57868421052632,63.56548528562352,0.9999437176912496,9441.895023241876,Alto,Activo,Alto · Activo
2265,1.0,17.0,656.0,15.01,19.18346413562873,0.0736416030249915,1.7599401675173576,Bajo,En riesgo,Bajo · En riesgo
2266,129.0,629.0,636.0,67.20976744186046,67.17770279481138,0.9996923894382271,4565.601413263904,Alto,Activo,Alto · Activo
2267,58.0,624.0,626.0,38.9848275862069,38.997634571980385,0.9998024666584113,1227.101874345867,Medio,Activo,Medio · Activo
2268,21.0,549.0,602.0,29.173333333333332,29.28875320502032,0.9966535298569328,360.63614846743485,Bajo,En riesgo,Bajo · En riesgo
2269,175.0,602.0,606.0,18.535714285714285,18.560179318413738,0.9998268155937854,1789.2563780945522,Alto,Activo,Alto · Activo
2270,233.0,634.0,634.0,20.229656652360514,20.24677836957883,0.9999586953033502,2481.2601369951817,Alto,Activo,Alto · Activo
2271,44.0,562.0,595.0,8.156590909090909,8.294291678648571,0.9972617590280853,209.2045096937229,Bajo,En riesgo,Bajo · En riesgo
2272,58.0,643.0,655.0,38.493448275862065,38.50771776205908,0.9995167677518058,1158.6557583611318,Medio,Activo,Medio · Activo
2273,48.0,609.0,616.0,33.026875,33.06375431733431,0.9996561635785688,879.0835337100877,Medio,Activo,Medio · Activo
2274,61.0,676.0,678.0,113.49950819672132,113.30078413551807,0.9998130421529192,3462.709706328361,Alto,Activo,Alto · Activo
2275,120.0,634.0,639.0,23.085500000000003,23.11460682870861,0.9997958074952787,1455.977283664971,Medio,Activo,Medio · Activo
2276,28.0,578.0,615.0,35.3225,35.37145173572788,0.9979937648666688,560.1511267611065,Bajo,En riesgo,Bajo · En riesgo
2277,102.0,643.0,646.0,37.6764705882353,37.68597948386156,0.9998492824500862,2000.6291748195365,Alto,Activo,Alto · Activo
2278,42.0,569.0,593.0,27.175238095238097,27.24138813225565,0.9986898808506421,659.9918118588455,Medio,Activo,Medio · Activo
2279,55.0,612.0,618.0,16.638727272727273,16.72235608261599,0.9997033682386425,505.9371061417347,Bajo,Activo,Bajo · Activo
2280,164.0,657.0,660.0,74.41030487804879,74.37748218632444,0.9998769884905571,6183.118329903293,Alto,Activo,Alto · Activo
2281,88.0,603.0,604.0,56.4075,56.381737411650796,0.9998743661324148,2764.718329190417,Alto,Activo,Alto · Activo
2282,75.0,596.0,598.0,14.307733333333333,14.374481327300941,0.9998364222712304,608.3446323217466,Bajo,Activo,Bajo · Activo
2283,16.0,639.0,659.0,85.586875,85.13404185219403,0.9990346010620448,747.4812143956165,Medio,Activo,Medio · Activo
2284,219.0,603.0,604.0,78.00698630136986,77.97955894474316,0.9999370897702069,9423.424916003749,Alto,Activo,Alto · Activo
2285,65.0,616.0,629.0,31.274769230769234,31.306683529817423,0.9994267750472748,1095.4944412410093,Medio,Activo,Medio · Activo
2286,25.0,600.0,652.0,39.3596,39.38661823543528,0.996774824771983,528.355201246585,Bajo,En riesgo,Bajo · En riesgo
2287,32.0,598.0,607.0,24.84875,24.94798081170962,0.9995213265667445,455.2147604463923,Bajo,Activo,Bajo · Activo
2288,111.0,632.0,632.0,18.822342342342345,18.860444974946855,0.9999137014314348,1112.0748870844768,Medio,Activo,Medio · Activo
2289,85.0,598.0,600.0,28.275764705882352,28.306281460281873,0.9998507450030898,1350.2135560211666,Medio,Activo,Medio · Activo
2290,50.0,612.0,629.0,17.6986,17.786905333743142,0.9992420979526917,481.84912626125794,Bajo,Activo,Bajo · Activo
2291,52.0,594.0,640.0,8.239615384615384,8.355926199143832,0.9908809253672352,229.25653901111718,Bajo,En riesgo,Bajo · En riesgo
2292,96.0,650.0,651.0,13.792499999999999,13.84560073777911,0.9998845268477115,687.1954326528925,Medio,Activo,Medio · Activo
2293,35.0,641.0,642.0,68.52457142857143,68.40034202024512,0.999716059757555,1287.402830772404,Medio,Activo,Medio · Activo
2294,138.0,635.0,664.0,60.5813768115942,60.55970660563118,0.9690730464715288,4088.27746518257,Alto,En riesgo,Alto · En riesgo
2295,77.0,644.0,664.0,102.54454545454546,102.4116000520071,0.9986868349713872,4008.555756777002,Alto,Activo,Alto · Activo
2296,205.0,601.0,601.0,64.20687804878048,64.18922483247034,0.9999530809875341,7300.03347225048,Alto,Activo,Alto · Activo
2297,40.0,684.0,697.0,17.059,17.172043124234953,0.9994914845064758,338.92846806107605,Bajo,Activo,Bajo · Activo
2298,75.0,639.0,639.0,35.296800000000005,35.315205163027336,0.999872821480509,1400.4691935846256,Medio,Activo,Medio · Activo
2299,58.0,590.0,595.0,34.66155172413793,34.687226147848214,0.9997317908708465,1147.1528926302735,Medio,Activo,Medio · Activo
2300,114.0,617.0,622.0,40.07464912280702,40.07952180167741,0.9997898898863827,2464.2394998865725,Alto,Activo,Alto · Activo
2301,107.0,680.0,681.0,43.49915887850467,43.49881740906736,0.9998952965147687,2298.6146208498776,Alto,Activo,Alto · Activo
2302,71.0,593.0,621.0,27.431126760563384,27.469701001108625,0.9964219008822071,1058.062209707795,Medio,En riesgo,Medio · En riesgo
2303,61.0,632.0,637.0,34.74327868852459,34.76746269318222,0.9997470166798552,1129.6404012342155,Medio,Activo,Medio · Activo
2304,68.0,492.0,629.0,3.5073529411764706,3.6083847016912283,0.00038038044567316275,0.05022574087454641,Bajo,En riesgo,Bajo · En riesgo
2305,113.0,702.0,709.0,55.10486725663717,55.08678851209346,0.999740436169289,2952.196880963798,Alto,Activo,Alto · Activo
2306,7.0,318.0,688.0,8.411428571428571,9.253256718935175,0.5820072095352176,21.98894915733149,Bajo,En riesgo,Bajo · En riesgo
2307,165.0,698.0,700.0,35.895878787878786,35.903627314068025,0.9999069144098643,2834.1060277127685,Alto,Activo,Alto · Activo
2308,27.0,666.0,679.0,20.55851851851852,20.70334479368427,0.9994066709327001,287.79809738158457,Bajo,Activo,Bajo · Activo
2309,10.0,597.0,672.0,24.904,25.21688278328312,0.996669520221392,142.2400716401309,Bajo,En riesgo,Bajo · En riesgo
2310,64.0,671.0,677.0,21.54359375,21.602260463297235,0.9997360760928821,692.8697316559392,Medio,Activo,Medio · Activo
2311,54.0,618.0,621.0,33.52166666666667,33.552879984948135,0.9997711491430523,992.5079863524387,Medio,Activo,Medio · Activo
2312,294.0,615.0,617.0,49.625408163265305,49.62167802834443,0.99991586051624,7870.15940484446,Alto,Activo,Alto · Activo
2313,9.0,604.0,604.0,11.166666666666666,11.77294815536324,0.9990331807570382,67.46776475804776,Bajo,Activo,Bajo · Activo
2314,82.0,594.0,610.0,61.07048780487805,61.03301904221712,0.9989703573428075,2762.639309581466,Alto,Activo,Alto · Activo
2315,5.0,592.0,592.0,24.862000000000002,25.478699295860274,0.9983882985818278,91.93263071801015,Bajo,Activo,Bajo · Activo
2316,24.0,539.0,673.0,30.961250000000003,31.049539656789683,0.9089361497397561,354.25317966930805,Bajo,En riesgo,Bajo · En riesgo
2317,135.0,697.0,703.0,102.39237037037037,102.31666401030574,0.9997750446213102,6592.321065640326,Alto,Activo,Alto · Activo
2318,231.0,579.0,668.0,46.18683982683983,46.18466852799847,1.5303325184150245e-10,8.158564849199418e-07,Bajo,En riesgo,Bajo · En riesgo
2319,84.0,699.0,701.0,13.486666666666668,13.547966710539935,0.9998553651038209,548.25655016489,Bajo,Activo,Bajo · Activo
2320,23.0,626.0,651.0,15.846521739130436,16.05155341096912,0.9989669693941737,199.79092216215355,Bajo,Activo,Bajo · Activo
2321,16.0,661.0,665.0,17.854375,18.126652641501565,0.9993692437654745,157.79486199743323,Bajo,Activo,Bajo · Activo
2322,255.0,645.0,645.0,92.38980392156863,92.35648691485893,0.999962244969067,12173.070243516911,Alto,Activo,Alto · Activo
2323,28.0,577.0,604.0,26.925714285714285,27.026269555312815,0.9987484901460684,435.96975697434584,Bajo,Activo,Bajo · Activo
2324,131.0,700.0,708.0,19.913664122137405,19.94451674961568,0.9996773998770162,1238.584464884585,Medio,Activo,Medio · Activo
2325,2.0,26.0,40.0,34.394999999999996,35.10351942662886,0.990134819486535,793.8766038866665,Medio,En riesgo,Medio · En riesgo
2326,40.0,598.0,601.0,32.90025,32.945019131072286,0.9997109328577597,752.276043392734,Medio,Activo,Medio · Activo
2327,31.0,683.0,705.0,39.347419354838706,39.369304952803255,0.9991678594290316,601.3969514884114,Bajo,Activo,Bajo · Activo
2328,152.0,703.0,705.0,92.96565789473685,92.9091347165429,0.9999029331722408,6713.991042323319,Alto,Activo,Alto · Activo
2329,94.0,518.0,648.0,28.878936170212764,28.90542752087559,7.493251643364399e-06,0.010578741328411542,Bajo,En riesgo,Bajo · En riesgo
2330,64.0,647.0,649.0,88.67515625,88.55269933593586,0.9998185935223803,2960.8290735160253,Alto,Activo,Alto · Activo
2331,88.0,680.0,694.0,67.01227272727273,66.96568601674987,0.9993461445659708,2863.464333615995,Alto,Activo,Alto · Activo
2332,14.0,619.0,680.0,19.3,19.593039257622273,0.9973114514361296,147.44891069824143,Bajo,En riesgo,Bajo · En riesgo
2333,21.0,656.0,658.0,12.18,12.434381509964219,0.9995300324451755,140.7101029780628,Bajo,Activo,Bajo · Activo
2334,296.0,699.0,699.0,40.13064189189189,40.13248755004062,0.9999674569978971,5669.232425059604,Alto,Activo,Alto · Activo
2335,42.0,648.0,654.0,46.207857142857144,46.19586882688015,0.9996666187701271,1017.6616810430966,Medio,Activo,Medio · Activo
2336,71.0,696.0,708.0,33.48267605633803,33.50652879592131,0.9995452183632363,1138.1508761446985,Medio,Activo,Medio · Activo
2337,443.0,595.0,597.0,26.37706546275395,26.38367225266796,0.9999057416512002,6501.500134328931,Alto,Activo,Alto · Activo
2338,60.0,593.0,593.0,34.946333333333335,34.97033497723241,0.9998415464712196,1199.4984859978717,Medio,Activo,Medio · Activo
2339,8.0,610.0,635.0,31.415,31.666515930996987,0.9984394576808501,156.17161637831498,Bajo,Activo,Bajo · Activo
2340,117.0,683.0,688.0,25.474188034188035,25.50051042788919,0.9998081816417559,1456.9153326709788,Medio,Activo,Medio · Activo
2341,226.0,652.0,666.0,24.978274336283185,24.992290770237133,0.9950700067501949,2817.256769251242,Alto,En riesgo,Alto · En riesgo
2342,157.0,614.0,614.0,37.48267515923567,37.489070067408115,0.9999388268282886,3204.279066118956,Alto,Activo,Alto · Activo
2343,195.0,592.0,594.0,23.67723076923077,23.694627659784334,0.9999054419332514,2593.7042470842002,Alto,Activo,Alto · Activo
2344,54.0,609.0,609.0,47.48888888888889,47.47546184870929,0.9998242596491096,1431.566842380932,Medio,Activo,Medio · Activo
2345,92.0,676.0,689.0,45.05358695652174,45.0502700178602,0.9994002212918253,2026.9538224292896,Alto,Activo,Alto · Activo
2346,28.0,679.0,681.0,41.837857142857146,41.84676790761815,0.999636997516279,600.550320334694,Bajo,Activo,Bajo · Activo
2347,79.0,626.0,626.0,40.38873417721519,40.39507405241975,0.9998791806549903,1720.0886547063917,Alto,Activo,Alto · Activo
2348,32.0,561.0,615.0,8.6834375,8.869662909782573,0.9940235242085005,158.89627810976253,Bajo,En riesgo,Bajo · En riesgo
2349,63.0,620.0,627.0,32.59634920634921,32.62565176268054,0.9996923234861076,1111.0566188724658,Medio,Activo,Medio · Activo
2350,37.0,607.0,609.0,50.09783783783784,50.0661186253263,0.9997119521358979,1046.8444427447416,Medio,Activo,Medio · Activo
2351,251.0,608.0,611.0,65.9301593625498,65.91455125387864,0.9998698925346852,9018.463794734478,Alto,Activo,Alto · Activo
2352,39.0,675.0,707.0,23.60282051282051,23.689826281453968,0.998470998708484,449.487703464575,Bajo,Activo,Bajo · Activo
2353,13.0,659.0,682.0,28.327692307692306,28.524320953656108,0.9988749282018181,200.51608177043096,Bajo,Activo,Bajo · Activo
2354,73.0,609.0,616.0,63.49164383561644,63.44383764730918,0.9996984994526525,2539.4625313890633,Alto,Activo,Alto · Activo
2355,15.0,611.0,668.0,7.154,7.566325015932288,0.9974426806757734,61.70122411657007,Bajo,En riesgo,Bajo · En riesgo
2356,85.0,604.0,698.0,24.14694117647059,24.185851087099255,0.03864516931001372,38.433759856914605,Bajo,En riesgo,Bajo · En riesgo
2357,23.0,651.0,700.0,9.384347826086957,9.637662623671654,0.997690731064492,111.55785768520352,Bajo,En riesgo,Bajo · En riesgo
2358,74.0,651.0,654.0,32.509594594594596,32.53475404369704,0.9998186821613549,1244.5782065652068,Medio,Activo,Medio · Activo
2359,130.0,581.0,595.0,21.56623076923077,21.595122350430383,0.9984046020494404,1576.8187083614123,Medio,Activo,Medio · Activo
2360,276.0,656.0,659.0,33.89963768115942,33.90552341271033,0.9998786992634979,4733.549448660535,Alto,Activo,Alto · Activo
2361,86.0,581.0,595.0,52.18395348837209,52.166079051620365,0.9991410693166163,2536.0488262774866,Alto,Activo,Alto · Activo
2362,36.0,659.0,708.0,10.82861111111111,10.983976037896335,0.9963285836332056,192.2758053130314,Bajo,En riesgo,Bajo · En riesgo
2363,40.0,604.0,636.0,20.726999999999997,20.824234459709068,0.998068587688789,449.07543331466354,Bajo,En riesgo,Bajo · En riesgo
2364,112.0,618.0,623.0,65.83196428571429,65.79716686477751,0.9997898381235475,3969.121161381763,Alto,Activo,Alto · Activo
2365,6.0,116.0,602.0,45.02,44.97141576690566,0.005534471418074565,1.0217345957922428,Bajo,En riesgo,Bajo · En riesgo
2366,135.0,601.0,607.0,40.60096296296297,40.604404491223406,0.9997306825811975,3021.9104375054003,Alto,Activo,Alto · Activo
2367,110.0,670.0,673.0,40.58663636363636,40.59088134305355,0.9998578282759253,2229.944395448443,Alto,Activo,Alto · Activo
2368,24.0,594.0,632.0,55.55583333333333,55.467962696830234,0.9981764123934204,739.2436218538145,Medio,En riesgo,Medio · En riesgo
2369,71.0,600.0,602.0,36.81028169014084,36.8260394201415,0.9998298586909986,1467.3557458093867,Medio,Activo,Medio · Activo
2370,139.0,615.0,617.0,38.04575539568345,38.052276877726335,0.9998919029473832,2869.0848639961227,Alto,Activo,Alto · Activo
2371,91.0,703.0,708.0,23.349999999999998,23.387862719321472,0.999799636467826,1013.9609395702851,Medio,Activo,Medio · Activo
2372,63.0,593.0,598.0,50.814126984126986,50.79349919422065,0.9997429608982576,1812.1145714903073,Alto,Activo,Alto · Activo
2373,96.0,581.0,595.0,26.891770833333336,26.92128879266095,0.9990267121415995,1458.244229544669,Medio,Activo,Medio · Activo
2374,75.0,671.0,699.0,82.15013333333333,82.06062408509632,0.9972434816194039,2971.6857537107653,Alto,En riesgo,Alto · En riesgo
2375,94.0,704.0,710.0,30.03255319148936,30.05692356373509,0.9997739800590226,1341.608915598161,Medio,Activo,Medio · Activo
2376,144.0,636.0,639.0,26.58013888888889,26.600203592567482,0.9998692944546806,2006.7472613924872,Alto,Activo,Alto · Activo
2377,72.0,683.0,684.0,15.0725,15.140187830962102,0.9998528123122264,539.5289953622907,Bajo,Activo,Bajo · Activo
2378,148.0,663.0,664.0,56.12222972972973,56.1072325706583,0.999919028497128,4188.496550610899,Alto,Activo,Alto · Activo
2379,50.0,617.0,635.0,25.2698,25.331978001045705,0.9991880914190239,679.8430707131497,Medio,Activo,Medio · Activo
2380,144.0,629.0,632.0,34.767361111111114,34.77759354313633,0.9998683298114442,2652.18352600971,Alto,Activo,Alto · Activo
2381,88.0,604.0,608.0,24.534772727272728,24.571597200787444,0.9998059607464889,1197.027298200037,Medio,Activo,Medio · Activo
2382,33.0,567.0,676.0,22.24,22.349855448233004,0.9008181952755486,340.54593083732414,Bajo,En riesgo,Bajo · En riesgo
2383,13.0,607.0,669.0,40.46923076923077,40.50627664130446,0.9972499475858957,289.71008311900175,Bajo,En riesgo,Bajo · En riesgo
2384,18.0,674.0,677.0,38.57944444444444,38.62430247363357,0.9994460423517288,368.2339304997829,Bajo,Activo,Bajo · Activo
2385,183.0,618.0,620.0,33.057377049180324,33.06704719725274,0.9999056150126542,3258.691376452511,Alto,Activo,Alto · Activo
2386,48.0,589.0,594.0,21.881249999999998,21.958188410097858,0.9997025450178334,605.0448035349361,Bajo,Activo,Bajo · Activo
2387,18.0,657.0,668.0,42.60388888888889,42.610404669643025,0.9993007729663816,411.55468610148955,Bajo,Activo,Bajo · Activo
2388,44.0,595.0,597.0,38.61454545454546,38.632862781346766,0.9997504697341634,973.6478732900343,Medio,Activo,Medio · Activo
2389,42.0,658.0,681.0,32.877857142857145,32.92059509670205,0.9990228226470439,696.5046966226192,Medio,Activo,Medio · Activo
2390,44.0,599.0,686.0,22.87818181818182,22.95817962535062,0.9152376778077942,462.13300983950444,Bajo,En riesgo,Bajo · En riesgo
2391,49.0,581.0,685.0,12.788163265306123,12.895554356389985,0.5932251431116848,187.0215404229008,Bajo,En riesgo,Bajo · En riesgo
2392,31.0,698.0,699.0,42.4458064516129,42.45048300518934,0.9996837853904074,654.2757007119367,Medio,Activo,Medio · Activo
2393,57.0,626.0,629.0,69.98122807017543,69.90039034746856,0.9997806315503801,2152.330015688131,Alto,Activo,Alto · Activo
2394,75.0,614.0,623.0,20.420266666666667,20.472936037213664,0.9996202795686714,832.1340129768046,Medio,Activo,Medio · Activo
2395,181.0,628.0,644.0,28.937790055248616,28.951503918325795,0.9951660531130782,2706.005112077023,Alto,En riesgo,Alto · En riesgo
2396,16.0,598.0,667.0,33.99875,34.098193913245154,0.9963000439759633,295.0457287851852,Bajo,En riesgo,Bajo · En riesgo
2397,31.0,700.0,707.0,35.04483870967742,35.09062167714208,0.9995847764244062,534.7683250002423,Bajo,Activo,Bajo · Activo
2398,65.0,546.0,612.0,29.850923076923078,29.88662002513281,0.7989335553616821,858.7905378111819,Medio,En riesgo,Medio · En riesgo
2399,9.0,666.0,694.0,15.32888888888889,15.856609049831878,0.9985227716457831,79.24269145183196,Bajo,Activo,Bajo · Activo
2400,202.0,608.0,608.0,72.3719801980198,72.34707241157209,0.9999523875924349,8016.6604931493985,Alto,Activo,Alto · Activo
2401,59.0,665.0,675.0,12.278983050847458,12.369715391699469,0.9996083754187802,367.46337106588544,Bajo,Activo,Bajo · Activo
2402,32.0,659.0,659.0,33.855625,33.906384774077765,0.9997070883148831,570.8204458162799,Bajo,Activo,Bajo · Activo
2403,9.0,490.0,599.0,12.633333333333333,13.211931706003549,0.9924496557820803,75.83097990254227,Bajo,En riesgo,Bajo · En riesgo
2404,16.0,601.0,620.0,33.21,33.31788788231564,0.9990300451120213,310.5889262970698,Bajo,Activo,Bajo · Activo
2405,124.0,664.0,669.0,27.308790322580645,27.331070756077906,0.9998047087097531,1699.9168177269237,Alto,Activo,Alto · Activo
2406,127.0,679.0,695.0,38.04874015748032,38.05587293996588,0.9985636369403872,2331.5166497464597,Alto,Activo,Alto · Activo
2407,147.0,623.0,625.0,45.027142857142856,45.02509660007648,0.9998957260887893,3543.107493883737,Alto,Activo,Alto · Activo
2408,24.0,581.0,600.0,83.6525,83.36338517190121,0.9991354875521832,1170.2536643052072,Medio,Activo,Medio · Activo
2409,7.0,670.0,677.0,98.78571428571429,97.44613332941512,0.998682150655966,403.69534218586676,Bajo,Activo,Bajo · Activo
2410,61.0,659.0,677.0,42.844918032786886,42.84617152429261,0.9991829049386572,1310.5434972955275,Medio,Activo,Medio · Activo
2411,70.0,662.0,670.0,28.69214285714286,28.728155430737587,0.9996831018402922,1016.1499828673034,Medio,Activo,Medio · Activo
2412,224.0,608.0,609.0,56.93651785714286,56.92597616878101,0.9999381685049972,6978.566378850836,Alto,Activo,Alto · Activo
2413,15.0,607.0,700.0,17.023999999999997,17.323697814663927,0.9939470698654762,134.4461967076555,Bajo,En riesgo,Bajo · En riesgo
2414,5.0,584.0,695.0,35.1,35.37404008968048,0.9951412440232009,108.68335794669898,Bajo,En riesgo,Bajo · En riesgo
2415,103.0,623.0,627.0,15.880582524271846,15.92657638045242,0.9998206466330068,879.02970771295,Medio,Activo,Medio · Activo
2416,103.0,665.0,665.0,40.996310679611646,41.00015616700084,0.9999070628804495,2136.0334170591723,Alto,Activo,Alto · Activo
2417,8.0,693.0,698.0,19.21125,19.721292943347642,0.9988513228875876,88.6650144558568,Bajo,Activo,Bajo · Activo
2418,105.0,620.0,624.0,14.844,14.890825702948632,0.9998212345315433,841.5515622704908,Medio,Activo,Medio · Activo
2419,60.0,610.0,629.0,19.44516666666667,19.5137712367638,0.9989892685035029,631.1879864615598,Bajo,Activo,Bajo · Activo
2420,78.0,630.0,675.0,57.557307692307695,57.5257028732261,0.9737366061789107,2187.7650399374606,Alto,En riesgo,Alto · En riesgo
2421,77.0,661.0,667.0,112.19285714285715,112.03826528460331,0.9997509960405393,4370.62964969683,Alto,Activo,Alto · Activo
2422,4.0,415.0,685.0,59.45,58.779437590866394,0.9723663141244836,151.3049408036276,Bajo,En riesgo,Bajo · En riesgo
2423,42.0,636.0,636.0,66.65357142857142,66.55764330188916,0.9997752122643114,1507.1221890801955,Medio,Activo,Medio · Activo
2424,100.0,657.0,658.0,41.0683,41.0721362245226,0.9998886063640265,2100.015321927289,Alto,Activo,Alto · Activo
2425,100.0,607.0,608.0,42.7394,42.74034785470872,0.9998872291882226,2361.606165698745,Alto,Activo,Alto · Activo
2426,102.0,595.0,603.0,23.583725490196077,23.617115825372267,0.99963520248193,1341.1643056535559,Medio,Activo,Medio · Activo
2427,279.0,705.0,706.0,31.041075268817206,31.048670617311533,0.9999489301731997,4094.9621673380993,Alto,Activo,Alto · Activo
2428,16.0,635.0,644.0,19.298125,19.55494656499379,0.9992759027433206,175.6629233601477,Bajo,Activo,Bajo · Activo
2429,56.0,687.0,695.0,32.074107142857144,32.108670928292504,0.9996734873845329,880.9229535203328,Medio,Activo,Medio · Activo
2430,56.0,594.0,650.0,33.30017857142857,33.33096325401951,0.9731686032246191,950.7432243781701,Medio,En riesgo,Medio · En riesgo
2431,39.0,627.0,639.0,24.437948717948718,24.52126329657816,0.9994862092447013,514.3995590537668,Bajo,Activo,Bajo · Activo
2432,184.0,594.0,596.0,26.811358695652174,26.826848237460915,0.9999036014114123,2763.0234404436983,Alto,Activo,Alto · Activo
2433,28.0,500.0,593.0,21.342142857142857,21.477012687948214,0.9558500475627627,337.6028256229576,Bajo,En riesgo,Bajo · En riesgo
2434,20.0,589.0,628.0,36.540000000000006,36.59791483531288,0.9982216686595752,413.7267127288068,Bajo,En riesgo,Bajo · En riesgo
2435,37.0,684.0,692.0,88.27810810810811,88.06855629309912,0.9996048821377691,1624.1055678067823,Medio,Activo,Medio · Activo
2436,11.0,482.0,597.0,88.1990909090909,87.50313462795351,0.9890908404105677,598.1539075869507,Bajo,En riesgo,Bajo · En riesgo
2437,66.0,645.0,657.0,72.1019696969697,72.02657754787859,0.999509628272747,2451.394609227911,Alto,Activo,Alto · Activo
2438,162.0,603.0,603.0,18.882037037037037,18.908093470851732,0.9999407033419392,1696.9454065427856,Alto,Activo,Alto · Activo
2439,67.0,654.0,659.0,8.823283582089552,8.912117350439214,0.9997625508905618,306.97609724296433,Bajo,Activo,Bajo · Activo
2440,113.0,623.0,623.0,22.64495575221239,22.67653688155877,0.99991521548293,1380.1591453178387,Medio,Activo,Medio · Activo
2441,94.0,667.0,676.0,12.88563829787234,12.941534068702135,0.9996414796180088,606.1277798111986,Bajo,Activo,Bajo · Activo
2442,34.0,613.0,633.0,17.86294117647059,17.99175876522855,0.9991542788707837,333.7561344303881,Bajo,Activo,Bajo · Activo
2443,128.0,412.0,670.0,31.0659375,31.082447297487647,2.1204908965450733e-23,4.2247387015208e-20,Bajo,En riesgo,Bajo · En riesgo
2444,2.0,679.0,681.0,28.04,29.254844185215674,0.9967424889370717,49.22361201036639,Bajo,En riesgo,Bajo · En riesgo
2445,160.0,679.0,680.0,40.7888125,40.79151381181953,0.999924140201073,3213.570979119396,Alto,Activo,Alto · Activo
2446,147.0,634.0,638.0,43.668571428571425,43.66812346145662,0.9998363779255597,3367.3744950862433,Alto,Activo,Alto · Activo
2447,121.0,622.0,626.0,61.6504958677686,61.624257796566276,0.9998285610387141,3993.5418183747042,Alto,Activo,Alto · Activo
2448,186.0,696.0,702.0,49.83661290322581,49.83052247662625,0.9997477792684248,4416.547974527088,Alto,Activo,Alto · Activo
2449,243.0,679.0,679.0,44.632674897119344,44.631717327421526,0.9999603881404763,5331.439088831072,Alto,Activo,Alto · Activo
2450,76.0,602.0,615.0,40.24697368421052,40.253885470669104,0.9993616216372228,1678.2614824129394,Medio,Activo,Medio · Activo
2451,175.0,681.0,685.0,47.07497142857143,47.07122816875951,0.9998480532027584,4023.4005585744158,Alto,Activo,Alto · Activo
2452,104.0,672.0,673.0,29.39125,29.414346844331043,0.9998925795950959,1529.0073320021081,Medio,Activo,Medio · Activo
2453,102.0,603.0,609.0,44.06637254901961,44.06505317404672,0.9997431807757754,2478.4389511649706,Alto,Activo,Alto · Activo
2454,27.0,619.0,626.0,14.26,14.444959144414398,0.9995271194141739,217.51242622476607,Bajo,Activo,Bajo · Activo
2455,101.0,629.0,630.0,52.27336633663366,52.25798896041969,0.9998887895395628,2816.0036463105735,Alto,Activo,Alto · Activo
2456,66.0,624.0,633.0,19.193181818181817,19.256225244760714,0.9996269834602137,679.8517429982986,Medio,Activo,Medio · Activo
2457,74.0,614.0,646.0,20.70837837837838,20.761085299199365,0.9944340717935081,799.5203075197794,Medio,En riesgo,Medio · En riesgo
2458,50.0,692.0,694.0,22.1666,22.23948678417476,0.9997806212766129,547.2803712649222,Bajo,Activo,Bajo · Activo
2459,449.0,669.0,676.0,45.58743875278396,45.58655231363025,0.9978318512677627,10056.507045512002,Alto,En riesgo,Alto · En riesgo
2460,28.0,450.0,450.0,32.63035714285714,32.695853791107545,0.9996666823472743,703.9905565754942,Medio,Activo,Medio · Activo
2461,19.0,670.0,683.0,52.79631578947368,52.71044974616639,0.99928823610322,523.7000642611252,Bajo,Activo,Bajo · Activo
2462,169.0,656.0,657.0,68.15846153846154,68.13300744064829,0.99992659052427,5861.625748834762,Alto,Activo,Alto · Activo
2463,9.0,398.0,614.0,16.93,17.427499425947545,0.9240394135490088,90.89936891748715,Bajo,En riesgo,Bajo · En riesgo
2464,45.0,581.0,597.0,23.683333333333334,23.758474203543123,0.9992741439132664,611.6535259720965,Bajo,Activo,Bajo · Activo
2465,138.0,654.0,679.0,15.048840579710143,15.084226182056184,0.9881439686532291,1015.8021084813126,Medio,En riesgo,Medio · En riesgo
2466,90.0,597.0,598.0,28.620222222222225,28.648385462874447,0.9998765452095559,1450.3336299591015,Medio,Activo,Medio · Activo
2467,301.0,622.0,624.0,42.496345514950164,42.496800510530576,0.9999168454186576,6823.852128590838,Alto,Activo,Alto · Activo
2468,76.0,587.0,636.0,32.83934210526316,32.86309145183887,0.9467103796451636,1255.8626844217322,Medio,En riesgo,Medio · En riesgo
2469,34.0,670.0,688.0,18.13264705882353,18.260098155358705,0.9993032032432914,312.157952007791,Bajo,Activo,Bajo · Activo
2470,87.0,611.0,632.0,11.8216091954023,11.884106749556112,0.9979270163905972,550.095846994938,Bajo,En riesgo,Bajo · En riesgo
2471,40.0,701.0,701.0,23.40025,23.48596305500792,0.9997642461727405,461.07228512714227,Bajo,Activo,Bajo · Activo
2472,34.0,606.0,611.0,35.49941176470588,35.53887238547343,0.9996322504085375,682.8792704518818,Medio,Activo,Medio · Activo
2473,5.0,599.0,707.0,55.827999999999996,55.408287401099216,0.9953865714910579,167.4361982594925,Bajo,En riesgo,Bajo · En riesgo
2474,47.0,572.0,593.0,10.68276595744681,10.802437643165572,0.9988804484222411,291.8791906998779,Bajo,Activo,Bajo · Activo
2475,118.0,597.0,623.0,42.95313559322034,42.95362591649792,0.9880122244627453,2695.9974731531997,Alto,En riesgo,Alto · En riesgo
2476,12.0,368.0,598.0,32.348333333333336,32.50392804164014,0.6921697951896769,167.6889476095482,Bajo,En riesgo,Bajo · En riesgo
2477,37.0,671.0,692.0,49.59486486486487,49.56548835428122,0.999183043043885,913.670187172575,Medio,Activo,Medio · Activo
2478,135.0,696.0,701.0,24.61096296296296,24.634885894502887,0.9998139707983706,1591.7552245076026,Medio,Activo,Medio · Activo
2479,127.0,595.0,600.0,112.03196850393701,111.93837576342513,0.9997828518507723,7932.583955146089,Alto,Activo,Alto · Activo
2480,28.0,623.0,647.0,56.64821428571429,56.566106082924705,0.9990036758113183,853.1448476081812,Medio,Activo,Medio · Activo
2481,135.0,594.0,595.0,39.01237037037037,39.017846708232796,0.9999109505183662,2961.797455260815,Alto,Activo,Alto · Activo
2482,53.0,672.0,701.0,51.16528301886793,51.13963243662736,0.9982762944038239,1316.7658649937757,Medio,Activo,Medio · Activo
2483,77.0,707.0,710.0,22.933896103896107,22.979561058415143,0.9998280926338389,843.0977420278364,Medio,Activo,Medio · Activo
2484,115.0,625.0,629.0,67.33965217391305,67.30349461497656,0.9998269842777366,4128.466093423854,Alto,Activo,Alto · Activo
2485,75.0,643.0,648.0,19.52733333333333,19.58205934250366,0.9997722386818689,765.8814894459937,Medio,Activo,Medio · Activo
2486,68.0,671.0,671.0,47.69661764705882,47.685420400760464,0.9998599187272628,1637.3763784917244,Medio,Activo,Medio · Activo
2487,22.0,637.0,662.0,26.05454545454546,26.18911337206146,0.9989782712106239,307.54652287472476,Bajo,Activo,Bajo · Activo
2488,107.0,642.0,649.0,58.753177570093456,58.728192738167095,0.9997153157686898,3253.0840858314386,Alto,Activo,Alto · Activo
2489,124.0,633.0,642.0,75.33104838709677,75.28636864853928,0.9995584900164108,4874.784341604902,Alto,Activo,Alto · Activo
2490,28.0,590.0,605.0,24.856428571428573,24.969700904327112,0.999310682149998,402.36785771819234,Bajo,Activo,Bajo · Activo
2491,50.0,507.0,648.0,18.601,18.68619125605055,0.021253160952817696,10.456687717152446,Bajo,En riesgo,Bajo · En riesgo
2492,100.0,691.0,692.0,28.422600000000003,28.448293359437002,0.9998894227281935,1384.2913190790935,Medio,Activo,Medio · Activo
2493,95.0,525.0,693.0,27.010105263157897,27.03971809521924,3.678251074905226e-08,4.5951489391958796e-05,Bajo,En riesgo,Bajo · En riesgo
2494,30.0,588.0,597.0,68.37933333333334,68.23535124964934,0.9995013813414124,1189.855209914765,Medio,Activo,Medio · Activo
2495,18.0,574.0,641.0,11.556111111111113,11.858429610810322,0.9958091249241287,118.85565386404865,Bajo,En riesgo,Bajo · En riesgo
2496,48.0,566.0,594.0,88.11270833333333,87.95160068201785,0.9979438777617254,2419.1906562924983,Alto,En riesgo,Alto · En riesgo
2497,192.0,622.0,633.0,36.697552083333335,36.70348967343924,0.998594872914254,3712.172803207012,Alto,Activo,Alto · Activo
2498,149.0,605.0,606.0,17.361409395973155,17.39150152731908,0.9999177380325084,1429.6957185289884,Medio,Activo,Medio · Activo
2499,80.0,639.0,641.0,41.829375,41.83252459405866,0.9998467140903363,1761.9374891909301,Alto,Activo,Alto · Activo
2500,98.0,629.0,632.0,55.26918367346939,55.248052860048716,0.9998444999160419,2880.8564111132437,Alto,Activo,Alto · Activo
