household_key,gasto_total,n_visitas,descuento_medio,pct_compras_promo,pct_marca_blanca,ticket_medio,gasto_por_visita,canjea_cupones,cluster,segmento,clv_12m,nivel_valor,descuento_recibido
1,4330.16,85,0.11022615439779716,0.4381956649091974,0.11775043936731107,2.5367076742823667,50.94305882352941,1,0,Premium,2175.36326480524,Alto,685.07
2,1954.34,45,0.12358910553929811,0.44803370786516855,0.23595505617977527,2.7448595505617974,43.42977777777777,0,0,Premium,1080.8435892544553,Medio,333.5
3,2653.21,47,0.1569917747719753,0.5397170837867247,0.18607181719260066,2.8870620239390643,56.45127659574468,0,0,Premium,1487.7450457585812,Medio,668.2800000000002
4,1200.1100000000001,30,0.09608027733625732,0.4166666666666667,0.15333333333333332,4.000366666666667,40.00366666666667,0,1,Indiferente al precio,599.3920457334851,Bajo,115.65
5,779.0600000000001,40,0.12253810973889921,0.5180180180180181,0.21621621621621623,3.5092792792792795,19.4765,0,4,Rutinario,430.34304846180447,Bajo,118.33000000000003
6,5996.16,249,0.10643973695006585,0.3531723750701853,0.24649073554183043,3.3667377877596856,24.080963855421686,0,1,Indiferente al precio,3339.7080327337035,Alto,825.1499999999999
7,3400.05,59,0.11416497116835916,0.4300234558248632,0.4034401876465989,2.6583659108678654,57.627966101694916,0,0,Premium,1638.9562400876075,Medio,479.02000000000004
8,5534.97,113,0.13726866745625954,0.4979612640163099,0.23649337410805302,2.821085626911315,48.98203539823009,1,0,Premium,2738.91375700675,Alto,1056.9499999999996
9,797.42,20,0.14573593274051347,0.54337899543379,0.319634703196347,3.641187214611872,39.870999999999995,0,4,Rutinario,459.1491972586317,Bajo,177.81
10,234.34,9,0.08048064298931154,0.3142857142857143,0.34285714285714286,3.347714285714286,26.037777777777777,0,1,Indiferente al precio,135.64345976841767,Bajo,24.84
11,33.39,5,0.20635006944018205,0.6666666666666666,0.3888888888888889,1.855,6.678,0,2,Cazador de ofertas,18.063109641407827,Bajo,10.98
12,266.21,7,0.10074742933500071,0.42045454545454547,0.25,3.025113636363636,38.029999999999994,0,1,Indiferente al precio,139.0750360923282,Bajo,32.7
13,13190.92,275,0.1260015420404756,0.49825479930191974,0.30977312390924955,5.755200698080279,47.96698181818182,1,3,Intensivo,7186.782872251148,Alto,1621.19999999999
14,2761.19,138,0.17719393404857028,0.5942668136714443,0.3241455347298787,3.044310915104741,20.008623188405796,1,2,Cazador de ofertas,1284.6639889389064,Medio,582.1000000000028
15,972.53,55,0.11400154165156551,0.40789473684210525,0.3157894736842105,3.199111842105263,17.682363636363636,0,4,Rutinario,482.37071032082713,Bajo,158.59
16,1512.02,98,0.08313370498141423,0.3230174081237911,0.2127659574468085,2.924603481624758,15.428775510204082,0,1,Indiferente al precio,795.6615671360227,Medio,171.28999999999843
17,5139.63,124,0.1268921171402499,0.4295432458697765,0.35471331389698735,4.994781341107871,41.44862903225807,0,4,Rutinario,2431.025575240744,Alto,1109.559999999999
18,7118.91,161,0.10729762132877527,0.43417517463729177,0.2509403546480387,3.8253143471252016,44.216832298136644,1,1,Indiferente al precio,3840.553097003181,Alto,948.6599999999967
19,11299.61,421,0.18204429241984524,0.600779389478242,0.27603377354405717,2.446332539510717,26.83992874109264,1,3,Intensivo,5866.842786852054,Alto,2982.349999999996
20,7486.11,380,0.11452364375490962,0.4476143630103296,0.4308903098868667,3.682297097884899,19.700289473684208,0,3,Intensivo,3953.379775681296,Alto,813.9199999999967
21,870.11,27,0.1409445646994911,0.5036496350364964,0.5364963503649635,3.1755839416058396,32.2262962962963,0,4,Rutinario,468.9471642841879,Bajo,152.88999999999993
22,6256.04,135,0.107966801599463,0.425625,0.209375,3.910025,46.34103703703704,1,0,Premium,3023.3731406432667,Alto,758.5200000000068
23,3158.58,110,0.09978343933764591,0.40346205059920104,0.16378162450066577,4.205832223701731,28.714363636363636,0,1,Indiferente al precio,1611.0901673633562,Medio,275.98000000000366
24,1911.11,74,0.1810826907710567,0.6151368760064412,0.3896940418679549,3.0774718196457327,25.82581081081081,0,2,Cazador de ofertas,978.0011192872234,Medio,439.65000000000003
25,3149.65,94,0.16430287050040449,0.5805500982318271,0.3212180746561886,3.093958742632613,33.50691489361702,0,2,Cazador de ofertas,1511.0978093292197,Medio,527.4399999999987
26,1937.39,113,0.10251219022877038,0.3898305084745763,0.4322033898305085,2.3455084745762713,17.145044247787613,0,4,Rutinario,981.669996729465,Medio,321.64
27,5736.24,405,0.09108876022328524,0.27034764826175867,0.14192229038854806,2.3461104294478528,14.163555555555556,0,3,Intensivo,2826.323274584368,Alto,478.11
28,2119.62,125,0.11854305876529463,0.41706161137440756,0.11216429699842022,3.3485308056872034,16.95696,0,1,Indiferente al precio,1187.132731459128,Medio,302.41000000000133
29,1343.03,69,0.1608496535872434,0.5623678646934461,0.37209302325581395,2.8393868921775898,19.464202898550724,1,2,Cazador de ofertas,659.8084483761705,Medio,296.21000000000004
30,622.8,28,0.1457132816666834,0.5724137931034483,0.4206896551724138,4.295172413793103,22.24285714285714,0,4,Rutinario,230.48068197947043,Bajo,100.89000000000152
31,4396.9,69,0.18976396141241256,0.6498599439775911,0.2203548085901027,4.105415499533146,63.723188405797096,1,2,Cazador de ofertas,2390.850075128275,Alto,946.6799999999989
32,3381.82,116,0.12291537743647511,0.46884576098059244,0.28804902962206336,3.454361593462717,29.153620689655174,0,4,Rutinario,1700.7272012359472,Alto,374.42000000000047
33,1200.74,52,0.17293062163436063,0.5646687697160884,0.4637223974763407,3.7878233438485807,23.091153846153848,0,2,Cazador de ofertas,682.1326011298701,Medio,253.9600000000001
34,407.38,36,0.13097912782119336,0.4852941176470588,0.27941176470588236,2.9954411764705884,11.31611111111111,0,4,Rutinario,201.5838646368416,Bajo,69.84000000000007
35,1119.51,60,0.12412974351348323,0.48859934853420195,0.33876221498371334,3.646612377850163,18.6585,0,4,Rutinario,519.6442125874343,Bajo,153.3599999999999
36,4898.25,221,0.11695998051747376,0.5210022107590273,0.2579218865143699,3.6096168017686074,22.164027149321267,0,4,Rutinario,2559.300336569208,Alto,866.01
37,2976.66,62,0.12143053341281988,0.5194444444444445,0.125,8.2685,48.01064516129032,0,0,Premium,1611.5392492565177,Medio,541.9499999999998
38,706.13,27,0.0737457481299832,0.33793103448275863,0.06896551724137931,4.869862068965517,26.152962962962963,0,1,Indiferente al precio,167.83684078250477,Bajo,59.16
39,5033.66,64,0.1223478950840165,0.4865301724137931,0.2273706896551724,2.7121012931034483,78.6509375,0,0,Premium,2400.593725619645,Alto,809.5300000000008
40,12907.89,400,0.08799966255325907,0.3360940422121293,0.4191824739513759,3.448541277050494,32.269725,1,3,Intensivo,6739.4552994435,Alto,1289.5700000000045
41,3107.13,73,0.13199971102585586,0.5272727272727272,0.1674641148325359,2.97333014354067,42.56342465753425,0,0,Premium,1636.6825631024378,Medio,599.79
42,1985.8600000000001,89,0.17137484196893574,0.5205479452054794,0.4309799789251844,2.092581664910432,22.31303370786517,0,2,Cazador de ofertas,1082.5955813711637,Medio,539.78
43,884.84,106,0.08213925079940537,0.3090909090909091,0.35584415584415585,2.2982857142857145,8.347547169811321,0,1,Indiferente al precio,501.6969198212295,Bajo,85.4999999999992
44,877.76,31,0.12134864014974892,0.48307692307692307,0.2153846153846154,2.7008,28.31483870967742,0,4,Rutinario,469.7003673179886,Bajo,133.74
45,807.09,57,0.06603707645594635,0.2796610169491525,0.3177966101694915,3.4198728813559325,14.159473684210527,0,1,Indiferente al precio,10.832130782530855,Bajo,64.5
46,8433.43,137,0.1457574718745798,0.5036319612590799,0.2106537530266344,4.083985472154964,61.557883211678835,1,0,Premium,4059.490598532492,Alto,1523.4500000000012
47,2329.13,111,0.11322699886239741,0.432,0.096,3.726608,20.983153153153154,0,1,Indiferente al precio,1290.5615680067117,Medio,293.55
48,1172.83,50,0.13235989332429643,0.48450704225352115,0.27887323943661974,3.303746478873239,23.456599999999998,0,4,Rutinario,652.2987325341221,Medio,207.16000000000113
49,6445.03,121,0.16283399611078242,0.5771694816540478,0.23704135119394293,3.7536575422248104,53.26471074380165,0,0,Premium,3285.5624729312235,Alto,1442.98
50,351.39,15,0.09646735611094404,0.38095238095238093,0.24603174603174602,2.788809523809524,23.426,0,1,Indiferente al precio,189.5981866323824,Bajo,38.300000000000004
51,3046.86,83,0.08942442309650292,0.37852494577006507,0.27765726681127983,3.304620390455532,36.70915662650602,0,1,Indiferente al precio,1413.0010948940217,Medio,351.69000000000005
52,5487.28,139,0.10160926909097309,0.4092827004219409,0.19047619047619047,3.3075828812537673,39.4768345323741,0,1,Indiferente al precio,2622.90890385054,Alto,558.7200000000021
53,1961.49,56,0.14366360799944797,0.5340314136125655,0.36300174520069806,3.423193717277487,35.026607142857145,0,4,Rutinario,1043.2331124516263,Medio,363.1400000000011
54,103.09,11,0.11426736830892385,0.4411764705882353,0.38235294117647056,3.032058823529412,9.371818181818183,0,4,Rutinario,52.10757710616937,Bajo,18.53
55,1072.79,141,0.16165252034217478,0.6214099216710183,0.26631853785900783,2.801018276762402,7.6084397163120565,0,2,Cazador de ofertas,548.0666503572166,Bajo,188.35000000000002
56,6691.53,201,0.11932987648049646,0.45177882554650667,0.3180454350621517,2.868208315473639,33.29119402985074,1,4,Rutinario,3622.72865620976,Alto,1164.9699999999996
57,3105.87,193,0.1207636774879933,0.43847874720357943,0.174496644295302,3.4741275167785233,16.092590673575128,0,1,Indiferente al precio,1565.3207492193826,Medio,497.77000000000476
58,10367.08,268,0.13642749212371333,0.5042852245457662,0.21254713747000342,3.554021254713747,38.68313432835821,1,3,Intensivo,5457.990717013227,Alto,1529.0999999999985
59,1688.33,44,0.1420772990461409,0.5010309278350515,0.38556701030927837,3.4810927835051544,38.37113636363636,0,4,Rutinario,872.6621502986897,Medio,354.2800000000002
60,400.94,8,0.11632898229835384,0.45794392523364486,0.308411214953271,3.7471028037383176,50.1175,0,0,Premium,204.7196898832984,Bajo,216.37000000000015
61,183.8,11,0.11039493837480566,0.45,0.25,4.595000000000001,16.70909090909091,0,1,Indiferente al precio,100.93982444906956,Bajo,52.910000000000004
62,359.29,33,0.12987483538973824,0.46122448979591835,0.4857142857142857,1.4664897959183674,10.887575757575759,0,4,Rutinario,188.40362917040707,Bajo,72.99000000000001
63,589.6,33,0.10228170897382538,0.4180327868852459,0.2540983606557377,4.832786885245902,17.866666666666667,0,1,Indiferente al precio,309.2545790648224,Bajo,72.64
64,3917.81,262,0.10730010238081088,0.4030064423765211,0.2949176807444524,2.8044452397995703,14.953473282442747,0,4,Rutinario,1679.5414961039792,Medio,558.9100000000001
65,2042.17,122,0.12021547542056121,0.4364326375711575,0.18026565464895636,3.8750853889943073,16.73909836065574,0,1,Indiferente al precio,971.407204816546,Medio,215.95
66,395.95,29,0.17671001628544142,0.5714285714285714,0.33516483516483514,2.1755494505494504,13.653448275862068,0,2,Cazador de ofertas,227.00327707284512,Bajo,81.78999999999999
67,9618.9,226,0.1577824683578351,0.5642437591776799,0.23237885462555066,3.531167400881057,42.56150442477876,1,2,Cazador de ofertas,5274.507763127817,Alto,2450.210000000003
68,4960.77,552,0.1336046031450344,0.6669720568025653,0.30096197892808063,2.2724553366926252,8.986902173913045,1,3,Intensivo,2341.690578040309,Alto,968.9000000000002
69,5704.34,183,0.11994764700042176,0.45244956772334294,0.2612872238232469,2.7398366954851103,31.171256830601095,0,4,Rutinario,3021.058803003172,Alto,1034.75
70,76.4,32,0.11492939999607686,0.3404255319148936,0.10638297872340426,1.6255319148936171,2.3875,0,1,Indiferente al precio,37.81745918135957,Bajo,10.71
71,3376.03,90,0.16295530804404842,0.540785498489426,0.27492447129909364,5.099743202416919,37.51144444444445,0,2,Cazador de ofertas,1726.4230530340865,Alto,530.3800000000009
72,6473.43,107,0.12910188651929844,0.4937984496124031,0.29767441860465116,2.5090813953488373,60.499345794392525,0,0,Premium,3404.7262681743277,Alto,999.1699999999998
73,2864.18,164,0.08982065186412162,0.3569482288828338,0.07629427792915532,3.902152588555858,17.46451219512195,0,1,Indiferente al precio,501.708644151788,Bajo,242.7399999999991
74,2047.64,130,0.20386155461210848,0.574757281553398,0.40388349514563104,1.988,15.751076923076925,0,2,Cazador de ofertas,341.0936503840273,Bajo,855.05
75,1167.09,64,0.1590554108394045,0.5064935064935064,0.3333333333333333,5.052337662337662,18.23578125,0,4,Rutinario,625.4667809033303,Bajo,177.13000000000284
76,315.94,16,0.14662897074770084,0.5047619047619047,0.34285714285714286,3.008952380952381,19.74625,0,4,Rutinario,127.3668679771876,Bajo,71.58000000000001
77,6227.1,87,0.14828048155145107,0.5411237785016286,0.3953583061889251,2.5354641693811075,71.57586206896552,1,0,Premium,2965.509251296018,Alto,1232.87
78,2505.14,209,0.11170439457356811,0.43423597678916825,0.3317214700193424,2.4227659574468086,11.986315789473684,0,4,Rutinario,1342.305685882976,Medio,397.66
79,3950.12,151,0.13916385000538417,0.49142857142857144,0.2587755102040816,3.2245877551020405,26.159735099337748,1,4,Rutinario,2161.352846140363,Alto,751.0200000000027
80,3002.09,94,0.1965882971195443,0.597623089983022,0.38115449915110355,2.548463497453311,31.937127659574468,1,2,Cazador de ofertas,1509.5991822898889,Medio,841.7199999999992
81,5553.7,151,0.13569570815346998,0.501704822211398,0.2961519727228446,2.7051631758402337,36.7794701986755,0,4,Rutinario,2685.830465731545,Alto,1104.83
82,566.51,51,0.10317498199463299,0.3387096774193548,0.07258064516129033,4.568629032258064,11.108039215686274,0,1,Indiferente al precio,303.85123240637864,Bajo,90.54
83,1183.74,110,0.11022946137230565,0.3848314606741573,0.4410112359550562,3.3251123595505616,10.761272727272727,0,4,Rutinario,582.2794096601974,Bajo,181.42999999999893
84,1208.09,52,0.10566158833387507,0.3796095444685466,0.19522776572668113,2.62058568329718,23.232499999999998,0,1,Indiferente al precio,542.9130249987544,Bajo,149.86000000000078
85,4696.49,281,0.15080330985779636,0.5921432697862508,0.3362218370883882,2.71316580011554,16.713487544483986,0,3,Intensivo,2256.459047494589,Alto,944.8199999999999
86,4019.44,46,0.10543402295806006,0.399812734082397,0.18258426966292135,3.763520599250936,87.37913043478261,0,0,Premium,2144.5262578614115,Alto,516.3800000000003
87,1202.3,45,0.05845170839634762,0.2542857142857143,0.15428571428571428,3.435142857142857,26.717777777777776,0,1,Indiferente al precio,649.6187829434416,Medio,82.0
88,11615.66,229,0.15084827306228113,0.5462633451957295,0.31039936733886914,2.296492684855674,50.723406113537116,1,4,Rutinario,6175.842283606745,Alto,2206.6799999999994
89,177.56,11,0.0745881661901075,0.23404255319148937,0.0425531914893617,3.777872340425532,16.14181818181818,0,1,Indiferente al precio,113.41216966218964,Bajo,9.930000000000001
90,490.41,10,0.0782178796221913,0.36363636363636365,0.2532467532467532,3.1844805194805197,49.041000000000004,0,1,Indiferente al precio,278.8290620777833,Bajo,57.20999999999914
91,2899.66,181,0.11564520630217408,0.48533007334963324,0.3080684596577017,3.5448166259168703,16.02022099447514,0,4,Rutinario,1480.265792082942,Medio,302.99000000000296
92,1587.38,56,0.16670825743000345,0.5368852459016393,0.4207650273224044,2.168551912568306,28.34607142857143,0,2,Cazador de ofertas,870.2306883212594,Medio,412.77999999999975
93,3346.7200000000003,106,0.14238703583773438,0.5765182186234817,0.12469635627530365,2.7098947368421054,31.572830188679248,1,4,Rutinario,0.0001074903805445,Bajo,591.4000000000007
94,442.64,36,0.14517196108686634,0.4744525547445255,0.29927007299270075,3.230948905109489,12.295555555555556,0,4,Rutinario,238.9667920910213,Bajo,109.27000000000066
95,6500.18,306,0.21583827257244373,0.6760630673674152,0.39464882943143814,3.1056760630673677,21.242418300653597,0,2,Cazador de ofertas,3443.3653669745318,Alto,1912.5700000000052
96,1182.43,59,0.08745995953815099,0.3212121212121212,0.19090909090909092,3.5831212121212124,20.04118644067797,0,1,Indiferente al precio,570.2411480316996,Bajo,164.8
97,5323.95,180,0.1572938698202289,0.5610160132523467,0.3103257868580895,2.9397846493649915,29.5775,0,4,Rutinario,2641.047564924464,Alto,969.3300000000035
98,2547.3,205,0.1326802934528603,0.4550224887556222,0.2391304347826087,1.9095202398800601,12.425853658536587,0,4,Rutinario,1201.8532481190116,Medio,514.64
99,6926.15,253,0.12322339616524826,0.6941133983387504,0.4503430841459011,2.5013181654026724,27.37608695652174,1,2,Cazador de ofertas,3675.062085674109,Alto,1146.3700000000017
100,2294.62,32,0.13894595264167198,0.5171339563862928,0.18847352024922118,3.5741744548286603,71.706875,0,0,Premium,1101.052015187833,Medio,388.2700000000019
101,6651.58,239,0.188558084193087,0.5843478260869566,0.4052173913043478,5.783982608695652,27.830878661087866,1,2,Cazador de ofertas,3731.400007445468,Alto,2070.7800000000025
102,304.84000000000003,8,0.11719684662567449,0.3867924528301887,0.04716981132075472,2.8758490566037738,38.105000000000004,0,1,Indiferente al precio,0.2570639446602653,Bajo,53.16
103,541.99,50,0.1554128966478816,0.5247933884297521,0.3181818181818182,2.2396280991735535,10.8398,0,4,Rutinario,295.0162800334956,Bajo,100.46000000000001
104,6546.74,126,0.17237666446347807,0.6278275714895433,0.12889457959880496,2.7941698676909943,51.95825396825396,1,0,Premium,3644.476370165566,Alto,1536.5200000000007
105,4591.67,169,0.16471024756267622,0.5253218884120172,0.3180257510729614,1.9706738197424893,27.1696449704142,1,4,Rutinario,2150.277423053015,Alto,1278.02
106,2014.66,67,0.1018449754255904,0.39870689655172414,0.2650862068965517,4.341939655172414,30.069552238805972,0,1,Indiferente al precio,1084.6515119144703,Medio,199.629999999998
107,1222.83,41,0.13092696511843854,0.45,0.2692307692307692,4.703192307692308,29.82512195121951,0,4,Rutinario,613.7103097667941,Bajo,169.38000000000213
108,2671.16,62,0.11597484324452367,0.4448236632536974,0.37770193401592717,3.038862343572241,43.08322580645161,0,4,Rutinario,1432.2786591464796,Medio,373.2700000000008
109,3501.07,104,0.10281415518461856,0.38290479499652535,0.2995135510771369,2.4329881862404448,33.66413461538462,0,1,Indiferente al precio,1946.7416763438248,Alto,443.03000000000003
110,3461.32,184,0.1439082954814749,0.4877020379479972,0.4645115952213633,2.4324104005621927,18.811521739130434,0,4,Rutinario,1793.838313038954,Alto,593.0699999999963
111,1515.65,51,0.17706681150535666,0.5704584040747029,0.21222410865874364,2.5732597623089983,29.718627450980392,0,2,Cazador de ofertas,706.6974179060214,Medio,346.780000000001
112,1342.65,80,0.0865793665837795,0.358974358974359,0.2222222222222222,5.737820512820513,16.783125000000002,0,1,Indiferente al precio,673.3675169154794,Medio,85.2699999999997
113,15324.95,222,0.1241121865964508,0.4956798544793088,0.2621646202819463,3.4845270577535246,69.0313063063063,1,0,Premium,8242.70678262775,Alto,2185.4500000000007
114,3315.63,88,0.11396768889535054,0.444234404536862,0.2589792060491493,3.1338657844990547,37.67761363636364,0,1,Indiferente al precio,1558.147896341214,Medio,522.14
115,13262.1,201,0.11252667935070644,0.44656616415410383,0.27403685092127306,4.442914572864321,65.98059701492538,1,0,Premium,6585.217345134377,Alto,1606.9500000000069
116,647.72,81,0.26425959381032993,0.6677524429967426,0.48859934853420195,2.1098371335504886,7.996543209876544,0,2,Cazador de ofertas,329.1973793566429,Bajo,262.26
117,2568.21,94,0.14098549819986592,0.4733770970094821,0.3099927060539752,1.873238512035011,27.321382978723406,1,4,Rutinario,1254.2567376472907,Medio,522.0499999999993
118,4526.21,90,0.10881620478020226,0.44745325596389424,0.3185041908446164,2.9182527401676337,50.291222222222224,0,0,Premium,2442.5822137852206,Alto,537.9799999999987
119,2593.01,62,0.0803534474290444,0.3464566929133858,0.14960629921259844,3.402900262467192,41.822741935483876,0,1,Indiferente al precio,1294.7383390593557,Medio,209.62
120,242.32,19,0.06456302958036436,0.25,0.09375,7.5725,12.753684210526316,0,1,Indiferente al precio,129.50105494200028,Bajo,6.749999999999714
121,2225.58,111,0.13038606846412806,0.4813519813519814,0.35664335664335667,2.593916083916084,20.05027027027027,0,4,Rutinario,1166.6444224115037,Medio,392.09000000000003
122,2354.22,132,0.18939837121127298,0.5858310626702997,0.2956403269754768,3.207384196185286,17.834999999999997,0,2,Cazador de ofertas,1052.1595048908184,Medio,678.73
123,3222.65,174,0.17210342776631812,0.5454545454545454,0.42450592885375493,2.5475494071146247,18.520977011494253,0,2,Cazador de ofertas,1696.6521519830328,Alto,737.5700000000011
124,683.41,61,0.1632536095375196,0.5665236051502146,0.3905579399141631,2.9330901287553646,11.203442622950819,0,2,Cazador de ofertas,359.78244671887103,Bajo,145.19000000000003
125,10601.5,358,0.17269193086275902,0.5947712418300654,0.31413398692810457,4.3306781045751634,29.613128491620113,1,3,Intensivo,5043.840290625109,Alto,1914.3899999999933
126,853.45,29,0.17082136845834694,0.6309148264984227,0.31545741324921134,2.6922712933753945,29.429310344827588,0,2,Cazador de ofertas,460.1056826709399,Bajo,182.11
127,4658.2300000000005,191,0.18905936178095306,0.5965635738831615,0.3415807560137457,3.2015326460481104,24.3886387434555,1,2,Cazador de ofertas,2523.505973836661,Alto,1298.250000000002
128,1381.08,41,0.1099667327281048,0.39595959595959596,0.23232323232323232,2.790060606060606,33.68487804878048,0,1,Indiferente al precio,664.3240666430488,Medio,197.02999999999977
129,475.73,40,0.11165889661551383,0.4186046511627907,0.46511627906976744,1.8439147286821707,11.89325,0,4,Rutinario,271.0071398746827,Bajo,76.26
130,511.62,20,0.10095500190310212,0.36423841059602646,0.3443708609271523,3.3882119205298014,25.581,0,1,Indiferente al precio,0.1481853397675214,Bajo,55.72999999999886
131,6156.22,354,0.1482861159430228,0.6045,0.359,3.07811,17.39045197740113,0,3,Intensivo,2997.0560378780333,Alto,1208.2099999999996
132,2875.2400000000002,98,0.1213373745022486,0.4347417840375587,0.3502347417840376,2.6997558685446013,29.33918367346939,0,4,Rutinario,1421.942830088072,Medio,494.0500000000004
133,3823.89,75,0.12703520544022867,0.4715162138475022,0.18843120070113936,3.3513496932515334,50.9852,0,0,Premium,2103.41397497287,Alto,863.6600000000001
134,5535.09,86,0.15071300342334484,0.5433417085427136,0.2952261306532663,3.476815326633166,64.36151162790698,0,0,Premium,2717.56721280884,Alto,1203.3100000000004
135,717.5,74,0.11047749081558875,0.40397350993377484,0.33774834437086093,2.3758278145695364,9.695945945945946,0,4,Rutinario,379.5254009775917,Bajo,104.46000000000001
136,2804.82,77,0.14718152442896257,0.5057096247960848,0.3075040783034258,2.2877814029363788,36.42623376623377,0,4,Rutinario,1564.025047681214,Medio,595.8
137,1062.17,38,0.15940750711100454,0.5311653116531165,0.35772357723577236,2.878509485094851,27.95184210526316,0,4,Rutinario,557.2656679240806,Bajo,268.54
138,3529.19,67,0.13834725459446862,0.48760330578512395,0.29660238751147844,3.2407621671258036,52.6744776119403,0,0,Premium,1840.4852044277263,Alto,738.0400000000001
139,3073.33,83,0.12632413172743578,0.4284377923292797,0.27128157156220767,2.8749579045837232,37.028072289156626,1,4,Rutinario,1621.1446863870356,Medio,478.85999999999905
140,1720.64,140,0.1390657327960752,0.5592485549132948,0.2384393063583815,2.4864739884393066,12.290285714285716,0,4,Rutinario,859.3227558806617,Medio,337.91
141,448.34,51,0.11349261760056255,0.4416243654822335,0.15736040609137056,2.2758375634517765,8.790980392156863,0,1,Indiferente al precio,231.1657116200136,Bajo,61.220000000000155
142,2324.19,176,0.12052255649265695,0.44563918757467147,0.13500597371565112,2.776810035842294,13.205625,0,1,Indiferente al precio,1110.5840215988214,Medio,396.07
143,6574.22,406,0.17212323685780492,0.5342902711323764,0.24681020733652312,2.621299840510367,16.19266009852217,1,3,Intensivo,3566.077815632705,Alto,1523.799999999999
144,2126.31,88,0.15279151262066698,0.5008025682182986,0.2712680577849117,3.4130176565008026,24.162613636363634,0,4,Rutinario,796.4807492216694,Medio,462.78
145,1470.49,58,0.17768209455640385,0.5243128964059197,0.30021141649048627,3.1088583509513743,25.353275862068966,0,2,Cazador de ofertas,768.4065080613705,Medio,377.75
146,843.02,41,0.18482386515934815,0.5506849315068493,0.3698630136986301,2.309643835616438,20.561463414634147,0,2,Cazador de ofertas,422.0551439088143,Bajo,214.25999999999976
147,1487.21,36,0.3133342734009836,0.7957446808510639,0.3971631205673759,2.109517730496454,41.31138888888889,0,2,Cazador de ofertas,789.8368966760974,Medio,708.7200000000016
148,1231.76,55,0.09582453301917128,0.4131578947368421,0.21052631578947367,3.2414736842105265,22.395636363636363,0,1,Indiferente al precio,675.2469377341977,Medio,133.34
149,11920.93,210,0.09900976926534352,0.3884001303356142,0.17204301075268819,3.8843043336591725,56.766333333333336,0,0,Premium,32.135118546779445,Bajo,1240.7399999999877
150,230.35,6,0.15048837811413057,0.5362318840579711,0.391304347826087,3.338405797101449,38.391666666666666,0,4,Rutinario,144.8456449885562,Bajo,49.190000000000005
151,1226.14,49,0.15430228874038354,0.5566502463054187,0.20689655172413793,3.020049261083744,25.02326530612245,0,4,Rutinario,689.6734057286237,Medio,340.5699999999998
152,1454.28,37,0.17203044879436696,0.5374149659863946,0.15873015873015872,3.297687074829932,39.30486486486486,0,2,Cazador de ofertas,715.9405440006789,Medio,450.6
153,1558.65,92,0.1342251618429238,0.45889792231255644,0.6838301716350497,1.4079945799457996,16.941847826086956,0,4,Rutinario,831.4438945710226,Medio,314.80999999999995
154,867.1800000000001,30,0.12540491414638089,0.5985401459854015,0.2737226277372263,3.164890510948905,28.906000000000002,0,4,Rutinario,448.4358607649677,Bajo,134.8299999999992
155,2101.05,52,0.13680115155197467,0.5502121640735502,0.2263083451202263,2.971782178217822,40.4048076923077,0,4,Rutinario,1168.5394842570934,Medio,342.88
156,5224.06,580,0.14896462613796876,0.638076351016361,0.2821021318790283,2.590014873574616,9.007000000000001,1,3,Intensivo,2916.776820296752,Alto,744.6099999999976
157,2748.9500000000003,172,0.12347218062761801,0.4740740740740741,0.2931216931216931,2.9089417989417994,15.982267441860467,0,4,Rutinario,1343.9747270809826,Medio,430.08000000000004
158,1869.79,180,0.2597325506362902,0.7279411764705882,0.29044117647058826,3.437113970588235,10.387722222222221,1,2,Cazador de ofertas,1026.5107476207563,Medio,399.89
159,2143.87,86,0.14408695857017348,0.49291497975708504,0.48279352226720645,2.169908906882591,24.928720930232558,0,4,Rutinario,1130.780957783267,Medio,422.68000000000006
160,1536.09,57,0.1035766613997486,0.4110898661567878,0.25239005736137665,2.937074569789675,26.948947368421052,0,1,Indiferente al precio,814.8484527220081,Medio,217.65000000000128
161,6071.52,265,0.14311908041929747,0.570929070929071,0.38961038961038963,3.032727272727273,22.911396226415096,0,3,Intensivo,3287.3616421892143,Alto,1204.96
162,3037.54,71,0.08285978349331734,0.37445414847161573,0.2368995633187773,3.3160917030567685,42.78225352112676,0,1,Indiferente al precio,1487.4942078305626,Medio,301.99
163,272.52,17,0.12913719549803881,0.3944954128440367,0.3302752293577982,2.500183486238532,16.03058823529412,0,4,Rutinario,157.8374829666617,Bajo,34.41999999999965
164,4272.41,115,0.17024723216031076,0.5705656232839099,0.31905546403075236,2.3461889071938495,37.151391304347825,1,2,Cazador de ofertas,2403.996382415176,Alto,1038.4699999999993
165,2995.47,174,0.22338961111183084,0.6469968387776607,0.3909378292939937,3.156448893572181,17.215344827586204,1,2,Cazador de ofertas,1503.9404548343098,Medio,1011.449999999999
166,3059.69,122,0.09623743122666122,0.3663594470046083,0.3283410138248848,3.5249884792626727,25.079426229508197,0,1,Indiferente al precio,1561.936272853154,Medio,374.35
167,1268.02,20,0.07903081768258693,0.36578171091445427,0.08849557522123894,3.74047197640118,63.400999999999996,0,0,Premium,658.5145003535091,Medio,111.41
168,510.8,37,0.10584167802655504,0.389937106918239,0.27672955974842767,3.2125786163522014,13.805405405405406,0,1,Indiferente al precio,257.69187717561545,Bajo,61.120000000001156
169,255.58,24,0.11996394094582788,0.45,0.275,6.3895,10.649166666666668,0,4,Rutinario,128.0776694324162,Bajo,26.479999999999585
170,2024.51,45,0.17148134663091125,0.5464190981432361,0.29310344827586204,2.685026525198939,44.989111111111114,0,2,Cazador de ofertas,1009.593648052852,Medio,513.6100000000001
171,740.46,25,0.1407661806201109,0.4931506849315068,0.33424657534246577,2.0286575342465754,29.6184,0,4,Rutinario,415.74750008667456,Bajo,152.02
172,1770.8700000000001,159,0.09245070123984259,0.3608815426997245,0.45179063360881544,4.878429752066116,11.137547169811322,0,4,Rutinario,923.8237233838548,Medio,162.31000000000103
173,234.97,10,0.10535592794144513,0.3333333333333333,0.4074074074074074,2.900864197530864,23.497,0,4,Rutinario,69.3651119713529,Bajo,41.849999999999994
174,1208.39,27,0.15435123060697367,0.5042918454935622,0.4270386266094421,2.593111587982833,44.75518518518519,0,4,Rutinario,635.6317032404742,Bajo,250.18000000000004
175,1154.02,51,0.12308787484277489,0.4824742268041237,0.30515463917525776,2.3794226804123713,22.627843137254903,0,4,Rutinario,500.1509788700141,Bajo,183.45000000000002
176,788.29,23,0.14276042124105112,0.45662100456621,0.3059360730593607,3.599497716894977,34.27347826086957,0,4,Rutinario,438.96866289975486,Bajo,148.69000000000108
177,1130.58,50,0.16891181686547033,0.5426997245179064,0.19834710743801653,3.1145454545454543,22.6116,0,2,Cazador de ofertas,577.5787119305475,Bajo,216.74000000000024
178,2028.47,119,0.13600725771611732,0.5355450236966824,0.1406003159557662,3.204533965244866,17.04596638655462,0,4,Rutinario,979.7491679664914,Medio,310.68
179,620.5600000000001,38,0.15713114077092355,0.5549738219895288,0.21465968586387435,3.2490052356020946,16.330526315789474,0,4,Rutinario,3.10094621774545,Bajo,142.11
180,2103.4,68,0.14082027882220732,0.48360655737704916,0.3704918032786885,3.4481967213114757,30.93235294117647,0,4,Rutinario,1158.861646629873,Medio,396.48
181,1670.82,39,0.14848332995926272,0.47584973166368516,0.3613595706618962,2.9889445438282647,42.84153846153846,0,4,Rutinario,779.7963064876191,Medio,349.70999999999844
182,1162.34,36,0.14289827036969807,0.448,0.366,2.32468,32.28722222222222,0,4,Rutinario,587.4248068176296,Bajo,272.39000000000004
183,1560.67,135,0.10816557988609543,0.39045936395759717,0.2773851590106007,2.757367491166078,11.560518518518519,0,1,Indiferente al precio,711.0817845798429,Medio,195.72
184,7090.07,257,0.11555635520666734,0.42178217821782177,0.3419141914191419,4.679914191419142,27.58782101167315,1,4,Rutinario,3861.315626482906,Alto,1015.3599999999963
185,2137.62,68,0.18866655877716004,0.5909732016925247,0.2383638928067701,3.0149788434414666,31.435588235294116,0,2,Cazador de ofertas,1062.2566258158115,Medio,609.0000000000005
186,59.52,3,0.05832986927580072,0.3076923076923077,0.15384615384615385,4.578461538461538,19.84,0,1,Indiferente al precio,44.23006561524257,Bajo,3.7800000000000002
187,701.0,59,0.1428016691196502,0.4661016949152542,0.4209039548022599,1.9802259887005649,11.88135593220339,0,4,Rutinario,355.5594088224351,Bajo,167.24
188,1847.6200000000001,43,0.18425140224267442,0.6,0.31186440677966104,3.1315593220338984,42.96790697674419,0,2,Cazador de ofertas,963.1172592620072,Medio,451.40000000000134
189,801.99,38,0.10165037286923338,0.42272727272727273,0.21363636363636362,3.645409090909091,21.105,0,1,Indiferente al precio,430.3639201516575,Bajo,86.46000000000068
190,696.28,23,0.1526273608523295,0.5565217391304348,0.3,3.027304347826087,30.273043478260867,0,4,Rutinario,350.4108935882329,Bajo,137.98000000000002
191,552.85,34,0.1892350154576795,0.5867346938775511,0.20408163265306123,2.8206632653061225,16.26029411764706,0,2,Cazador de ofertas,275.92570444379635,Bajo,145.3099999999997
192,3778.08,95,0.11757179143845561,0.46073717948717946,0.1674679487179487,3.027307692307692,39.769263157894734,1,1,Indiferente al precio,1864.5026950350552,Alto,548.29
193,4814.66,134,0.11648537190772004,0.44730941704035876,0.23542600896860988,5.397600896860986,35.93029850746269,0,1,Indiferente al precio,2343.401158622127,Alto,580.799999999994
194,1882.81,73,0.11782104472719085,0.4110032362459547,0.2022653721682848,3.046618122977346,25.79191780821918,0,1,Indiferente al precio,945.9433956173204,Medio,279.6700000000001
195,4166.72,91,0.20583590284433378,0.695994277539342,0.3354792560801145,2.980486409155937,45.78813186813187,0,2,Cazador de ofertas,2087.8848017448254,Alto,1123.6700000000023
196,5261.19,183,0.16872529962832064,0.5804461319411486,0.2804935927859516,2.497005220692928,28.749672131147538,1,2,Cazador de ofertas,2718.5616554485464,Alto,1234.9000000000003
197,1929.23,55,0.0839098696450244,0.3609898107714702,0.1091703056768559,2.808195050946143,35.07690909090909,0,1,Indiferente al precio,1027.8384409676505,Medio,213.91000000000003
198,8659.17,458,0.1402197106409814,0.575231827699671,0.3096021537541131,2.5902393060125637,18.906484716157205,0,3,Intensivo,4569.222621052455,Alto,1795.3200000000002
199,667.97,54,0.11721816418115368,0.4027777777777778,0.20833333333333334,3.0924537037037036,12.369814814814815,0,1,Indiferente al precio,355.894240754761,Bajo,124.17000000000002
200,1166.63,79,0.11018435114287266,0.434010152284264,0.36548223350253806,2.9609898477157364,14.767468354430381,0,4,Rutinario,559.88346991155,Bajo,168.24
201,1435.17,48,0.16538506168966047,0.5824847250509165,0.384928716904277,2.922953156822811,29.899375000000003,0,2,Cazador de ofertas,828.4871673097593,Medio,358.64
202,964.88,36,0.10515866097736067,0.38372093023255816,0.24806201550387597,3.73984496124031,26.802222222222223,0,1,Indiferente al precio,502.84977457977743,Bajo,155.58000000000072
203,908.83,42,0.13568907666066995,0.48417721518987344,0.43354430379746833,2.8760443037974683,21.638809523809524,0,4,Rutinario,475.7354150378715,Bajo,127.66000000000095
204,929.27,56,0.193592553068214,0.6190476190476191,0.23529411764705882,2.6029971988795517,16.594107142857144,0,2,Cazador de ofertas,513.7625988990503,Bajo,232.360000000002
205,3749.64,106,0.0945386830385657,0.36867239732569246,0.20152817574021012,3.581318051575931,35.37396226415094,0,1,Indiferente al precio,1953.8533556138077,Alto,491.5299999999993
206,386.6,15,0.12813224267230502,0.4557823129251701,0.3469387755102041,2.629931972789116,25.773333333333333,0,4,Rutinario,218.34753582323572,Bajo,73.22999999999999
207,995.72,21,0.0964246406406597,0.36246786632390743,0.33161953727506427,2.5596915167095116,47.415238095238095,0,1,Indiferente al precio,456.2416252999117,Bajo,120.54999999999997
208,4296.33,139,0.15520493745452782,0.48914616497829233,0.13603473227206947,3.1087771345875543,30.90884892086331,1,4,Rutinario,2158.264397738193,Alto,1139.5999999999995
209,6876.56,196,0.14524315440831442,0.5225767609873571,0.4720048163756773,4.140012040939194,35.08448979591837,0,4,Rutinario,3703.708178253769,Alto,1193.0600000000022
210,3772.56,147,0.16917802863009046,0.5488487865588052,0.3273179838207841,2.347579340385812,25.663673469387756,0,2,Cazador de ofertas,1822.800213028457,Alto,932.3499999999999
211,2244.06,110,0.13094380205823852,0.4322860238353196,0.12459371614301191,2.4312676056338027,20.400545454545455,0,1,Indiferente al precio,1196.2987183751825,Medio,383.14
212,3052.66,109,0.12084032526341049,0.4333612740989103,0.21039396479463537,2.5588097233864207,28.00605504587156,0,1,Indiferente al precio,1415.2316542152942,Medio,444.97999999999934
213,606.5,9,0.09830771639497285,0.401673640167364,0.24686192468619247,2.5376569037656904,67.38888888888889,0,0,Premium,374.1285653185772,Bajo,82.64000000000001
214,2657.91,86,0.14021469609057458,0.49150943396226415,0.13962264150943396,2.507462264150943,30.905930232558138,1,1,Indiferente al precio,1483.117837545688,Medio,507.79
215,1672.66,142,0.12917910970167104,0.46772228989037756,0.4226552984165652,2.037344701583435,11.779295774647888,1,4,Rutinario,866.2344362002466,Medio,304.6700000000005
216,2624.5,120,0.08746585750031845,0.3646723646723647,0.10826210826210826,3.738603988603989,21.870833333333334,0,1,Indiferente al precio,1244.9045675181426,Medio,299.38000000000005
217,2435.12,64,0.15515591872937004,0.48375,0.20375,3.0439,38.04875,0,4,Rutinario,1297.673398369137,Medio,560.7600000000002
218,9211.72,164,0.10581156060603994,0.42638339920948615,0.22134387351778656,4.551245059288537,56.1690243902439,0,0,Premium,5093.129773450024,Alto,997.9000000000106
219,11884.79,228,0.10175230176429997,0.3981745579007416,0.2358813462635482,3.389843126069595,52.12627192982457,0,0,Premium,6086.535900551548,Alto,1436.269999999998
220,2525.2400000000002,91,0.15098496284552312,0.48881036513545345,0.4958775029446408,2.9743698468786812,27.749890109890114,0,4,Rutinario,1260.6645980406968,Medio,493.73000000000485
221,2879.29,79,0.16249591977719602,0.5593900481540931,0.47752808988764045,2.3108266452648474,36.44670886075949,0,2,Cazador de ofertas,1540.558216971168,Medio,663.6999999999997
222,5897.9,130,0.09350342874191388,0.3625937362152625,0.5690339655932951,2.6016321129245696,45.36846153846154,1,4,Rutinario,2918.650015941151,Alto,675.4400000000028
223,2738.98,118,0.1363622140117817,0.5480895915678524,0.3201581027667984,3.60866930171278,23.21169491525424,0,4,Rutinario,1311.3977435427346,Medio,477.49999999999966
224,1600.8,56,0.2088141566780247,0.6150081566068516,0.4567699836867863,2.6114192495921698,28.585714285714285,0,2,Cazador de ofertas,783.7415245177551,Medio,508.4699999999997
225,729.82,44,0.11359810438640068,0.43636363636363634,0.22181818181818183,2.6538909090909093,16.586818181818185,0,1,Indiferente al precio,361.2792067066766,Bajo,116.11000000000001
226,1205.06,50,0.14815042799977748,0.5389755011135857,0.5211581291759465,2.6838752783964366,24.1012,0,4,Rutinario,586.4688074152285,Bajo,275.43999999999977
227,1390.25,135,0.20962677918142264,0.5902602854743912,0.42737195633921077,1.167296389588581,10.298148148148147,0,2,Cazador de ofertas,706.7995361264767,Medio,683.5900000000007
228,2404.81,87,0.20389797957065625,0.595108695652174,0.34103260869565216,3.2674048913043476,27.641494252873564,0,2,Cazador de ofertas,1271.8520952964654,Medio,523.2700000000011
229,1004.89,40,0.18574376111410473,0.5642633228840125,0.4482758620689655,3.1501253918495298,25.12225,0,2,Cazador de ofertas,480.34176059942473,Bajo,319.34000000000003
230,4521.01,167,0.14804239321551538,0.5169182717334722,0.28526808953669963,2.353466944299844,27.07191616766467,0,4,Rutinario,2456.4840269780507,Alto,1007.4400000000006
231,325.68,9,0.2532683754267979,0.7572815533980582,0.2912621359223301,3.1619417475728158,36.18666666666667,0,2,Cazador de ofertas,149.00143567624082,Bajo,107.42000000000002
232,12695.57,627,0.1356300701560045,0.6153076538269134,0.39569784892446225,3.17548024012006,20.248118022328548,1,3,Intensivo,2.6520223232280205,Bajo,2149.040000000002
233,645.39,15,0.11346403043612374,0.48466257668711654,0.26380368098159507,3.959447852760736,43.025999999999996,0,0,Premium,388.3482430627441,Bajo,103.19
234,260.64,19,0.14374953511533892,0.4957983193277311,0.42857142857142855,2.190252100840336,13.717894736842105,0,4,Rutinario,135.3721055645671,Bajo,51.35000000000001
235,12156.64,200,0.09352987296775064,0.39125722543352603,0.22796242774566475,4.391849710982659,60.783199999999994,0,0,Premium,5666.029164029304,Alto,1169.5899999999992
236,1591.78,46,0.18358025253823743,0.6141592920353982,0.27256637168141595,2.8173097345132745,34.60391304347826,0,2,Cazador de ofertas,785.8142108828849,Medio,418.81000000000006
237,549.59,6,0.11668461281115726,0.5031847133757962,0.267515923566879,3.5005732484076435,91.59833333333334,0,0,Premium,267.4557852647492,Bajo,75.93
238,693.4,27,0.1034849562798655,0.3755868544600939,0.25821596244131456,3.255399061032864,25.68148148148148,0,1,Indiferente al precio,341.9484092186991,Bajo,89.19999999999999
239,4671.2,264,0.14212128836808693,0.4462633451957295,0.4555160142348754,1.6623487544483986,17.69393939393939,1,4,Rutinario,2280.645656328488,Alto,964.48
240,365.61,31,0.18278158574874845,0.5137614678899083,0.22935779816513763,3.354220183486239,11.793870967741936,0,2,Cazador de ofertas,181.31150779448825,Bajo,139.23000000000002
241,199.73,16,0.1074018835334899,0.390625,0.140625,3.12078125,12.483125,0,1,Indiferente al precio,119.53709496944036,Bajo,40.14
242,5231.8,87,0.09467283263483653,0.3941931881630374,0.21440536013400335,2.9211613623673927,60.13563218390805,0,0,Premium,2745.076964547788,Alto,696.3199999999999
243,8074.12,250,0.0847075916009185,0.3274932614555256,0.2852650494159928,3.627187780772686,32.29648,1,1,Indiferente al precio,4116.589714235828,Alto,828.59
244,1698.95,41,0.10684791603703095,0.4392857142857143,0.2702380952380952,2.022559523809524,41.43780487804878,0,1,Indiferente al precio,850.0411370561184,Medio,245.79000000000002
245,1396.45,48,0.2375381625936118,0.711340206185567,0.4948453608247423,3.59909793814433,29.092708333333334,0,2,Cazador de ofertas,670.0644167084521,Medio,402.63000000000125
246,847.25,47,0.12499874431455131,0.4813753581661891,0.4068767908309456,2.427650429799427,18.02659574468085,0,4,Rutinario,404.04404910261337,Bajo,141.85999999999973
247,1243.06,58,0.10014412000983952,0.3912133891213389,0.3117154811715481,2.6005439330543934,21.43206896551724,0,1,Indiferente al precio,653.4413515103394,Medio,167.76
248,6039.01,57,0.23009941945832138,0.754707870593916,0.4263640753259295,2.9159874456784163,105.94754385964913,1,2,Cazador de ofertas,2913.147514556909,Alto,1995.0000000000002
249,2822.44,137,0.1586767875938211,0.5607560756075608,0.44014401440144013,2.5404500450045004,20.60175182481752,1,2,Cazador de ofertas,1464.580926379443,Medio,481.15999999999997
250,5991.84,121,0.10691496948003051,0.450523311132255,0.16936251189343482,2.8505423406279733,49.51933884297521,0,0,Premium,3309.673583041885,Alto,766.54
251,2268.51,83,0.14206316686513937,0.5006784260515604,0.28222523744911804,3.078032564450475,27.331445783132533,1,4,Rutinario,1110.458901273035,Medio,471.5300000000005
252,93.78,9,0.15293329866334526,0.5,0.26666666666666666,3.126,10.42,0,4,Rutinario,64.02853663217829,Bajo,8.47
253,10993.710000000001,382,0.1765004807871096,0.5483592400690847,0.27353195164075994,2.373426165803109,28.779345549738224,0,3,Intensivo,5288.409946939923,Alto,3172.8
254,442.14,43,0.12123402738045087,0.41624365482233505,0.14720812182741116,2.2443654822335026,10.282325581395348,0,1,Indiferente al precio,219.575182727066,Bajo,69.65
255,672.09,18,0.1425543533623704,0.5666666666666667,0.2111111111111111,3.7338333333333336,37.33833333333334,0,4,Rutinario,332.4295199858726,Bajo,158.64000000000001
256,9849.75,124,0.10444914149854707,0.42013201320132015,0.2023102310231023,3.250742574257426,79.43346774193549,1,0,Premium,4873.99284628481,Alto,1019.5200000000007
257,2689.9900000000002,120,0.15156329620456097,0.4877606527651859,0.48685403445149594,2.4387941976427925,22.416583333333335,0,4,Rutinario,1357.384129305601,Medio,687.4400000000003
258,2631.11,211,0.1653135749765522,0.5034965034965035,0.46090273363000633,1.6726700572155118,12.469715639810428,0,4,Rutinario,1311.259273302179,Medio,643.919999999999
259,1158.33,54,0.0978375746797613,0.40978593272171254,0.08868501529051988,3.5422935779816513,21.450555555555553,0,1,Indiferente al precio,547.4027585683938,Bajo,119.55000000000001
260,425.04,30,0.09656675812187962,0.36666666666666664,0.22777777777777777,2.3613333333333335,14.168000000000001,0,1,Indiferente al precio,247.61533585989716,Bajo,51.250000000000014
261,1241.8700000000001,44,0.13454817338178726,0.46494464944649444,0.25830258302583026,4.582546125461255,28.224318181818184,0,4,Rutinario,680.7528592985733,Medio,123.35999999999936
262,4802.27,215,0.12046634580957283,0.6411657559198543,0.3770491803278688,2.9157680631451126,22.336139534883724,1,4,Rutinario,2586.676448434593,Alto,791.7
263,5870.33,325,0.11679971320893827,0.4228699551569507,0.24573991031390136,2.6324349775784754,18.062553846153847,0,3,Intensivo,3125.556486292229,Alto,1067.91
264,1783.07,61,0.1653413927701664,0.6299694189602446,0.13302752293577982,2.726406727828746,29.230655737704918,0,2,Cazador de ofertas,914.5980022031312,Medio,371.7599999999999
265,1881.76,53,0.14188761658769594,0.6510903426791277,0.3644859813084112,2.9310903426791275,35.50490566037736,0,2,Cazador de ofertas,1072.0306807736995,Medio,416.59999999999974
266,3130.2200000000003,59,0.12647251512876925,0.4847560975609756,0.20426829268292682,3.1811178861788623,53.05457627118645,0,0,Premium,1619.181684148118,Medio,439.6100000000014
267,385.56,25,0.07181531466801855,0.3424657534246575,0.1917808219178082,5.281643835616438,15.4224,0,1,Indiferente al precio,204.48311117871924,Bajo,33.30000000000007
268,809.21,30,0.1765551741924702,0.6226993865030674,0.16257668711656442,2.482239263803681,26.973666666666666,0,2,Cazador de ofertas,428.6878696910592,Bajo,193.86
269,1764.76,84,0.11996215762145232,0.438,0.282,3.5295199999999998,21.009047619047617,0,4,Rutinario,975.0825406693392,Medio,256.05
270,923.46,39,0.1515929721680108,0.5436893203883495,0.2912621359223301,4.482815533980583,23.67846153846154,0,4,Rutinario,519.1784788634224,Bajo,267.4600000000001
271,1375.52,98,0.14364903858916844,0.5833333333333334,0.24107142857142858,4.093809523809524,14.03591836734694,0,4,Rutinario,618.2679976012141,Bajo,229.87000000000012
272,401.62,7,0.13995052101058528,0.5461538461538461,0.36153846153846153,3.0893846153846156,57.37428571428571,0,0,Premium,242.6479345083353,Bajo,72.7999999999999
273,2500.86,127,0.12235449653080288,0.4374240583232078,0.3292831105710814,3.038712029161604,19.691811023622048,0,4,Rutinario,1197.77246317318,Medio,288.82
274,120.07000000000001,15,0.11788211174580394,0.47761194029850745,0.40298507462686567,1.792089552238806,8.004666666666667,0,4,Rutinario,72.75817191251784,Bajo,13.69
275,6284.99,320,0.14513769173613544,0.5206237424547284,0.4512072434607646,3.161463782696177,19.64059375,0,3,Intensivo,3403.165217227703,Alto,1141.270000000001
276,5758.71,172,0.13393552273547735,0.4450031426775613,0.3727215587680704,3.619553739786298,33.48087209302326,1,4,Rutinario,3026.6131843653784,Alto,1219.5299999999995
277,754.05,31,0.21874078855692486,0.6995515695067265,0.3452914798206278,3.381390134529148,24.324193548387097,0,2,Cazador de ofertas,386.7104280751157,Bajo,251.99000000000004
278,2053.56,84,0.122207188746536,0.5077881619937694,0.30062305295950154,3.1986915887850467,24.447142857142858,0,4,Rutinario,993.0024426482602,Medio,355.77000000000004
279,1816.6200000000001,51,0.16561135873829075,0.5513513513513514,0.3783783783783784,3.2731891891891896,35.620000000000005,1,2,Cazador de ofertas,966.0726672500616,Medio,387.3500000000008
280,2375.86,105,0.18506611434532216,0.5581787521079258,0.3254637436762226,4.006509274873524,22.627238095238095,0,2,Cazador de ofertas,1122.1074974661096,Medio,624.0699999999997
281,1495.08,79,0.16260142272694736,0.5271028037383177,0.35514018691588783,2.794542056074766,18.92506329113924,0,4,Rutinario,727.603493847477,Medio,383.24000000000046
282,4162.56,110,0.11550179770880312,0.4448,0.2096,3.330048,37.841454545454546,1,1,Indiferente al precio,2142.0798603658627,Alto,547.9500000000005
283,6023.37,78,0.12097692442320714,0.48980716253443524,0.19118457300275482,3.3186611570247933,77.22269230769231,1,0,Premium,3020.917715995739,Alto,877.74
284,534.98,21,0.11249973269407569,0.4430379746835443,0.17721518987341772,3.3859493670886076,25.475238095238097,0,1,Indiferente al precio,298.9234980907956,Bajo,64.5700000000012
285,4227.64,199,0.15850574416504642,0.5346727154893065,0.440699935191186,2.7398833441348027,21.244422110552765,0,4,Rutinario,2135.438315758,Alto,902.8099999999993
286,1245.24,41,0.09061059054780718,0.39920948616600793,0.308300395256917,4.921897233201581,30.37170731707317,0,1,Indiferente al precio,636.737443370004,Bajo,130.54000000000002
287,3229.28,271,0.11924621838310935,0.46003401360544216,0.4370748299319728,2.745986394557823,11.916162361623616,0,4,Rutinario,1525.776510415201,Medio,506.18000000000006
288,3114.77,92,0.08899287743024759,0.3315276273022752,0.27085590465872156,3.374615384615385,33.856195652173916,0,1,Indiferente al precio,1685.6952095884476,Medio,325.50999999999783
289,5970.47,182,0.10441330753096982,0.37883531621790856,0.2680025046963056,3.738553537883532,32.80478021978022,0,1,Indiferente al precio,3337.3621639607577,Alto,598.9799999999998
290,5524.34,286,0.1364597701523142,0.5322391559202814,0.3911684251660805,2.1587885892926924,19.315874125874128,0,3,Intensivo,2874.222818342422,Alto,1067.7800000000002
291,2474.4900000000002,61,0.11964660233871145,0.43201754385964913,0.2543859649122807,2.7132565789473686,40.56540983606558,0,1,Indiferente al precio,1353.9160959256333,Medio,497.56000000000006
292,977.07,82,0.14900813701895482,0.4777777777777778,0.36666666666666664,2.7140833333333334,11.91548780487805,0,4,Rutinario,541.3266543580999,Bajo,211.77000000000035
293,3957.66,108,0.12121870391283868,0.46465448768864176,0.20889594916600476,3.143494837172359,36.644999999999996,0,1,Indiferente al precio,1765.126080950549,Alto,727.6800000000001
294,5411.36,268,0.17863649228374004,0.5814863102998696,0.27162103433289875,2.3517427205562798,20.191641791044773,1,2,Cazador de ofertas,2562.660982925304,Alto,1490.68
295,149.31,5,0.31155914599570905,0.7317073170731707,0.3170731707317073,3.6417073170731706,29.862000000000002,0,2,Cazador de ofertas,100.67068798526822,Bajo,84.78
296,149.25,12,0.13845778352032115,0.425531914893617,0.2765957446808511,3.175531914893617,12.4375,0,4,Rutinario,87.46276006047567,Bajo,15.109999999999916
297,3535.62,114,0.13680862037039984,0.5086058519793459,0.2762478485370052,3.0427022375215147,31.01421052631579,0,4,Rutinario,1864.535517894438,Alto,622.6199999999997
298,224.86,7,0.11884502709201822,0.4205607476635514,0.19626168224299065,2.101495327102804,32.12285714285714,0,1,Indiferente al precio,102.394346818714,Bajo,44.27
299,242.24,11,0.051332076979955385,0.20689655172413793,0.15517241379310345,4.176551724137931,22.021818181818183,0,1,Indiferente al precio,141.11360783246158,Bajo,11.240000000000002
300,4974.31,106,0.11720273553147392,0.4598825831702544,0.2804957599478147,3.2448206131767776,46.927452830188685,0,0,Premium,2354.0724330630374,Alto,883.54
301,7211.68,81,0.13030654433127878,0.5081624110506489,0.17245709501883633,3.018702385935538,89.03308641975309,0,0,Premium,3554.1800520295114,Alto,1208.95
302,1797.53,95,0.10650588036473244,0.41154562383612664,0.11173184357541899,3.3473556797020483,18.92136842105263,0,1,Indiferente al precio,981.651735411412,Medio,223.34999999999928
303,4879.67,199,0.1708524315892912,0.5644444444444444,0.3188888888888889,2.7109277777777776,24.52095477386935,0,2,Cazador de ofertas,2722.5355830816848,Alto,1259.6499999999992
304,8586.28,304,0.15086794572331247,0.546398891966759,0.3355263157894737,2.97308864265928,28.24434210526316,0,3,Intensivo,4028.2809259674655,Alto,1753.7700000000032
305,3827.02,141,0.12620373483680575,0.5022321428571429,0.26450892857142855,4.271227678571429,27.141985815602837,1,4,Rutinario,1863.488777397795,Alto,625.1299999999994
306,5716.7300000000005,183,0.20773398375467778,0.6525011066843737,0.37317397078353254,2.5306463036741924,31.238961748633884,1,2,Cazador de ofertas,3089.5148450466645,Alto,1806.3200000000024
307,2582.03,413,0.10347079131006558,0.30525272547076315,0.4360753221010902,2.5589990089197228,6.251888619854722,1,3,Intensivo,1276.6125805263114,Medio,502.0399999999996
308,2465.26,83,0.08380243684231431,0.3473389355742297,0.1134453781512605,3.452745098039216,29.701927710843375,0,1,Indiferente al precio,1190.834820709377,Medio,228.49999999999923
309,2325.59,21,0.13776042323376972,0.5116279069767442,0.061046511627906974,3.3802180232558143,110.74238095238096,0,0,Premium,1137.4112412042657,Medio,464.39000000000004
310,184.02,8,0.17330404243968187,0.574468085106383,0.2127659574468085,3.9153191489361703,23.0025,0,2,Cazador de ofertas,92.13992559658764,Bajo,24.649999999999945
311,1351.13,50,0.10377027089703264,0.3927038626609442,0.34120171673819744,2.8994206008583694,27.0226,0,4,Rutinario,663.7880112881055,Medio,149.8999999999981
312,2578.05,40,0.14349144706313385,0.4672897196261682,0.1810747663551402,3.0117406542056075,64.45125,0,0,Premium,1389.2056778176757,Medio,388.75
313,92.54,4,0.13677818136872513,0.5405405405405406,0.43243243243243246,2.501081081081081,23.135,0,4,Rutinario,0.1535971004806264,Bajo,14.340000000000002
314,3004.01,41,0.125032778924895,0.47974068071312803,0.32982171799027554,2.43436790923825,73.26853658536587,0,0,Premium,1466.9107902969506,Medio,460.06000000000006
315,182.19,11,0.14059692160040582,0.4915254237288136,0.288135593220339,3.0879661016949154,16.562727272727273,0,4,Rutinario,88.3785880747883,Bajo,28.11
316,1037.78,53,0.1295987716581432,0.46732673267326735,0.36435643564356435,2.055009900990099,19.580754716981133,0,4,Rutinario,546.0129498277573,Bajo,198.63
317,6083.3,61,0.11020758252031217,0.43092666287663445,0.1273450824332007,3.4583854462762935,99.72622950819672,0,0,Premium,3012.371827581791,Alto,920.8699999999999
318,1242.25,92,0.1086174069353555,0.419953596287703,0.3248259860788863,2.8822505800464038,13.502717391304348,1,4,Rutinario,603.604478040658,Bajo,173.47000000000045
319,3758.5,109,0.1649592348358107,0.5643063583815029,0.467485549132948,2.715679190751445,34.481651376146786,0,2,Cazador de ofertas,1792.5786164046822,Alto,815.5299999999954
320,497.41,19,0.0966443275040277,0.3356164383561644,0.136986301369863,3.4069178082191782,26.179473684210528,0,1,Indiferente al precio,270.56044265293696,Bajo,58.870000000000005
321,5935.66,106,0.12662010445013638,0.48007246376811596,0.1932367149758454,3.5843357487922702,55.996792452830185,1,0,Premium,3003.84523573132,Alto,1176.0500000000002
322,2418.88,71,0.10972268006585922,0.42717391304347824,0.2510869565217391,2.6292173913043477,34.0687323943662,0,1,Indiferente al precio,1328.8952542181466,Medio,331.8000000000002
323,156.99,14,0.12182269446523675,0.46296296296296297,0.2962962962962963,2.9072222222222224,11.213571428571429,0,4,Rutinario,76.18734267296402,Bajo,23.680000000000007
324,8554.87,150,0.09782335146785333,0.39864003399915005,0.27156821079473015,3.635728856778581,57.03246666666667,1,0,Premium,4312.32974801691,Alto,845.0299999999977
325,2849.69,74,0.2289648594204686,0.7211155378486056,0.2400398406374502,2.8383366533864542,38.509324324324325,0,2,Cazador de ofertas,1497.464564855534,Medio,1010.6699999999998
326,739.72,26,0.1413627933472728,0.44654088050314467,0.18238993710691823,4.652327044025157,28.450769230769232,0,1,Indiferente al precio,403.1137855046194,Bajo,163.91000000000003
327,226.71,27,0.1595236622140078,0.5555555555555556,0.39316239316239315,1.9376923076923078,8.396666666666667,0,4,Rutinario,107.9217137642619,Bajo,46.599999999999994
328,17332.13,237,0.0854057563130511,0.37101091208564957,0.14535721638871732,3.568484661313568,73.13135021097047,0,0,Premium,8902.0079349686,Alto,1891.5399999999968
329,3026.71,146,0.07476626493330346,0.30867709815078237,0.1422475106685633,2.152709815078236,20.730890410958903,0,1,Indiferente al precio,1579.6448987277338,Medio,253.54000000000002
330,1679.38,188,0.11776483824770943,0.42028985507246375,0.4420289855072464,2.0282367149758453,8.932872340425533,0,4,Rutinario,845.6754360747985,Medio,241.8999999999998
331,1273.3,65,0.10734631921622394,0.38902743142144636,0.1970074812967581,3.175311720698254,19.589230769230767,0,1,Indiferente al precio,722.7346147381905,Medio,154.56
332,5519.02,118,0.15235786487462902,0.5350253807106599,0.350253807106599,2.801532994923858,46.77135593220339,0,4,Rutinario,2582.797300533185,Alto,1176.2200000000003
333,1248.81,38,0.1632531583371483,0.5242914979757085,0.2874493927125506,2.5279554655870444,32.86342105263158,0,4,Rutinario,636.7651693413712,Bajo,367.53
334,4827.8,463,0.18398615269761215,0.6719840478564307,0.16849451645064806,2.406679960119641,10.427213822894169,1,3,Intensivo,2349.8545470198346,Alto,1328.2900000000013
335,2822.18,147,0.07292394105531076,0.29510309278350516,0.2036082474226804,3.636829896907216,19.198503401360544,0,1,Indiferente al precio,1373.1016423715305,Medio,239.00000000000003
336,3089.7400000000002,120,0.10173412628060921,0.3951890034364261,0.35967926689576174,3.53922107674685,25.747833333333336,0,4,Rutinario,1724.463838708887,Alto,340.9599999999989
337,933.59,61,0.1596896382437195,0.4792243767313019,0.24653739612188366,2.5861218836565096,15.304754098360656,0,4,Rutinario,494.7613745688528,Bajo,278.2500000000012
338,2690.97,153,0.10430751435480161,0.3538899430740038,0.3159392789373814,2.5531024667931685,17.588039215686273,0,1,Indiferente al precio,1604.9799129528428,Medio,535.4399999999995
339,1668.92,67,0.1982192617199751,0.5815950920245399,0.5533742331288344,2.047754601226994,24.909253731343284,0,2,Cazador de ofertas,910.8221447116878,Medio,593.76
340,1057.56,29,0.12434136153920387,0.47875354107648727,0.34277620396600567,2.9959206798866855,36.46758620689655,0,4,Rutinario,472.0890117488992,Bajo,212.17
341,393.5,30,0.10063527060091373,0.34554973821989526,0.1099476439790576,2.06020942408377,13.116666666666667,0,1,Indiferente al precio,211.6426715359368,Bajo,96.14000000000001
342,2125.51,48,0.13746292947164115,0.48364153627311524,0.26458036984352773,3.02348506401138,44.28145833333334,0,0,Premium,1191.5779459798991,Medio,420.57
343,1650.64,67,0.1317303072525322,0.4308390022675737,0.18140589569160998,3.7429478458049887,24.63641791044776,0,1,Indiferente al precio,790.3503691380981,Medio,221.48000000000002
344,2237.91,48,0.12176458130146124,0.4468390804597701,0.39655172413793105,3.2153879310344826,46.623124999999995,0,4,Rutinario,1229.4768136248204,Medio,335.17000000000036
345,5741.08,181,0.19325865488969826,0.6571002609019754,0.3783078643309728,2.1397987327618337,31.71867403314917,1,2,Cazador de ofertas,2799.6570890798043,Alto,1676.56
346,5351.41,124,0.12266971400514383,0.451278928136419,0.3343483556638246,3.2590803897685747,43.156532258064516,1,4,Rutinario,2842.7079218899253,Alto,886.5100000000001
347,540.76,15,0.10822447904877326,0.375,0.1875,4.828214285714286,36.050666666666665,0,1,Indiferente al precio,200.45247817871007,Bajo,51.230000000000004
348,2961.83,126,0.14159452283578555,0.5008726003490401,0.4869109947643979,2.584493891797557,23.506587301587302,0,4,Rutinario,1641.964218125757,Medio,644.0700000000008
349,869.16,34,0.11706541585703838,0.4584717607973422,0.3289036544850498,2.8875747508305647,25.563529411764705,0,4,Rutinario,488.9412662310575,Bajo,123.57000000000001
350,3083.25,103,0.08079102314657462,0.35441176470588237,0.1514705882352941,4.534191176470588,29.934466019417474,0,1,Indiferente al precio,1502.5887902310476,Medio,280.64999999999435
351,7659.67,296,0.13134387599238675,0.44924309884238645,0.25200356188780054,3.410360641139804,25.877263513513515,1,3,Intensivo,4127.675197448207,Alto,1670.1300000000006
352,178.7,6,0.09345213959703268,0.3584905660377358,0.18867924528301888,3.3716981132075468,29.78333333333333,0,1,Indiferente al precio,104.90006493084492,Bajo,16.97000000000022
353,3799.2000000000003,125,0.10534878305666427,0.3948763250883392,0.2137809187279152,3.356183745583039,30.393600000000003,1,1,Indiferente al precio,2137.9199737105832,Alto,565.29
354,8729.87,157,0.10591691319444102,0.4323017408123791,0.14281108961960026,2.8142714377820766,55.604267515923574,1,0,Premium,4584.066740664495,Alto,1251.81
355,340.34,7,0.1523594748116186,0.5223880597014925,0.1791044776119403,5.079701492537313,48.62,0,0,Premium,153.77441634014826,Bajo,69.52000000000002
356,2837.33,234,0.11604019336547203,0.5073170731707317,0.4548780487804878,3.4601585365853658,12.12534188034188,0,4,Rutinario,1506.829695684973,Medio,272.03000000000156
357,1704.27,22,0.19728220034039595,0.7092198581560284,0.5049645390070922,2.417404255319149,77.46681818181818,0,2,Cazador de ofertas,979.2519776973838,Medio,540.02
358,12729.34,370,0.09293735972447584,0.37544630595990114,0.2227410052183466,3.496110958527877,34.403621621621625,0,3,Intensivo,6802.6172936467,Alto,1515.92
359,172.85,2,0.1276361168359985,0.44285714285714284,0.2571428571428571,2.4692857142857143,86.425,0,0,Premium,6.14422205204004,Bajo,29.68
360,447.6,37,0.10104269404080653,0.41621621621621624,0.31891891891891894,2.4194594594594596,12.097297297297297,0,4,Rutinario,253.11677000125857,Bajo,65.10000000000001
361,8747.1,217,0.14630777150754445,0.605771643663739,0.2958594730238394,2.1950062735257214,40.309216589861755,1,2,Cazador de ofertas,4117.669101365547,Alto,2023.46
362,2987.4900000000002,91,0.10969438272132136,0.3996478873239437,0.30985915492957744,2.6298327464788733,32.829560439560446,1,1,Indiferente al precio,1420.9571919737514,Medio,403.7500000000009
363,52.4,4,0.2565008962327279,0.6818181818181818,0.36363636363636365,2.381818181818182,13.1,0,2,Cazador de ofertas,36.67994111283712,Bajo,23.490000000000002
364,2566.92,86,0.14920911021183852,0.5114045618247299,0.30612244897959184,3.0815366146458585,29.847906976744188,0,4,Rutinario,1208.819712994383,Medio,525.079999999999
365,7048.43,169,0.09362266145906184,0.35294117647058826,0.1257606490872211,4.7656727518593645,41.706686390532546,0,1,Indiferente al precio,3358.081663533282,Alto,928.4900000000009
366,614.69,48,0.16899737555223415,0.5306122448979592,0.3852040816326531,1.5680867346938776,12.806041666666667,0,2,Cazador de ofertas,333.6869993129154,Bajo,189.58999999999997
367,7186.37,108,0.19727671805268718,0.6254856254856255,0.24864024864024864,2.791907536907537,66.54046296296296,1,2,Cazador de ofertas,3544.9521062975,Alto,2323.49
368,1346.46,53,0.13050993305505967,0.49166666666666664,0.23055555555555557,3.7401666666666666,25.40490566037736,0,4,Rutinario,664.8772339407252,Medio,237.52000000000072
369,1034.94,34,0.1135242938962989,0.4005681818181818,0.32670454545454547,2.940170454545455,30.439411764705884,0,4,Rutinario,490.294030725002,Bajo,149.7800000000006
370,3386.78,132,0.12830541794208006,0.4476275738585497,0.3437779767233662,3.032032229185318,25.657424242424245,0,4,Rutinario,8.888403513068814e-08,Bajo,504.2399999999992
371,15716.54,159,0.12412329000548519,0.4748137637460092,0.30986165306846397,2.7876090812344803,98.84616352201259,0,0,Premium,8039.273243474671,Alto,2681.7
372,440.42,10,0.15029711649927394,0.5432098765432098,0.1111111111111111,2.718641975308642,44.042,0,0,Premium,225.65629624389496,Bajo,102.62000000000018
373,96.91,13,0.11606731892757337,0.35555555555555557,0.4,2.1535555555555557,7.454615384615384,0,4,Rutinario,61.18889273338169,Bajo,18.479999999999997
374,7099.56,162,0.09946986699275102,0.3783783783783784,0.22679200940070504,4.171304347826087,43.824444444444445,0,1,Indiferente al precio,3449.273498696893,Alto,706.8899999999987
375,203.94,24,0.2537191400311767,0.7142857142857143,0.39285714285714285,2.427857142857143,8.4975,0,2,Cazador de ofertas,118.8001077846299,Bajo,73.56000000000006
376,4714.62,493,0.09985924204069777,0.37669822972416633,0.5491972004940304,1.9409715932482503,9.56312373225152,0,3,Intensivo,2411.626728415421,Alto,638.78
377,3166.45,133,0.11903507105664161,0.46291959406713507,0.3918813427010148,2.4718579234972675,23.807894736842105,0,4,Rutinario,1709.0759544609896,Alto,573.79
378,4715.42,322,0.12909397335345188,0.4334908845374747,0.28156650911546255,3.183943281566509,14.64416149068323,1,3,Intensivo,2416.5954087340724,Alto,628.7100000000005
379,55.64,2,0.045699098406009095,0.17391304347826086,0.30434782608695654,2.4191304347826086,27.82,0,1,Indiferente al precio,68.42460691374865,Bajo,3.79
380,7726.4400000000005,129,0.13613557607961896,0.5139060568603214,0.37639060568603216,2.3876514215080347,59.89488372093024,0,0,Premium,4150.054786461419,Alto,1531.33
381,3120.79,93,0.1375429160301344,0.5205479452054794,0.40273972602739727,2.850036529680365,33.556881720430106,0,4,Rutinario,1432.7828252643194,Medio,443.0600000000002
382,694.7,34,0.09796485149826788,0.39766081871345027,0.25146198830409355,4.0625730994152045,20.43235294117647,0,1,Indiferente al precio,358.4247431526078,Bajo,68.20999999999943
383,5763.4400000000005,150,0.11147498592657726,0.40774610005379236,0.2350726196880043,3.1002904787520174,38.42293333333334,1,1,Indiferente al precio,2989.267197819591,Alto,885.5499999999975
384,3914.84,80,0.13513756906819238,0.4953183520599251,0.22378277153558052,3.6655805243445694,48.935500000000005,0,0,Premium,2120.744482897983,Alto,556.5300000000011
385,2929.72,41,0.143098556441202,0.5412844036697247,0.39908256880733944,3.3597706422018345,71.45658536585366,0,0,Premium,1456.3100799300028,Medio,541.0800000000003
386,4676.43,280,0.17261308412090376,0.5607441154138193,0.3564920273348519,1.7754100227790435,16.701535714285715,0,3,Intensivo,2320.452034019638,Alto,1195.769999999999
387,5697.25,131,0.09613587487301457,0.37868632707774796,0.16420911528150134,3.8185321715817695,43.49045801526717,1,1,Indiferente al precio,3110.267317962513,Alto,739.5500000000001
388,1286.54,58,0.22615784977887218,0.6741405082212257,0.6651718983557549,1.9230792227204783,22.181724137931035,0,2,Cazador de ofertas,710.7398994517099,Medio,499.0900000000002
389,14880.92,268,0.1493950564443882,0.546353251318102,0.3007469244288225,3.2690949033391914,55.525820895522386,1,0,Premium,8203.277886514808,Alto,3232.630000000003
390,1806.02,108,0.10513946620344003,0.4,0.2717948717948718,3.0872136752136754,16.722407407407406,0,1,Indiferente al precio,944.8715802066364,Medio,257.53999999999934
391,1412.64,49,0.13217786239689094,0.46190476190476193,0.18095238095238095,3.363428571428572,28.829387755102044,0,1,Indiferente al precio,611.8712041103199,Bajo,195.38000000000002
392,11443.97,104,0.0784212372535553,0.3413114754098361,0.07868852459016394,3.7521213114754097,110.03817307692307,0,0,Premium,5896.25264398453,Alto,866.77
393,3895.2400000000002,180,0.15442388834376758,0.5300511508951407,0.3599744245524297,2.4905626598465473,21.640222222222224,1,4,Rutinario,1995.1742223204888,Alto,856.4100000000001
394,1565.89,65,0.080055463554241,0.34368932038834954,0.20194174757281552,3.0405631067961165,24.090615384615386,0,1,Indiferente al precio,780.4686201904241,Medio,154.6
395,872.91,68,0.19942998063538933,0.6028985507246377,0.32753623188405795,2.530173913043478,12.836911764705881,0,2,Cazador de ofertas,405.96745304869006,Bajo,230.09000000000003
396,1790.73,107,0.11284592872185688,0.415,0.2,2.98455,16.735794392523363,0,1,Indiferente al precio,985.1865161790104,Medio,274.3500000000005
397,6161.99,248,0.11506946386115961,0.42534435261707987,0.2550964187327824,3.3950358126721762,24.846733870967743,1,1,Indiferente al precio,3312.5412603511227,Alto,879.829999999997
398,2092.6,125,0.17013214218148306,0.5710560625814863,0.28683181225554105,2.7282920469361147,16.7408,0,2,Cazador de ofertas,1133.806010602541,Medio,405.40999999999804
399,978.48,16,0.12899010772401395,0.47058823529411764,0.1843137254901961,3.8371764705882354,61.155,0,0,Premium,531.2884861786637,Bajo,146.18000000000097
400,18494.14,310,0.09634612890393943,0.4562647754137116,0.30754352030947774,3.974670105308403,59.65851612903226,1,0,Premium,10214.581756680134,Alto,1761.5900000000056
401,2538.88,96,0.13601570791895484,0.49308300395256915,0.3142292490118577,2.5087747035573122,26.44666666666667,0,4,Rutinario,1217.1240786297342,Medio,481.84000000000003
402,2233.84,80,0.10116571281197942,0.3739565943238731,0.18697829716193656,3.729282136894825,27.923000000000002,0,1,Indiferente al precio,1156.7651552744524,Medio,294.4200000000008
403,914.56,46,0.17956341436670323,0.5508474576271186,0.13559322033898305,3.8752542372881353,19.88173913043478,0,2,Cazador de ofertas,447.95673786896816,Bajo,244.71000000000004
404,6107.18,240,0.11228748118534061,0.4501440922190202,0.24956772334293947,3.5199884726224786,25.446583333333333,0,4,Rutinario,2898.4920351249048,Alto,627.2799999999958
405,3652.97,98,0.17596497049764012,0.5275049115913556,0.393909626719057,3.588379174852652,37.27520408163265,0,2,Cazador de ofertas,1778.136474087006,Alto,773.9900000000007
406,1776.65,44,0.09121724199043414,0.30023640661938533,0.19621749408983452,4.200118203309693,40.378409090909095,0,1,Indiferente al precio,944.6777709970332,Medio,160.52000000000055
407,696.38,51,0.2372800511475943,0.7185185185185186,0.2740740740740741,5.1583703703703705,13.654509803921568,0,2,Cazador de ofertas,390.65461718824616,Bajo,338.44000000000005
408,2470.9900000000002,56,0.1230763469401987,0.43457943925233644,0.22741433021806853,3.8488940809968852,44.12482142857143,0,0,Premium,1245.2746541944866,Medio,332.64
409,4499.85,134,0.20417493461614653,0.6490630323679727,0.27541169789892106,2.5552810902896086,33.58097014925374,0,2,Cazador de ofertas,2155.848243110019,Alto,1339.5799999999942
410,1148.42,129,0.2137696682413368,0.6170634920634921,0.34523809523809523,2.278611111111111,8.902480620155039,0,2,Cazador de ofertas,555.2136186644001,Bajo,445.15
411,6697.21,157,0.10889462673369123,0.4048706240487062,0.2602739726027397,5.096811263318113,42.65738853503185,0,1,Indiferente al precio,3537.7908200358784,Alto,1052.2100000000023
412,2426.3,109,0.19491325807909843,0.5773038842345773,0.2322924600152323,1.847905559786748,22.259633027522938,1,2,Cazador de ofertas,1288.6381828723454,Medio,684.1199999999999
413,5963.78,282,0.08278703463463274,0.32735723771580344,0.3937583001328021,3.9600132802124834,21.148156028368792,1,1,Indiferente al precio,2951.6182166225585,Alto,554.1599999999969
414,2488.65,152,0.11775880460828521,0.44016649323621226,0.33714880332986474,2.589646201873049,16.372697368421054,0,4,Rutinario,1219.0494022946568,Medio,434.55999999999915
415,514.63,15,0.13326493552780241,0.5,0.26666666666666666,5.718111111111111,34.30866666666667,0,4,Rutinario,245.0279507647736,Bajo,50.809999999999995
416,2177.04,29,0.1285449579226417,0.5104651162790698,0.32906976744186045,2.531441860465116,75.07034482758621,0,0,Premium,959.0506513910908,Medio,383.9
417,3012.96,83,0.1442192672364636,0.5036976170912079,0.36647493837304845,2.4757271980279376,36.30072289156627,0,4,Rutinario,1651.9742587217847,Medio,605.3700000000001
418,6960.96,256,0.1149141891407016,0.45757864632983797,0.32936129647283124,3.317902764537655,27.19125,0,4,Rutinario,3732.4741252605622,Alto,934.180000000003
419,1696.6100000000001,46,0.173819076421615,0.5764075067024129,0.3109919571045576,4.548552278820376,36.88282608695653,0,2,Cazador de ofertas,786.3379500773307,Medio,479.74999999999955
420,2130.58,99,0.12243484137430573,0.4684343434343434,0.22348484848484848,2.6901262626262628,21.521010101010102,0,4,Rutinario,1047.369607455984,Medio,332.51
421,6013.04,193,0.19259711631683868,0.6233391103408434,0.4026574234546505,3.473737723859041,31.155647668393783,1,2,Cazador de ofertas,3129.1564118640395,Alto,1512.7999999999995
422,983.32,20,0.21345507974501182,0.6024096385542169,0.28012048192771083,2.9618072289156627,49.166000000000004,0,2,Cazador de ofertas,563.305525032319,Bajo,348.45000000000005
423,230.85,14,0.1986775460843572,0.5789473684210527,0.20175438596491227,2.025,16.489285714285714,0,2,Cazador de ofertas,134.57823675184,Bajo,84.10000000000001
424,2441.79,24,0.10021044964981098,0.41695501730103807,0.2231833910034602,4.224550173010381,101.74125,0,0,Premium,1343.9711386743293,Medio,272.01
425,5543.91,151,0.16232121558074145,0.5700846660395108,0.4238005644402634,2.6076716839134524,36.714635761589406,0,2,Cazador de ofertas,2687.071531342594,Alto,1405.71
426,7860.85,227,0.14047090466391748,0.5045474231268947,0.3975747076656561,3.4044391511476833,34.62929515418502,1,4,Rutinario,4278.586183896982,Alto,1200.8999999999946
427,1073.01,53,0.08498263875714399,0.33447098976109213,0.2150170648464164,3.6621501706484643,20.245471698113207,0,1,Indiferente al precio,512.64311912506,Bajo,119.30999999999999
428,3361.43,95,0.14412800901024156,0.5022421524663677,0.4567584881486227,2.153382447149263,35.38347368421052,0,4,Rutinario,1747.4769473114309,Alto,693.23
429,542.89,43,0.20867242514686113,0.6270270270270271,0.4,2.9345405405405405,12.625348837209302,0,2,Cazador de ofertas,298.1032404253549,Bajo,236.21
430,2377.09,107,0.14014414847231868,0.5034722222222222,0.2800925925925926,2.7512615740740745,22.215794392523367,0,4,Rutinario,1316.413948154944,Medio,411.33000000000004
431,531.67,36,0.1826361505822164,0.5704697986577181,0.35570469798657717,3.5682550335570467,14.76861111111111,0,2,Cazador de ofertas,291.24649295940094,Bajo,121.77000000000001
432,3486.55,257,0.11215339524336042,0.4397590361445783,0.4483648881239243,3.0004733218588644,13.566342412451363,0,4,Rutinario,1643.7605207849251,Medio,470.75999999999755
433,949.82,76,0.089491180219977,0.33689839572192515,0.26737967914438504,2.539625668449198,12.497631578947368,0,1,Indiferente al precio,457.21219127465656,Bajo,100.69
434,3778.75,117,0.124596046505901,0.4563758389261745,0.20134228187919462,2.3055216595485053,32.297008547008545,0,1,Indiferente al precio,1984.9187279105236,Alto,687.8999999999999
435,1817.18,93,0.24431352288053532,0.6718146718146718,0.18532818532818532,7.016138996138996,19.539569892473118,0,2,Cazador de ofertas,959.1607270919754,Medio,1068.3500000000001
436,2318.7400000000002,30,0.10515844026285782,0.3972413793103448,0.2013793103448276,3.1982620689655175,77.29133333333334,0,0,Premium,1301.2095095444754,Medio,311.44
437,5915.7300000000005,90,0.12850423311990997,0.4747826086956522,0.23768115942028986,3.429408695652174,65.73033333333333,1,0,Premium,2838.7735685448047,Alto,941.9700000000014
438,4456.52,66,0.12756579480524868,0.46711864406779663,0.29491525423728815,3.021369491525424,67.52303030303031,1,0,Premium,2469.0762400894573,Alto,876.16
439,568.21,38,0.07516519387637435,0.3005464480874317,0.18032786885245902,3.1049726775956286,14.952894736842106,0,1,Indiferente al precio,317.4432702330041,Bajo,46.5
440,83.88,6,0.0520480840299731,0.18518518518518517,0.18518518518518517,3.1066666666666665,13.979999999999999,0,1,Indiferente al precio,39.08986846056728,Bajo,10.070000000000002
441,2369.9,76,0.10299488910519322,0.39705882352941174,0.3075980392156863,2.9042892156862745,31.182894736842105,0,1,Indiferente al precio,1298.027976234914,Medio,279.83
442,3094.71,214,0.14845880897350366,0.6199052132701421,0.24549763033175356,2.933374407582938,14.461261682242991,0,2,Cazador de ofertas,1618.3825061711225,Medio,536.4699999999989
443,2644.21,101,0.16809724186075983,0.5308254963427377,0.37513061650992685,2.7630198537095088,26.18029702970297,1,2,Cazador de ofertas,1386.0321450285487,Medio,699.1800000000001
444,1261.6200000000001,44,0.10338102237522773,0.39603960396039606,0.3712871287128713,3.1228217821782183,28.67318181818182,0,4,Rutinario,376.65067803533225,Bajo,164.69
445,2696.5,232,0.10639337511659498,0.36732186732186733,0.25675675675675674,3.3126535626535625,11.622844827586206,0,1,Indiferente al precio,0.006322443579094,Bajo,406.83000000000004
446,212.05,30,0.0419635548979311,0.22950819672131148,0.11475409836065574,3.4762295081967216,7.068333333333333,0,1,Indiferente al precio,124.14751701205672,Bajo,8.170000000000002
447,1670.44,136,0.14536782635774517,0.4533106960950764,0.5076400679117148,2.836061120543294,12.28264705882353,0,4,Rutinario,845.8871815546356,Medio,318.3000000000003
448,493.37,45,0.08802130508091709,0.42990654205607476,0.22429906542056074,4.6109345794392524,10.963777777777779,0,1,Indiferente al precio,250.15743578247103,Bajo,50.23000000000022
449,827.44,34,0.13195005547852187,0.5352697095435685,0.18672199170124482,3.433360995850623,24.336470588235297,0,4,Rutinario,452.0098838610981,Bajo,132.31999999999897
450,1540.45,65,0.17081381591717976,0.5183175033921302,0.4043419267299864,2.0901628222523745,23.69923076923077,0,2,Cazador de ofertas,859.9944750775715,Medio,402.23
451,2376.28,158,0.1087641994340678,0.3591654247391952,0.22652757078986588,3.5414008941877797,15.039746835443038,0,1,Indiferente al precio,1125.8026390500816,Medio,330.7900000000003
452,786.99,26,0.21679074592243217,0.6424242424242425,0.34545454545454546,2.384818181818182,30.268846153846155,0,2,Cazador de ofertas,457.77363703188166,Bajo,345.12
453,742.95,34,0.10312837133152872,0.3526315789473684,0.24736842105263157,3.910263157894737,21.851470588235294,0,1,Indiferente al precio,404.1293076480205,Bajo,82.99000000000001
454,8215.93,356,0.17601179062263403,0.581447963800905,0.45539754363283774,2.6554395604395604,23.078455056179777,1,3,Intensivo,3896.712631353742,Alto,2553.05
455,1253.4,25,0.10041323371526661,0.43283582089552236,0.07462686567164178,3.741492537313433,50.136,0,0,Premium,653.3911738205182,Medio,132.52000000000004
456,6314.03,94,0.12899929123739035,0.52455919395466,0.22103274559193956,3.9760894206549118,67.17053191489362,0,0,Premium,3032.9588867473103,Alto,887.6200000000003
457,718.0,77,0.13387711389323967,0.46174142480211083,0.44854881266490765,1.8944591029023747,9.324675324675324,0,4,Rutinario,374.8348420670542,Bajo,141.6900000000006
458,1685.64,127,0.25643444328948856,0.7273991655076495,0.4561891515994437,2.3444228094575803,13.272755905511811,1,2,Cazador de ofertas,943.2791357639996,Medio,699.4200000000002
459,1194.94,67,0.10303934020904507,0.4368932038834951,0.14563106796116504,3.867119741100324,17.83492537313433,0,1,Indiferente al precio,592.5412787355185,Bajo,90.41000000000001
460,760.45,113,0.13900859418378203,0.47076023391812866,0.3304093567251462,2.2235380116959065,6.729646017699116,1,4,Rutinario,397.2291626978531,Bajo,138.310000000001
461,664.8,39,0.16585451011069122,0.5714285714285714,0.46179401993355484,2.2086378737541525,17.046153846153846,0,2,Cazador de ofertas,360.60111452052615,Bajo,192.94000000000077
462,1510.63,97,0.1360740741524034,0.4862068965517241,0.2706896551724138,2.6045344827586208,15.573505154639177,0,4,Rutinario,765.6125843212267,Medio,265.13
463,5803.3,586,0.15550437419805443,0.4664233576642336,0.2145985401459854,4.235985401459854,9.903242320819112,1,3,Intensivo,3121.328898694264,Alto,1210.180000000002
464,3590.4900000000002,171,0.21877841747682283,0.6655172413793103,0.40206896551724136,2.4762,20.997017543859652,1,2,Cazador de ofertas,1861.118654224191,Alto,1202.2000000000025
465,382.55,44,0.13391271324933682,0.4942528735632184,0.47126436781609193,2.1985632183908046,8.694318181818183,0,4,Rutinario,208.47175518512276,Bajo,66.42
466,423.32,17,0.11752285674078886,0.4661016949152542,0.2966101694915254,3.587457627118644,24.901176470588236,0,4,Rutinario,244.38090069551043,Bajo,57.11000000000001
467,2642.9900000000002,145,0.1445170519669825,0.5097323600973236,0.21046228710462286,3.2153163017031634,18.227517241379314,0,4,Rutinario,1239.1930212392012,Medio,530.45
468,5835.68,333,0.12000397434052727,0.428957320367369,0.3987034035656402,3.1527174500270125,17.524564564564564,0,3,Intensivo,2939.892669659596,Alto,887.7
469,7748.49,164,0.12604837721167517,0.46674268339034586,0.20866590649942987,2.9450741163055874,47.246890243902435,1,0,Premium,3869.776689715333,Alto,1166.6
470,2305.0,156,0.09977762128817402,0.34763313609467456,0.20710059171597633,3.4097633136094676,14.775641025641026,0,1,Indiferente al precio,1100.0687031363675,Medio,153.81999999999982
471,1530.1200000000001,51,0.1486016794809653,0.5020080321285141,0.2751004016064257,3.072530120481928,30.002352941176472,0,4,Rutinario,789.712572444968,Medio,363.6600000000002
472,8295.58,94,0.12279239189996198,0.48,0.1498901098901099,3.646408791208791,88.25085106382978,1,0,Premium,3941.303400564643,Alto,1299.77
473,3208.71,69,0.15516669887910411,0.5423542354235423,0.5665566556655666,3.52993399339934,46.50304347826087,1,2,Cazador de ofertas,1691.829243032972,Alto,674.3300000000007
474,2102.36,36,0.18067704306250115,0.6304347826086957,0.35990338164251207,2.5390821256038647,58.39888888888889,0,2,Cazador de ofertas,1002.1115841369073,Medio,585.19
475,1525.02,41,0.14382472866160212,0.5160714285714286,0.30178571428571427,2.72325,37.19560975609756,0,4,Rutinario,780.727558418752,Medio,269.35
476,1551.27,29,0.12533522959359078,0.49433962264150944,0.21320754716981133,2.9269245283018868,53.49206896551724,0,0,Premium,756.3124698997569,Medio,240.29000000000002
477,812.28,65,0.19101472493689806,0.5843373493975904,0.4759036144578313,2.446626506024096,12.496615384615383,0,2,Cazador de ofertas,380.4144883240024,Bajo,161.07000000000062
478,286.02,20,0.12391346029865603,0.5178571428571429,0.21428571428571427,5.1075,14.300999999999998,0,4,Rutinario,158.16956714872845,Bajo,29.22999999999934
479,1773.3,184,0.152381798137385,0.6079900124843945,0.21722846441947566,2.2138576779026216,9.6375,0,2,Cazador de ofertas,963.983662544201,Medio,392.93
480,3646.39,90,0.15964264000284625,0.5466549295774648,0.34066901408450706,3.2098503521126758,40.51544444444444,0,2,Cazador de ofertas,1677.0471620313936,Medio,742.8099999999972
481,2055.92,49,0.14397409456514187,0.4794007490636704,0.2883895131086142,2.5666916354556806,41.95755102040817,0,4,Rutinario,1028.4328557207273,Medio,409.45
482,1848.52,61,0.15857782564446485,0.5341246290801187,0.2685459940652819,2.7426112759643915,30.303606557377048,0,4,Rutinario,969.9352820956811,Medio,410.32
483,2718.9900000000002,98,0.17231832183368967,0.5289256198347108,0.3837072018890201,3.2101416765053132,27.74479591836735,0,2,Cazador de ofertas,1340.7956711603763,Medio,797.79
484,2964.51,137,0.1436957407208069,0.5291095890410958,0.3501712328767123,2.538107876712329,21.638759124087592,1,4,Rutinario,1465.815920535779,Medio,494.48999999999955
485,5431.01,160,0.19780792258995306,0.5946308724832214,0.3201342281879195,3.6449731543624164,33.9438125,1,2,Cazador de ofertas,3047.851606726195,Alto,1433.1700000000037
486,922.39,29,0.11580369896259753,0.4326923076923077,0.40625,2.217283653846154,31.80655172413793,0,4,Rutinario,531.5022735275173,Bajo,128.42000000000087
487,133.68,9,0.12621188971832298,0.5263157894736842,0.39473684210526316,3.5178947368421056,14.853333333333333,0,4,Rutinario,77.84994349566911,Bajo,22.04
488,406.96,20,0.10017156412018863,0.3502824858757062,0.1751412429378531,2.2992090395480225,20.348,0,1,Indiferente al precio,203.5656371446589,Bajo,48.27
489,5866.56,211,0.10454999948410378,0.39392168322618354,0.3728813559322034,3.428731735827002,27.803601895734598,0,4,Rutinario,3103.456597858991,Alto,765.740000000002
490,3886.87,80,0.19684169032092236,0.6153846153846154,0.09105180533751962,3.050918367346939,48.585875,1,2,Cazador de ofertas,1914.2452553741468,Alto,1283.5100000000004
491,4835.71,124,0.09413742241365604,0.36155202821869487,0.3377425044091711,4.264294532627866,38.99766129032258,0,1,Indiferente al precio,2474.261331722495,Alto,535.3299999999962
492,7148.28,117,0.16467529732105618,0.5787937743190662,0.3035019455252918,3.4767898832684825,61.09641025641025,1,0,Premium,272.4349293828283,Bajo,1427.8200000000033
493,4925.56,196,0.1250447645433328,0.48099078341013823,0.21255760368663595,2.837304147465438,25.130408163265308,0,4,Rutinario,2579.3203875675545,Alto,749.9200000000012
494,8.17,1,0.03930817610062892,0.25,0.25,2.0425,8.17,0,1,Indiferente al precio,,,0.25
495,3050.52,73,0.18707523250601532,0.6059225512528473,0.3234624145785877,3.474396355353075,41.78794520547945,0,2,Cazador de ofertas,1527.414554404823,Medio,1065.74
496,648.4,13,0.1080654585939506,0.4180327868852459,0.4016393442622951,5.314754098360655,49.87692307692308,0,4,Rutinario,359.6352375013069,Bajo,103.63000000000001
497,766.4,62,0.13980932933132836,0.5077399380804953,0.33126934984520123,2.372755417956656,12.361290322580645,0,4,Rutinario,315.0526889023486,Bajo,164.89000000000001
498,904.1800000000001,58,0.12652205983611928,0.4880636604774536,0.23076923076923078,2.3983554376657827,15.589310344827588,0,4,Rutinario,459.9831337838786,Bajo,140.54000000000022
499,753.36,70,0.14680344233264822,0.5978260869565217,0.19927536231884058,2.7295652173913045,10.762285714285715,0,4,Rutinario,3.8476109173256825,Bajo,119.88
500,84.82000000000001,5,0.10520978437796782,0.4,0.2,2.4234285714285715,16.964000000000002,0,1,Indiferente al precio,51.98011127661238,Bajo,6.78
501,478.13,22,0.17075066983675274,0.5616438356164384,0.2534246575342466,3.27486301369863,21.73318181818182,0,2,Cazador de ofertas,248.54175783782256,Bajo,113.80000000000001
502,2298.84,56,0.13167627536762766,0.4647727272727273,0.3397727272727273,2.612318181818182,41.050714285714285,0,4,Rutinario,1278.0595892641309,Medio,462.49
503,4723.8,151,0.13548569192735518,0.5144256940664126,0.2493195427327164,2.571475231355471,31.283443708609273,1,4,Rutinario,2505.0257974905776,Alto,781.1399999999996
504,516.34,7,0.17496638994603145,0.576271186440678,0.5211864406779662,2.1878813559322037,73.76285714285714,0,2,Cazador de ofertas,234.2293579459092,Bajo,158.15
505,188.54,18,0.15316482766408768,0.6153846153846154,0.4230769230769231,3.6257692307692304,10.474444444444444,0,2,Cazador de ofertas,112.81246410578711,Bajo,43.199999999999996
506,1254.17,32,0.11854148201831008,0.48825065274151436,0.206266318537859,3.2745953002610966,39.1928125,0,0,Premium,621.0638862870644,Bajo,164.9000000000005
507,1455.43,66,0.16789797403661819,0.5971223021582733,0.16906474820143885,2.617679856115108,22.0519696969697,0,2,Cazador de ofertas,740.7110121643617,Medio,335.53999999999905
508,1190.51,55,0.16644374393976594,0.5307692307692308,0.3641025641025641,3.0525897435897438,21.645636363636363,0,4,Rutinario,676.7623959138164,Medio,250.89000000000001
509,277.14,16,0.08937725421441678,0.38235294117647056,0.14705882352941177,4.075588235294117,17.32125,0,1,Indiferente al precio,133.34557842058814,Bajo,19.409999999999997
510,7903.36,345,0.132540326669418,0.4982137057486197,0.22442351412796363,2.5668593699253,22.908289855072464,0,3,Intensivo,4167.88006039308,Alto,1189.9799999999987
511,5425.53,372,0.16839468325843204,0.5676959619952494,0.4584323040380047,3.2218111638954867,14.584758064516128,0,3,Intensivo,2619.588531659346,Alto,1166.3499999999974
512,1114.44,25,0.17071980991722782,0.5338208409506399,0.46983546617915906,2.037367458866545,44.577600000000004,0,2,Cazador de ofertas,619.1604667353332,Bajo,287.5800000000001
513,12130.01,161,0.1420159609821118,0.4847222222222222,0.1439814814814815,5.61574537037037,75.34167701863355,0,0,Premium,5821.096701904357,Alto,2606.6
514,2339.27,65,0.08057423192656252,0.3094496365524403,0.3177570093457944,2.429148494288681,35.98876923076923,0,1,Indiferente al precio,1274.6303289234438,Medio,247.11999999999955
515,1826.73,47,0.1447121730401638,0.48863636363636365,0.43323863636363635,2.5947869318181818,38.86659574468085,0,4,Rutinario,885.8878473212391,Medio,381.33000000000004
516,295.23,17,0.07820702048588189,0.30337078651685395,0.2247191011235955,3.317191011235955,17.366470588235295,0,1,Indiferente al precio,169.13028790434544,Bajo,33.28
517,3742.89,105,0.12469272885908031,0.4506604506604507,0.2898212898212898,2.9082284382284382,35.64657142857143,0,4,Rutinario,1967.379599961759,Alto,553.4899999999993
518,4926.37,152,0.1473688411464,0.5379388448471121,0.23103057757644394,2.789563986409966,32.41032894736842,1,4,Rutinario,2647.787118832614,Alto,1075.8200000000002
519,819.13,32,0.1549886062570764,0.5516129032258065,0.2064516129032258,2.6423548387096774,25.5978125,0,4,Rutinario,403.3304623714368,Bajo,194.71999999999997
520,2071.15,112,0.18368987284095342,0.601063829787234,0.39893617021276595,2.2033510638297873,18.492410714285715,0,2,Cazador de ofertas,1055.293351548584,Medio,601.97
521,858.8000000000001,53,0.08960045013703045,0.3174061433447099,0.24573378839590443,2.931058020477816,16.20377358490566,0,1,Indiferente al precio,416.8600522669403,Bajo,105.84
522,29.340000000000003,2,0.032115171650055375,0.14285714285714285,0.0,4.191428571428572,14.670000000000002,0,1,Indiferente al precio,26.118973949559688,Bajo,0.29000000000000004
523,5731.87,277,0.08392437915530605,0.3208046585494971,0.2466913710958179,3.0343409211222867,20.692671480144405,1,1,Indiferente al precio,3034.269705469561,Alto,596.069999999997
524,1984.58,72,0.2216289571305091,0.6269430051813472,0.25,2.570699481865285,27.56361111111111,0,2,Cazador de ofertas,1081.5479103242951,Medio,660.7399999999994
525,902.77,40,0.10562482729626417,0.42258064516129035,0.16129032258064516,2.9121612903225804,22.56925,0,1,Indiferente al precio,476.8785362900392,Bajo,158.36
526,4574.92,183,0.1216437066905593,0.4601139601139601,0.22792022792022792,3.2584900284900287,24.999562841530054,0,4,Rutinario,2483.2374605902646,Alto,599.7500000000018
527,3581.52,129,0.12525287504171337,0.5090609555189456,0.2042833607907743,2.950181219110379,27.76372093023256,0,4,Rutinario,1984.8297427297389,Alto,722.0600000000001
528,373.83,17,0.09698307657421064,0.39285714285714285,0.22142857142857142,2.6702142857142857,21.99,0,1,Indiferente al precio,189.53371010594543,Bajo,40.0
529,1831.14,56,0.16036463378328547,0.5555555555555556,0.32051282051282054,2.6084615384615386,32.698928571428574,0,2,Cazador de ofertas,869.8673221063485,Medio,388.24
530,1476.22,53,0.10453942225795723,0.3944954128440367,0.23394495412844038,3.3858256880733943,27.853207547169813,0,1,Indiferente al precio,747.125780045836,Medio,167.04999999999995
531,1060.64,40,0.1999549861742186,0.6685082872928176,0.2265193370165746,2.929944751381216,26.516000000000002,0,2,Cazador de ofertas,603.5146417946836,Bajo,316.74
532,401.88,23,0.09266733839509401,0.3391304347826087,0.34782608695652173,3.494608695652174,17.47304347826087,0,1,Indiferente al precio,164.6266302781791,Bajo,38.7
533,2792.87,64,0.12582696595654344,0.4318407960199005,0.5353233830845772,2.7789751243781096,43.63859375,0,4,Rutinario,1363.671842894532,Medio,503.72
534,1315.44,464,0.1009859696461429,0.39546858908341914,0.5509783728115345,1.3547270854788878,2.835,0,3,Intensivo,731.6836544009806,Medio,178.10999999999993
535,1308.76,34,0.19764232173327365,0.6048387096774194,0.4112903225806452,3.5181720430107526,38.49294117647059,0,2,Cazador de ofertas,654.3085982188666,Medio,519.52
536,1557.13,87,0.170537763785456,0.5689655172413793,0.2959770114942529,2.237255747126437,17.898045977011495,0,2,Cazador de ofertas,735.7152268423661,Medio,432.8299999999998
537,1411.25,44,0.12015802641749457,0.44642857142857145,0.25255102040816324,3.600127551020408,32.07386363636363,0,1,Indiferente al precio,806.183565435608,Medio,197.05
538,4382.21,69,0.11616158630142437,0.45358490566037735,0.1290566037735849,3.3073283018867925,63.510289855072465,0,0,Premium,2231.8637878055533,Alto,552.7200000000004
539,1269.09,63,0.1885954946587113,0.6139240506329114,0.4525316455696203,4.016107594936709,20.14428571428571,0,2,Cazador de ofertas,655.9887899390158,Medio,304.2899999999987
540,3280.73,93,0.09063714052883967,0.3941299790356394,0.07232704402515723,3.4389203354297693,35.276666666666664,0,1,Indiferente al precio,1878.84163814772,Alto,412.4499999999981
541,1784.19,47,0.16670930197945086,0.567741935483871,0.2967741935483871,2.877725806451613,37.96148936170213,0,2,Cazador de ofertas,885.4749816334722,Medio,385.3900000000003
542,2312.93,123,0.16431239523970256,0.5817361894024803,0.3855693348365276,2.607587373167982,18.80430894308943,0,2,Cazador de ofertas,1177.42260278655,Medio,518.3099999999995
543,3697.55,103,0.15409875157011615,0.6159143075745983,0.06885998469778118,2.829035960214231,35.89854368932039,0,0,Premium,1950.4773847193765,Alto,475.36000000000007
544,1594.85,127,0.15839522546902787,0.5631067961165048,0.22168284789644013,2.580663430420712,12.55787401574803,0,4,Rutinario,759.4832520308188,Medio,303.9599999999997
545,2660.28,56,0.1319759470044074,0.5370511841100076,0.3246753246753247,2.0322994652406416,47.505,1,4,Rutinario,1428.7650326415278,Medio,463.0799999999997
546,3339.0,121,0.16579383357882949,0.4935672514619883,0.5578947368421052,3.905263157894737,27.59504132231405,1,4,Rutinario,20.33350406999863,Bajo,828.2199999999989
547,1676.76,55,0.1638074608997266,0.5365853658536586,0.3472022955523673,2.405681492109039,30.486545454545453,0,2,Cazador de ofertas,743.8364338942977,Medio,354.8299999999999
548,4255.83,93,0.14745461923891934,0.5214431586113002,0.29407760381211706,2.8970932607215794,45.7616129032258,0,4,Rutinario,2251.48248269876,Alto,872.4400000000005
549,2299.35,98,0.11533524325991341,0.4724137931034483,0.5844827586206897,3.9643965517241377,23.462755102040816,0,4,Rutinario,1269.8179561613192,Medio,369.25
550,854.91,39,0.1739213170051284,0.5766871165644172,0.37423312883435583,2.6224233128834356,21.92076923076923,0,2,Cazador de ofertas,433.15109768486985,Bajo,194.58000000000004
551,853.65,52,0.14743700969616147,0.5102040816326531,0.3129251700680272,2.9035714285714285,16.416346153846153,0,4,Rutinario,414.2540090377928,Bajo,239.75999999999996
552,2289.47,44,0.16984993948491256,0.5658536585365853,0.4817073170731707,2.7920365853658535,52.03340909090909,0,2,Cazador de ofertas,1138.0011297652948,Medio,676.1800000000001
553,7259.09,265,0.11838498862257903,0.44345569150908415,0.282165368928439,2.691542454579162,27.39279245283019,0,3,Intensivo,3922.576923424795,Alto,1125.0199999999982
554,1524.33,21,0.09005571398152334,0.35772357723577236,0.18089430894308944,3.098231707317073,72.58714285714285,0,0,Premium,777.9284096504633,Medio,166.79000000000002
555,561.03,21,0.10071801109987179,0.31297709923664124,0.20610687022900764,4.2826717557251905,26.715714285714284,0,1,Indiferente al precio,260.8261190448899,Bajo,63.14
556,693.86,15,0.1460968562727996,0.5225806451612903,0.3225806451612903,4.476516129032258,46.257333333333335,0,4,Rutinario,335.6405727245765,Bajo,108.04999999999902
557,718.46,29,0.1211901834793642,0.4263565891472868,0.3023255813953488,2.7847286821705426,24.774482758620692,0,4,Rutinario,376.6992887481082,Bajo,115.73000000000025
558,2426.35,115,0.11693352852547353,0.4341004184100418,0.38598326359832635,2.5380230125523013,21.098695652173912,0,4,Rutinario,1344.4293713225395,Medio,370.15000000000003
559,249.34,26,0.20918429122592014,0.5402298850574713,0.3218390804597701,2.865977011494253,9.59,0,2,Cazador de ofertas,10.309820332955285,Bajo,140.88000000000002
560,7290.9,325,0.12431231359703528,0.46540610227761064,0.32617103566824235,3.1331757627847012,22.43353846153846,1,3,Intensivo,3491.8640546357574,Alto,975.5799999999997
561,1404.3600000000001,26,0.12924250256845102,0.514745308310992,0.15013404825737264,3.765040214477212,54.01384615384616,0,0,Premium,703.9665147541032,Medio,276.84999999999957
562,3178.11,78,0.12614687671931654,0.4669479606188467,0.19690576652601968,4.469915611814346,40.745000000000005,0,0,Premium,1581.380092882076,Medio,600.6400000000004
563,2488.77,71,0.13303485627591968,0.5126050420168067,0.2929171668667467,2.987719087635054,35.05309859154929,0,4,Rutinario,1303.1039386081345,Medio,407.2599999999994
564,842.45,52,0.10837995885416653,0.43137254901960786,0.20392156862745098,3.3037254901960784,16.200961538461538,0,1,Indiferente al precio,443.10104427765646,Bajo,106.38000000000076
565,498.06,21,0.08928233827238234,0.373134328358209,0.20149253731343283,3.716865671641791,23.717142857142857,0,1,Indiferente al precio,245.21595584244875,Bajo,47.040000000000006
566,1218.08,146,0.13491746692817533,0.5534979423868313,0.4012345679012346,2.5063374485596706,8.343013698630136,0,4,Rutinario,651.5003766308303,Medio,215.63000000000002
567,3134.9,254,0.14399708462007121,0.4960063897763578,0.43610223642172524,2.5039137380191696,12.342125984251968,0,4,Rutinario,1544.3523422282676,Medio,589.9499999999996
568,8612.85,180,0.10287644954845936,0.4073560027758501,0.42748091603053434,2.988497571131159,47.84916666666667,0,4,Rutinario,4043.938743431233,Alto,1287.8300000000002
569,6749.1900000000005,102,0.07168660810065293,0.3231146535867566,0.06253832004904966,4.138068669527898,66.16852941176471,0,0,Premium,3470.9002986514606,Alto,490.7200000000025
570,1400.1100000000001,35,0.16716551879725217,0.5729166666666666,0.34375,3.646119791666667,40.00314285714286,0,2,Cazador de ofertas,775.2592100605173,Medio,436.14
571,1114.16,16,0.09515041974027225,0.409375,0.221875,3.4817500000000003,69.635,0,0,Premium,585.783342639143,Bajo,121.55999999999906
572,903.15,45,0.13284174235612803,0.3856749311294766,0.23140495867768596,2.4880165289256198,20.07,0,1,Indiferente al precio,7.108663659341388,Bajo,172.90000000000003
573,3111.55,101,0.13222440117205883,0.4858490566037736,0.3608490566037736,3.6692806603773587,30.80742574257426,1,4,Rutinario,1669.2933971558691,Medio,474.30999999999966
574,6753.54,120,0.18144364596257753,0.6515892420537898,0.33781581092094537,2.7520537897310513,56.2795,1,2,Cazador de ofertas,3590.8686623932003,Alto,1634.2799999999952
575,11771.13,356,0.12444196691394471,0.4792727272727273,0.26375757575757575,2.8536072727272725,33.064971910112355,0,3,Intensivo,5555.394622358932,Alto,1694.7400000000002
576,3750.12,167,0.1034918532906581,0.3865979381443299,0.23109965635738833,3.2217525773195876,22.45580838323353,0,1,Indiferente al precio,1764.6605734674272,Alto,492.93000000000075
577,4399.53,38,0.10652706346658601,0.46250927988121754,0.11581291759465479,3.2661692650334073,115.77710526315789,1,0,Premium,2422.3890541168325,Alto,471.9100000000001
578,2996.69,117,0.12952989684359317,0.49141630901287553,0.17489270386266095,3.215332618025751,25.612735042735043,0,1,Indiferente al precio,1611.3100073998266,Medio,430.15000000000066
579,435.26,23,0.21771331675818506,0.5944055944055944,0.3356643356643357,3.0437762237762236,18.924347826086954,0,2,Cazador de ofertas,229.2920556839017,Bajo,183.0800000000005
580,1337.7,98,0.14704708125284463,0.5659824046920822,0.41642228739002934,3.922873900293255,13.65,0,4,Rutinario,657.093329490623,Medio,168.79000000000036
581,5060.44,146,0.164340159932704,0.5647887323943662,0.42746478873239435,3.56369014084507,34.66054794520548,1,2,Cazador de ofertas,2563.299317635896,Alto,1247.5199999999995
582,5137.74,141,0.1096469094375469,0.3657487091222031,0.1962134251290878,4.421462994836489,36.43787234042553,0,1,Indiferente al precio,2812.8531670363946,Alto,699.3199999999995
583,3063.34,156,0.1259376745046478,0.4628099173553719,0.3659976387249115,3.6166942148760333,19.636794871794873,0,4,Rutinario,1485.4280713854232,Medio,490.1
584,1098.3,56,0.13446740074633007,0.4485981308411215,0.3317757009345794,5.1322429906542055,19.6125,0,4,Rutinario,1.310399941917587,Bajo,106.26999999999924
585,805.07,42,0.2487881935447655,0.6654275092936803,0.3643122676579926,2.9928252788104093,19.168333333333333,0,2,Cazador de ofertas,388.5565303793817,Bajo,281.72999999999934
586,5822.64,211,0.10881115819061958,0.4280630401626843,0.20742247076766648,2.960162684290798,27.595450236966826,0,1,Indiferente al precio,2923.8074909015,Alto,847.2299999999974
587,247.93,27,0.15766760270373678,0.5344827586206896,0.3879310344827586,2.137327586206897,9.182592592592593,0,4,Rutinario,132.2076900931603,Bajo,58.41000000000028
588,9540.54,261,0.12474843140384673,0.4632608010091454,0.32765689057079783,3.0086849574266794,36.55379310344828,1,4,Rutinario,4661.72707244578,Alto,1225.650000000007
589,298.97,17,0.13666136097881654,0.5185185185185185,0.3333333333333333,2.768240740740741,17.586470588235297,0,4,Rutinario,166.99786966603858,Bajo,69.36
590,3338.41,134,0.13207549176986663,0.4766966475878986,0.23712183156173344,2.729689288634505,24.913507462686567,0,4,Rutinario,1592.3016853548963,Medio,666.1200000000001
591,13534.93,324,0.13400739613500393,0.5,0.21553049718093287,3.468716043054844,41.774475308641975,0,3,Intensivo,6804.905095238733,Alto,2165.13
592,660.79,34,0.18272394518784008,0.5758754863813229,0.42412451361867703,2.571167315175097,19.435,0,2,Cazador de ofertas,330.626663838714,Bajo,155.04000000000002
593,646.4,57,0.11756477991873604,0.3860759493670886,0.47151898734177217,2.0455696202531644,11.340350877192982,0,4,Rutinario,306.92514757018785,Bajo,116.9800000000002
594,2421.39,103,0.19232022662529494,0.6260978670012547,0.33626097867001253,3.038130489335006,23.50864077669903,0,2,Cazador de ofertas,1330.180422840833,Medio,743.7700000000001
595,2373.7400000000002,146,0.14578730958713637,0.5164835164835165,0.3824175824175824,2.608505494505495,16.258493150684934,0,4,Rutinario,1219.293404303389,Medio,552.54
596,2996.37,113,0.09599858192583373,0.3391304347826087,0.2360248447204969,3.7221987577639752,26.51654867256637,1,1,Indiferente al precio,1516.12305687021,Medio,345.1199999999999
597,3826.25,99,0.12983717025313984,0.5018844221105527,0.3121859296482412,2.4034233668341707,38.648989898989896,0,4,Rutinario,1915.088208168052,Alto,659.7600000000001
598,3354.9,213,0.12123665303662014,0.4720670391061452,0.2756052141527002,3.123743016759777,15.750704225352113,0,4,Rutinario,1724.0881212268305,Alto,525.5100000000006
599,357.78000000000003,5,0.09011788831031119,0.3252032520325203,0.18699186991869918,2.9087804878048784,71.55600000000001,0,0,Premium,235.71964746806825,Bajo,37.25
600,5520.3,166,0.1640036354144773,0.5357142857142857,0.24627976190476192,4.107366071428571,33.25481927710843,1,4,Rutinario,2806.294337466685,Alto,1362.6900000000014
601,5241.27,78,0.12270634474040008,0.4860557768924303,0.2682602921646746,3.4802589641434265,67.19576923076923,0,0,Premium,2621.71546518772,Alto,766.1499999999959
602,1850.07,53,0.1420767856889487,0.5254237288135594,0.327683615819209,3.4841242937853107,34.90698113207547,0,4,Rutinario,937.6779273321844,Medio,278.5100000000001
603,3219.5,180,0.15847561298018745,0.4875195007800312,0.3923556942277691,2.5113104524180967,17.886111111111113,0,4,Rutinario,1587.2798423631702,Medio,602.3499999999982
604,2311.65,56,0.11207425950367682,0.44375,0.2075,2.8895625000000003,41.27946428571429,0,1,Indiferente al precio,1111.4164840124422,Medio,290.55
605,5856.38,128,0.12391109122507317,0.48201438848920863,0.23381294964028776,3.0094450154162384,45.75296875,1,0,Premium,2966.715983668572,Alto,832.6500000000087
606,3323.12,97,0.10871786004857258,0.43275862068965515,0.25775862068965516,2.864758620689655,34.258969072164945,0,1,Indiferente al precio,1664.430517312401,Medio,462.72000000000077
607,3203.01,211,0.20458886252242212,0.6078286558345642,0.45937961595273263,2.3655908419497784,15.180142180094787,0,2,Cazador de ofertas,1589.8387525944015,Medio,1091.5999999999995
608,5148.9800000000005,217,0.09631773421101028,0.36660389202762084,0.26239799121155055,3.2322536095417456,23.728018433179727,0,1,Indiferente al precio,2793.8139229931658,Alto,653.4200000000001
609,1665.89,161,0.17128129114677063,0.546526867627785,0.36041939711664484,2.1833420707732634,10.347142857142858,0,2,Cazador de ofertas,816.8125292991667,Medio,358.36999999999944
610,573.0600000000001,24,0.1708778552337726,0.5849802371541502,0.3952569169960474,2.26505928853755,23.8775,0,2,Cazador de ofertas,335.34691558043124,Bajo,140.62
611,2316.24,73,0.19096818764109022,0.6073943661971831,0.2834507042253521,4.077887323943662,31.729315068493147,0,2,Cazador de ofertas,1230.5253121124083,Medio,546.5400000000004
612,3978.7200000000003,144,0.13290462819425503,0.4815361890694239,0.28508124076809455,2.9384933530280652,27.630000000000003,0,4,Rutinario,2112.23399743162,Alto,668.1500000000021
613,347.31,11,0.18921497469081147,0.5465116279069767,0.3430232558139535,2.0192441860465116,31.573636363636364,0,2,Cazador de ofertas,183.65003085471176,Bajo,105.51
614,2757.2400000000002,122,0.1451094020367864,0.5220216606498195,0.17328519855595667,1.9907870036101085,22.60032786885246,0,4,Rutinario,1293.1996038825073,Medio,610.75
615,346.4,24,0.19515522642310656,0.5663716814159292,0.2920353982300885,3.0654867256637166,14.433333333333332,0,2,Cazador de ofertas,242.3827602631516,Bajo,94.99000000000072
616,476.14,10,0.25926172885344695,0.7342342342342343,0.38288288288288286,2.1447747747747745,47.614,0,2,Cazador de ofertas,232.32570598032137,Bajo,163.92
617,1315.54,27,0.12744340223892633,0.44854368932038835,0.1825242718446602,2.5544466019417476,48.723703703703706,0,0,Premium,649.3770569540201,Medio,231.09
618,7343.87,482,0.11750159388466694,0.5740556660039762,0.4269383697813121,3.650034791252485,15.236244813278008,0,3,Intensivo,4125.664382010093,Alto,971.9799999999987
619,168.98,5,0.1596959382195989,0.6122448979591837,0.3469387755102041,3.4485714285714284,33.796,0,2,Cazador de ofertas,112.11960771435604,Bajo,37.63
620,304.98,19,0.16918882645391844,0.5849056603773585,0.27358490566037735,2.877169811320755,16.051578947368423,0,2,Cazador de ofertas,139.65049855501152,Bajo,47.290000000001
621,3179.15,140,0.09475256313563778,0.4045499505440158,0.3669634025717112,3.144559841740851,22.708214285714288,0,4,Rutinario,1716.6398175232998,Alto,423.0
622,2384.37,147,0.12692989051948236,0.4766483516483517,0.2651098901098901,3.2752335164835165,16.22020408163265,0,4,Rutinario,1340.9129944396764,Medio,361.7800000000002
623,3899.16,124,0.20016169125756328,0.6068464730290456,0.44398340248962653,4.044771784232365,31.44483870967742,0,2,Cazador de ofertas,2146.552455429688,Alto,945.9300000000004
624,6003.47,160,0.17307608625610194,0.5686574783052578,0.47575293517100564,3.064558448187851,37.5216875,0,2,Cazador de ofertas,2927.80310969518,Alto,1563.0200000000018
625,1233.92,34,0.1435489109244228,0.46153846153846156,0.22898032200357782,2.20737030411449,36.29176470588236,0,4,Rutinario,692.1287526135327,Medio,324.3700000000001
626,649.33,25,0.12476267232449532,0.4514285714285714,0.48857142857142855,1.8552285714285714,25.973200000000002,0,4,Rutinario,312.7541976132689,Bajo,128.6
627,1785.46,45,0.09099888580843998,0.3310502283105023,0.1552511415525114,4.0763926940639275,39.67688888888889,0,1,Indiferente al precio,964.623932793188,Medio,157.6199999999985
628,1147.99,18,0.10505714663590847,0.4766666666666667,0.13666666666666666,3.8266333333333336,63.77722222222222,0,0,Premium,586.103238789148,Bajo,150.92000000000002
629,377.49,27,0.1175769566021754,0.4411764705882353,0.15441176470588236,2.7756617647058826,13.981111111111112,0,1,Indiferente al precio,170.6350462555502,Bajo,64.00000000000068
630,7746.27,205,0.21603274996444835,0.6692520775623269,0.45706371191135736,4.291562326869807,37.78668292682927,1,2,Cazador de ofertas,3663.656369174199,Alto,2676.6100000000015
631,9277.72,482,0.11777305888418117,0.4539671911617007,0.5480415132239705,3.106032808838299,19.248381742738587,1,3,Intensivo,4511.050581118511,Alto,1459.6400000000046
632,3370.68,94,0.14821521378390448,0.4953350296861747,0.35793044953350295,2.8589312977099235,35.85829787234042,0,4,Rutinario,1854.8390227374948,Alto,748.7000000000003
633,5493.89,167,0.1664683626918537,0.6010544815465729,0.30462800234329235,3.2184475688342125,32.89754491017964,0,2,Cazador de ofertas,3019.126930014212,Alto,1187.2699999999988
634,1555.15,34,0.14196497680189546,0.5246252676659529,0.1734475374732334,3.330085653104925,45.73970588235294,0,0,Premium,0.0069497402670544,Bajo,258.36
635,362.9,34,0.19923902563867024,0.5793103448275863,0.20689655172413793,2.502758620689655,10.673529411764704,0,2,Cazador de ofertas,184.13941548574107,Bajo,138.8
636,9045.17,227,0.14849807980698665,0.4711565785734584,0.5169082125603864,2.5703807899971585,39.846563876651985,1,4,Rutinario,4683.985141192223,Alto,2235.89
637,2510.04,113,0.169713214065697,0.564844587352626,0.2315112540192926,2.690289389067524,22.21274336283186,0,2,Cazador de ofertas,1232.3244052201374,Medio,669.3800000000001
638,8039.29,163,0.11019553935050773,0.42896425297891844,0.2213565536205316,3.6843675527039412,49.32079754601227,0,0,Premium,4453.163637729818,Alto,1043.2200000000084
639,759.83,78,0.10333995352440484,0.4006849315068493,0.4726027397260274,2.6021575342465755,9.741410256410257,0,4,Rutinario,101.41038332297174,Bajo,130.66
640,2253.25,92,0.17699244235695488,0.5797579757975797,0.42464246424642466,2.478822882288229,24.491847826086957,0,2,Cazador de ofertas,1157.4142555980902,Medio,525.1499999999988
641,13221.75,353,0.13192654217824246,0.48074245939675175,0.22621809744779584,3.067691415313225,37.45538243626062,1,3,Intensivo,6461.4653684756695,Alto,2275.63
642,2208.34,64,0.08864128086424955,0.375,0.171875,3.1368465909090912,34.5053125,0,1,Indiferente al precio,35.4697716365163,Bajo,248.81000000000017
643,1415.59,31,0.20777664295641146,0.6703703703703704,0.40925925925925927,2.621462962962963,45.6641935483871,0,2,Cazador de ofertas,747.7391948648859,Medio,515.2800000000002
644,3772.03,214,0.12026303463220396,0.4448336252189142,0.21132516053706946,2.202002335084647,17.626308411214954,0,1,Indiferente al precio,2019.3039066366157,Alto,578.9400000000002
645,429.06,48,0.16728690407868385,0.5165562913907285,0.2582781456953642,2.841456953642384,8.93875,0,4,Rutinario,1.5067717471348812,Bajo,95.89000000000001
646,1691.72,41,0.19040139023098965,0.6029850746268657,0.3940298507462687,2.524955223880597,41.26146341463415,0,2,Cazador de ofertas,807.6882683329219,Medio,468.1799999999997
647,6326.74,129,0.14840459337466427,0.5130133024869867,0.22672064777327935,3.6591902834008097,49.044496124031006,1,0,Premium,3214.291929983141,Alto,1241.3400000000038
648,1910.4,73,0.06951427714938573,0.28818897637795277,0.2377952755905512,3.008503937007874,26.16986301369863,0,1,Indiferente al precio,988.428882972984,Medio,216.65000000000003
649,1553.45,55,0.15027524562658767,0.5756521739130435,0.32,2.7016521739130437,28.244545454545456,0,4,Rutinario,129.85867860683803,Bajo,323.04
650,1415.65,78,0.1745437688386144,0.5420240137221269,0.24528301886792453,2.4282161234991424,18.149358974358975,1,2,Cazador de ofertas,680.6346668201555,Medio,394.0400000000001
651,370.53000000000003,8,0.164517307350654,0.5428571428571428,0.37142857142857144,2.6466428571428575,46.316250000000004,0,2,Cazador de ofertas,199.38040116353827,Bajo,111.59
652,1800.09,48,0.10620081617850939,0.4238258877434135,0.24284077892325315,2.0619587628865976,37.501875,0,1,Indiferente al precio,934.4009255469142,Medio,247.05
653,10822.55,228,0.1332625438587202,0.4943420627222761,0.44713870029097963,3.4990462334303265,47.46732456140351,0,4,Rutinario,5752.790485208931,Alto,1656.6399999999953
654,2330.08,146,0.1852168198461075,0.5986913849509269,0.37949836423118866,2.5409814612868047,15.95945205479452,0,2,Cazador de ofertas,1124.8282496124978,Medio,499.41
655,1991.29,61,0.1377928144473156,0.46755162241887904,0.22123893805309736,2.9370058997050146,32.64409836065574,0,4,Rutinario,935.1820592172656,Medio,375.12999999999965
656,5040.28,95,0.12640480619667824,0.4591961023142509,0.15651644336175397,3.0695980511571253,53.05557894736842,0,0,Premium,2570.2347181623086,Alto,903.1100000000004
657,119.8,20,0.0131792652242568,0.09302325581395349,0.18604651162790697,2.786046511627907,5.99,0,1,Indiferente al precio,65.9677698621376,Bajo,1.7800000000000002
658,1052.48,49,0.1552456078262005,0.5321782178217822,0.2722772277227723,2.6051485148514852,21.47918367346939,0,4,Rutinario,554.7036479778503,Bajo,244.59
659,760.89,32,0.1297442298140838,0.46075085324232085,0.14675767918088736,2.5968941979522184,23.7778125,0,1,Indiferente al precio,357.99126015825163,Bajo,132.13000000000002
660,7954.28,168,0.11309381917972298,0.44873563218390805,0.14804597701149425,3.6571402298850573,47.34690476190476,0,0,Premium,4417.534084834681,Alto,1354.2100000000005
661,8271.31,394,0.09500102042851313,0.5508913168487637,0.2650948821161587,4.756359976998275,20.993172588832486,0,3,Intensivo,4502.993837586256,Alto,785.8800000000001
662,1381.73,39,0.13160812521690043,0.5478036175710594,0.3178294573643411,3.5703617571059434,35.42897435897436,0,4,Rutinario,741.9709841953492,Medio,222.22000000000003
663,3199.53,105,0.18961981584114895,0.593103448275862,0.3839080459770115,2.4517471264367816,30.471714285714288,0,2,Cazador de ofertas,1714.2068050588605,Alto,818.6900000000005
664,995.08,31,0.15104762821126502,0.5444015444015444,0.3088803088803089,1.9210038610038611,32.09935483870968,0,4,Rutinario,543.1307208749183,Bajo,234.99
665,715.98,39,0.10082231612158749,0.365,0.285,3.5799000000000003,18.35846153846154,0,1,Indiferente al precio,361.6984021295586,Bajo,82.61000000000001
666,1020.7,99,0.14248185239428623,0.5034802784222738,0.31786542923433875,2.3682134570765663,10.310101010101011,0,4,Rutinario,546.5044889296213,Bajo,186.46
667,1121.2,66,0.17732364344778015,0.5807770961145194,0.39059304703476483,2.292842535787321,16.98787878787879,0,2,Cazador de ofertas,614.5749360339803,Bajo,338.0400000000003
668,1151.04,57,0.20164681621389743,0.6023391812865497,0.5009746588693957,2.2437426900584794,20.193684210526314,0,2,Cazador de ofertas,610.6606476333434,Bajo,375.49
669,9164.15,119,0.11311801561566323,0.44343065693430656,0.15191605839416059,4.180725364963504,77.00966386554622,0,0,Premium,4453.221206991035,Alto,970.9300000000005
670,5685.67,192,0.1295599295468843,0.4879416713404375,0.24845765563656758,3.1888222097588335,29.612864583333334,0,4,Rutinario,2778.098380498628,Alto,851.2599999999982
671,5089.66,127,0.13880063044642213,0.5079533404029692,0.3605514316012725,5.397306468716861,40.07606299212598,0,4,Rutinario,2683.0748965674043,Alto,704.369999999994
672,2731.15,120,0.18668262892390372,0.632688927943761,0.5149384885764499,2.3999560632688928,22.759583333333335,0,2,Cazador de ofertas,1402.6972047116817,Medio,790.9699999999997
673,704.61,50,0.12554270638246903,0.5023474178403756,0.30985915492957744,3.3080281690140847,14.0922,0,4,Rutinario,351.2972844364079,Bajo,124.12000000000002
674,4727.57,138,0.12533984217746727,0.4741729541497388,0.2211259431224608,2.7438015089959373,34.25775362318841,0,4,Rutinario,2318.2939076550174,Alto,800.3700000000001
675,4832.38,223,0.112563877418425,0.4161849710982659,0.2817919075144509,3.4916040462427747,21.66986547085202,0,4,Rutinario,2654.3568927704064,Alto,614.660000000001
676,10741.1,376,0.13406120876645816,0.4531845400108873,0.31682090364725096,2.923543821448013,28.566755319148935,0,3,Intensivo,5100.95919461813,Alto,2013.73
677,1600.99,45,0.11102316531441347,0.43357933579335795,0.22509225092250923,2.9538560885608858,35.577555555555556,0,1,Indiferente al precio,873.1407746082081,Medio,233.89000000000001
678,459.17,57,0.1899482885222764,0.45323741007194246,0.33093525179856115,3.303381294964029,8.05561403508772,0,4,Rutinario,0.576887098568837,Bajo,107.39999999999898
679,6494.31,261,0.09233220906743463,0.43190249072602016,0.1271860095389507,3.4416057233704294,24.88241379310345,1,1,Indiferente al precio,3119.3709352308083,Alto,817.8800000000001
680,3513.02,96,0.1619067815498239,0.5594262295081968,0.2383879781420765,2.399603825136612,36.59395833333333,1,2,Cazador de ofertas,1959.2939543069976,Alto,913.1600000000001
681,2773.19,66,0.0930210141927972,0.4519846350832266,0.10115236875800256,3.550819462227913,42.0180303030303,1,1,Indiferente al precio,1301.9751443730786,Medio,258.77000000000004
682,4438.29,217,0.18316091909348223,0.585081585081585,0.4662004662004662,3.4485547785547785,20.45294930875576,0,2,Cazador de ofertas,4.052929327611325e-09,Bajo,975.1599999999987
683,170.05,9,0.08381919018975593,0.3670886075949367,0.189873417721519,2.15253164556962,18.894444444444446,0,1,Indiferente al precio,101.06218458118302,Bajo,30.53
684,2052.67,107,0.11219939552040821,0.47892271662763464,0.31733021077283374,2.403594847775176,19.183831775700934,0,4,Rutinario,1016.8326643059712,Medio,281.749999999999
685,6019.77,201,0.12107866361650993,0.4333499750374438,0.2985521717423864,3.005376934598103,29.949104477611943,0,4,Rutinario,3265.743743842408,Alto,945.7100000000008
686,534.57,21,0.11055540379211473,0.41304347826086957,0.2391304347826087,3.873695652173913,25.455714285714286,0,1,Indiferente al precio,312.7619789202377,Bajo,89.28
687,3205.8,69,0.15643144639298534,0.552212389380531,0.1752212389380531,2.836991150442478,46.46086956521739,1,0,Premium,1506.27758506108,Medio,735.9100000000001
688,3207.61,28,0.11214025452244947,0.4673202614379085,0.16775599128540306,3.494128540305011,114.5575,0,0,Premium,1701.2748724962205,Alto,441.26000000000005
689,28.96,3,0.06320148768218832,0.25,0.5,1.448,9.653333333333334,0,1,Indiferente al precio,17.040368710750425,Bajo,3.8400000000000007
690,4963.14,268,0.14266145703311148,0.4617036506800286,0.30851825340014316,3.5527129563350037,18.51917910447761,0,3,Intensivo,2396.0638515809223,Alto,658.5299999999983
691,2511.33,54,0.1281666422944968,0.48394495412844035,0.42201834862385323,2.8799655963302753,46.50611111111111,0,4,Rutinario,1204.9106788770716,Medio,367.92
692,3891.14,124,0.08756669795350842,0.3226527570789866,0.32488822652757077,2.899508196721311,31.38016129032258,1,1,Indiferente al precio,2036.531803316396,Alto,363.1800000000008
693,6378.8,209,0.13932657481337257,0.5002313743637204,0.25497454881999077,2.9517815826006477,30.520574162679427,0,4,Rutinario,2997.5724276301776,Alto,1093.78
694,1756.64,154,0.107977472785782,0.41640866873065013,0.3993808049535604,2.7192569659442727,11.406753246753247,0,4,Rutinario,932.910145267052,Medio,186.95
695,8523.93,225,0.10563432151452458,0.41589723002810114,0.35889201124046566,3.4218908069048575,37.88413333333334,0,4,Rutinario,4765.621971335518,Alto,1089.3400000000042
696,14715.53,326,0.1262675030443937,0.47648739932449985,0.2920239023122889,3.8232086256170437,45.139662576687115,1,3,Intensivo,8173.920895070785,Alto,2342.9000000000037
697,2823.59,60,0.10156067968607466,0.4252386002120891,0.3181336161187699,2.994262990455992,47.05983333333334,0,0,Premium,1435.3601457193076,Medio,306.69000000000244
698,1204.49,127,0.14156263419578363,0.5381750465549349,0.27932960893854747,2.242998137802607,9.484173228346457,0,4,Rutinario,567.929672148525,Bajo,172.8500000000003
699,10353.0,150,0.10547303386431689,0.40810359231411864,0.13450292397660818,4.324561403508772,69.02,1,0,Premium,5318.665540597698,Alto,1209.4700000000005
700,2981.04,39,0.14465750103916275,0.50375,0.28875,3.7263,76.43692307692308,0,0,Premium,1417.8426888875647,Medio,563.8300000000004
701,2593.56,39,0.10622985919705229,0.42035398230088494,0.27876106194690264,3.825309734513274,66.50153846153846,0,0,Premium,1448.4059661495994,Medio,342.08000000000004
702,8205.68,276,0.12115402706125998,0.41874208526804557,0.46390882228788516,3.4637737441958634,29.73072463768116,1,4,Rutinario,4305.94276721562,Alto,1461.3999999999974
703,9475.69,218,0.11526236972083492,0.44897045658012535,0.23992837958818264,4.241580125335721,43.46646788990826,1,0,Premium,4872.595616663403,Alto,1071.2200000000062
704,76.53,9,0.2107865595243041,0.625,0.46875,2.3915625,8.503333333333334,0,2,Cazador de ofertas,47.07919358981448,Bajo,18.130000000000244
705,1385.93,93,0.1421346465040962,0.45134575569358176,0.39751552795031053,2.8694202898550727,14.90247311827957,0,4,Rutinario,722.1056718551138,Medio,271.32
706,4024.6,133,0.13775797527344819,0.4976228209191759,0.3082408874801902,3.189064976228209,30.260150375939848,0,4,Rutinario,1943.1597739111148,Alto,744.5700000000031
707,19194.420000000002,497,0.11074067557849938,0.4277699859747546,0.306919121084619,4.486774193548388,38.620563380281695,0,3,Intensivo,10453.31366713434,Alto,2143.8299999999945
708,2828.06,68,0.11049038510627941,0.43995633187772926,0.3034934497816594,3.0874017467248906,41.58911764705882,0,4,Rutinario,1355.3201537341026,Medio,416.38
709,5534.31,156,0.17383344418578855,0.5234023402340234,0.2619261926192619,2.490688568856886,35.47634615384616,1,2,Cazador de ofertas,2784.205270551953,Alto,1502.65
710,3724.48,228,0.12699995091747765,0.41899804814573843,0.23096942094990242,2.423214053350683,16.33543859649123,0,1,Indiferente al precio,1810.9302023830344,Alto,673.069999999999
711,429.79,36,0.16523022659441342,0.5166666666666667,0.14166666666666666,3.5815833333333336,11.938611111111111,0,4,Rutinario,219.0115056681055,Bajo,67.91000000000025
712,11711.02,256,0.10587688095207444,0.42792022792022794,0.1586894586894587,3.3364729344729347,45.746171875,1,1,Indiferente al precio,5736.908047435771,Alto,1832.7500000000002
713,540.9,24,0.18836197442693503,0.6709677419354839,0.2903225806451613,3.4896774193548388,22.537499999999998,0,2,Cazador de ofertas,300.3270295523938,Bajo,135.160000000001
714,4117.34,294,0.18580301163058635,0.5759837177747625,0.33514246947082765,2.7933107191316147,14.004557823129252,0,2,Cazador de ofertas,2080.2962684019008,Alto,1406.8100000000002
715,3712.14,175,0.21284370840877478,0.6139022711631108,0.28011011699931176,2.5548107364074326,21.21222857142857,1,2,Cazador de ofertas,1833.2353831013395,Alto,1139.1700000000005
716,1290.68,78,0.21507530426484098,0.634703196347032,0.2100456621004566,2.94675799086758,16.547179487179488,1,2,Cazador de ofertas,684.7623150851692,Medio,526.2999999999993
717,616.72,51,0.08219349210520581,0.363013698630137,0.2945205479452055,4.224109589041096,12.092549019607844,0,1,Indiferente al precio,340.460566669717,Bajo,56.43999999999876
718,19299.86,599,0.13984352513866308,0.7484435220871628,0.4654610139341832,2.8609338867477025,32.220133555926544,1,3,Intensivo,8979.661005068812,Alto,3668.080000000001
719,1098.51,34,0.16939667265137132,0.5668016194331984,0.2125506072874494,2.2237044534412957,32.30911764705883,0,2,Cazador de ofertas,526.8724548187492,Bajo,298.89
720,1678.8,86,0.06265116196692598,0.2921686746987952,0.08132530120481928,5.056626506024096,19.52093023255814,0,1,Indiferente al precio,846.430071771616,Medio,109.08000000000001
721,553.57,46,0.11489334633185569,0.5136612021857924,0.18032786885245902,3.0249726775956285,12.03413043478261,0,1,Indiferente al precio,313.700710494982,Bajo,49.83999999999947
722,6437.62,135,0.1427122952950751,0.5567729083665338,0.23306772908366533,3.205986055776892,47.68607407407407,0,0,Premium,3448.352911339596,Alto,1195.4100000000003
723,1230.83,23,0.14688092285354473,0.5135135135135135,0.18018018018018017,2.7721396396396396,53.514347826086954,0,0,Premium,668.5002279858785,Medio,254.41000000000003
724,639.3,26,0.08689970300921569,0.3387096774193548,0.3118279569892473,3.4370967741935483,24.588461538461537,0,1,Indiferente al precio,327.3010772350116,Bajo,62.49999999999896
725,4828.58,133,0.2001036911596181,0.6198347107438017,0.4669421487603306,1.9952809917355372,36.30511278195489,1,2,Cazador de ofertas,2574.4723882430367,Alto,1570.29
726,2220.15,71,0.17349025193541248,0.6213592233009708,0.1650485436893204,2.694356796116505,31.269718309859154,0,2,Cazador de ofertas,1151.7744035438964,Medio,484.9000000000005
727,4923.13,118,0.12683707765940616,0.47788697788697787,0.273955773955774,3.0240356265356265,41.7214406779661,0,4,Rutinario,2532.253935049745,Alto,950.35
728,10732.91,474,0.11768292335967248,0.4300801165331391,0.38820101966496723,3.908561544064093,22.643270042194093,0,3,Intensivo,5345.099271224595,Alto,1546.2300000000077
729,1159.32,32,0.141225615286216,0.49859943977591037,0.3585434173669468,3.247394957983193,36.22875,0,4,Rutinario,610.8794382504019,Bajo,230.79
730,1111.69,92,0.136670924121505,0.49544072948328266,0.2948328267477204,3.3789969604863224,12.08358695652174,0,4,Rutinario,538.9481138516272,Bajo,183.96000000000004
731,3151.31,233,0.15337819731599545,0.4685082872928177,0.34806629834254144,3.482110497237569,13.524935622317596,0,4,Rutinario,1680.97338237521,Medio,616.8099999999998
732,3967.82,103,0.19321343642766123,0.6733601070950469,0.2643908969210174,2.6558366800535476,38.52252427184466,0,2,Cazador de ofertas,2218.655569412701,Alto,1211.5600000000009
733,2678.56,76,0.14128708461684886,0.4744232698094283,0.11634904714142427,2.686619859578736,35.24421052631579,0,1,Indiferente al precio,1413.5883626706373,Medio,551.71
734,1319.76,76,0.1130443697855285,0.4205607476635514,0.21806853582554517,4.111401869158878,17.365263157894738,0,1,Indiferente al precio,638.7981779772596,Medio,229.6099999999994
735,1062.25,92,0.07738772328846137,0.2903225806451613,0.21339950372208435,2.6358560794044665,11.546195652173912,0,1,Indiferente al precio,547.1364288815867,Bajo,119.04
736,3061.62,60,0.09237143078218132,0.38996929375639716,0.25281473899692936,3.133694984646878,51.027,0,0,Premium,1514.7527284907928,Medio,377.94
737,1593.51,52,0.11313796559789734,0.40891472868217055,0.22868217054263565,3.0881976744186046,30.644423076923076,0,1,Indiferente al precio,747.0352638426986,Medio,280.06999999999925
738,2593.12,101,0.14919109579122586,0.5413223140495868,0.35537190082644626,2.6788429752066114,25.674455445544552,0,4,Rutinario,1343.0548933345976,Medio,523.6600000000001
739,160.06,6,0.1743210533546023,0.45161290322580644,0.14516129032258066,2.5816129032258064,26.676666666666666,0,4,Rutinario,36.34504353476064,Bajo,38.41000000000001
740,6644.85,113,0.11713761734361157,0.4309835373575348,0.15449556775010553,2.8049176867876744,58.80398230088496,1,0,Premium,3700.126153233317,Alto,1246.17
741,3414.6,87,0.11935412568296072,0.4201898188093184,0.26056945642795515,2.946160483175151,39.248275862068965,0,1,Indiferente al precio,1809.267847869284,Alto,667.8800000000002
742,3950.96,327,0.12000954546401342,0.4260108378491038,0.4810337640683618,1.6469195498124218,12.082446483180428,0,3,Intensivo,2062.968865465726,Alto,577.2899999999987
743,1988.97,70,0.12447167912605957,0.4540682414698163,0.38451443569553806,2.610196850393701,28.413857142857143,0,4,Rutinario,1081.0470384106422,Medio,385.8800000000007
744,4730.31,156,0.15894382110326044,0.5693928128872366,0.27942998760842624,2.9307992565055763,30.3225,0,2,Cazador de ofertas,2398.345997158555,Alto,1048.1299999999983
745,6713.51,180,0.09402598017644011,0.3864824495892457,0.10380881254667662,2.506911874533234,37.29727777777778,1,1,Indiferente al precio,3458.2860591409744,Alto,822.83
746,569.0500000000001,39,0.07385746400904213,0.2413793103448276,0.23275862068965517,4.905603448275863,14.591025641025643,0,1,Indiferente al precio,226.4608083624937,Bajo,37.800000000000736
747,1166.73,135,0.17586666551860236,0.5410526315789473,0.4189473684210526,2.4562736842105264,8.642444444444445,0,2,Cazador de ofertas,656.8339357761712,Medio,303.37
748,2709.18,84,0.18552055297700898,0.5808080808080808,0.38484848484848483,2.736545454545454,32.25214285714286,0,2,Cazador de ofertas,1411.0524741413742,Medio,726.0
749,1066.62,76,0.1310072504084594,0.49868766404199477,0.45144356955380577,2.7995275590551176,14.034473684210525,0,4,Rutinario,552.1995390667994,Bajo,238.67000000000002
750,598.62,49,0.1824439510024501,0.5930232558139535,0.24709302325581395,1.7401744186046513,12.216734693877552,0,2,Cazador de ofertas,289.5617224801659,Bajo,132.56
751,521.04,26,0.16396287413311045,0.6425339366515838,0.3891402714932127,2.357647058823529,20.04,0,2,Cazador de ofertas,251.29701857740483,Bajo,108.36000000000001
752,3792.56,106,0.11197997476296728,0.43419788664745435,0.2507204610951009,3.643189241114313,35.7788679245283,0,1,Indiferente al precio,1910.7532030312136,Alto,567.0799999999995
753,2177.13,50,0.18785724965833772,0.6287769784172662,0.2489208633093525,3.1325611510791367,43.5426,0,2,Cazador de ofertas,962.8116649289224,Medio,580.83
754,1535.13,32,0.06578045463702255,0.21902654867256638,0.1504424778761062,3.3963053097345135,47.9728125,0,1,Indiferente al precio,841.7108105509474,Medio,99.30000000000001
755,10617.05,307,0.1108221444808156,0.4370629370629371,0.3347902097902098,9.280638111888111,34.58322475570032,1,3,Intensivo,5239.104295735228,Alto,528.2699999999946
756,690.42,24,0.18796357836374636,0.5740740740740741,0.25925925925925924,2.557111111111111,28.7675,0,2,Cazador de ofertas,368.76422123391774,Bajo,150.9400000000003
757,2023.3700000000001,40,0.11665424705381998,0.4532488114104596,0.277337559429477,3.206608557844691,50.584250000000004,0,0,Premium,1148.9508782473413,Medio,305.6700000000001
758,344.92,17,0.14013575871167874,0.5346534653465347,0.22772277227722773,3.4150495049504954,20.289411764705882,0,4,Rutinario,184.82637981919845,Bajo,51.570000000000014
759,1274.09,41,0.0659705809766179,0.28763440860215056,0.06451612903225806,3.4249731182795697,31.075365853658536,0,1,Indiferente al precio,638.2085113199482,Medio,75.16
760,1872.52,70,0.10375627789672533,0.40217391304347827,0.22826086956521738,4.070695652173913,26.750285714285713,0,1,Indiferente al precio,0.0791248112166957,Bajo,216.22999999999996
761,9036.01,178,0.14692427768658375,0.5547568710359408,0.26215644820295986,3.820723044397463,50.76410112359551,1,0,Premium,4814.225942787065,Alto,1672.46
762,8982.79,886,0.10828466351436467,0.5552336110105034,0.22455632017385005,3.253455269829772,10.138589164785554,0,3,Intensivo,4776.427192397328,Alto,1114.4000000000005
763,2815.58,40,0.13200763951193223,0.4659533073929961,0.36964980544747084,2.7388910505836574,70.3895,0,0,Premium,1356.2633353500532,Medio,477.22999999999996
764,3196.78,112,0.16970524546076798,0.5416276894293732,0.2815715622076707,2.99043966323667,28.542678571428574,1,2,Cazador de ofertas,1807.1676549165568,Alto,849.9800000000002
765,1586.58,30,0.13332333727477239,0.4954545454545455,0.2545454545454545,3.6058636363636363,52.885999999999996,0,0,Premium,874.5337988223912,Medio,231.01000000000107
766,8350.09,118,0.1323850335948534,0.49883759548322815,0.24709398870807042,2.7731949518432417,70.7634745762712,1,0,Premium,4628.457864479564,Alto,1439.65
767,562.77,13,0.17803540707413243,0.6328125,0.265625,2.1983203125,43.29,0,2,Cazador de ofertas,317.36320737701743,Bajo,125.54
768,6681.34,464,0.1846084639901757,0.6099476439790575,0.3893044128646223,2.4986312640239343,14.399439655172413,1,3,Intensivo,3654.310560728123,Alto,1442.8499999999983
769,1543.63,46,0.1466302116386278,0.5271210013908206,0.4325452016689847,2.146912378303199,33.55717391304348,0,4,Rutinario,791.9119221136832,Medio,300.0300000000002
770,2246.36,43,0.21248457370602886,0.627906976744186,0.30377906976744184,3.265058139534884,52.24093023255814,0,2,Cazador de ofertas,1229.8680327269913,Medio,824.4399999999987
771,7990.97,496,0.14874831016001508,0.5267520723436323,0.3160010047726702,2.007277066063803,16.110826612903228,1,3,Intensivo,4452.473729292518,Alto,1959.5700000000002
772,271.88,42,0.10429795400287682,0.3961038961038961,0.1038961038961039,1.7654545454545454,6.473333333333334,0,1,Indiferente al precio,153.66027285680417,Bajo,20.81000000000051
773,899.63,22,0.10223975446126643,0.3888888888888889,0.11904761904761904,3.5699603174603176,40.892272727272726,0,1,Indiferente al precio,437.2357725051226,Bajo,101.82
774,909.96,16,0.16402720627160003,0.5619596541786743,0.29394812680115273,2.622363112391931,56.8725,0,0,Premium,466.8349675912156,Bajo,188.64000000000001
775,1121.0,33,0.12496273758603921,0.44959128065395093,0.28065395095367845,3.0544959128065394,33.96969696969697,0,4,Rutinario,33.13145797722584,Bajo,174.04000000000002
776,3153.7,72,0.1609315154532273,0.558300395256917,0.26976284584980237,3.1163043478260866,43.80138888888889,0,2,Cazador de ofertas,1580.34174670808,Medio,762.6599999999999
777,2745.75,40,0.10351487365425038,0.4527687296416938,0.3273615635179153,4.471905537459284,68.64375,0,0,Premium,1449.682439705033,Medio,291.9700000000021
778,2285.59,122,0.17566668523287857,0.6438188494492044,0.36474908200734396,2.7975397796817627,18.73434426229508,0,2,Cazador de ofertas,16.401065571266482,Bajo,497.7499999999995
779,3918.28,86,0.10391072133497477,0.40829493087557606,0.271889400921659,3.6113179723502307,45.56139534883721,0,1,Indiferente al precio,2038.2064769612307,Alto,475.65999999999997
780,579.72,67,0.20291572107081907,0.5531135531135531,0.43223443223443225,2.1235164835164837,8.652537313432836,0,2,Cazador de ofertas,316.2833815639806,Bajo,195.34000000000003
781,1665.51,57,0.2044834282015141,0.616822429906542,0.2953271028037383,3.1131028037383177,29.219473684210527,0,2,Cazador de ofertas,889.3171484474101,Medio,545.54
782,1557.05,69,0.14154043469577623,0.4868913857677903,0.2640449438202247,2.915823970037453,22.565942028985507,0,4,Rutinario,808.9725829396211,Medio,302.67999999999995
783,387.34,17,0.14694810474482067,0.46308724832214765,0.44966442953020136,2.5995973154362413,22.784705882352938,0,4,Rutinario,198.8508777590376,Bajo,124.28999999999999
784,3117.66,134,0.08849425359777885,0.3545673076923077,0.19951923076923078,3.7471875,23.266119402985073,0,1,Indiferente al precio,1498.0679156648253,Medio,400.89000000000306
785,2089.8,103,0.08667205347262343,0.3471698113207547,0.2981132075471698,3.9430188679245286,20.289320388349516,0,1,Indiferente al precio,1052.3801098204592,Medio,218.66999999999734
786,7434.07,204,0.10865593118992889,0.4844179651695692,0.269019248395967,3.406998166819432,36.441519607843134,0,4,Rutinario,4087.186310800325,Alto,871.21
787,2504.59,190,0.11150438090809704,0.4251497005988024,0.058682634730538925,2.999508982035928,13.182052631578948,0,1,Indiferente al precio,1346.591373128927,Medio,400.69000000000005
788,7514.2,294,0.17448332972626385,0.5316310975609756,0.35823170731707316,2.863643292682927,25.558503401360543,1,3,Intensivo,3815.41328818889,Alto,1986.4800000000014
789,370.3,26,0.10666329658176295,0.4375,0.33035714285714285,3.30625,14.242307692307692,0,4,Rutinario,179.4220506587882,Bajo,65.44
790,2842.63,58,0.0928966493898868,0.4243421052631579,0.10635964912280702,3.116918859649123,49.01086206896552,0,1,Indiferente al precio,1579.9429305425645,Medio,289.94999999999993
791,303.01,21,0.14042970690041362,0.5121951219512195,0.1951219512195122,2.4634959349593495,14.42904761904762,0,4,Rutinario,154.98808140041473,Bajo,64.99
792,337.11,23,0.1984449750138881,0.6159420289855072,0.4057971014492754,2.4428260869565217,14.656956521739131,0,2,Cazador de ofertas,190.1538823531889,Bajo,95.64000000000117
793,1832.03,107,0.1482333072123018,0.5458612975391499,0.30648769574944074,4.098501118568232,17.121775700934577,1,4,Rutinario,817.7321168173406,Medio,406.5300000000008
794,1752.5,32,0.11826928294695145,0.4262626262626263,0.3292929292929293,3.54040404040404,54.765625,0,0,Premium,971.895898388652,Medio,403.84000000000003
795,1295.91,45,0.13750542588815576,0.5125523012552301,0.26359832635983266,2.711108786610879,28.798000000000002,0,4,Rutinario,647.4386758976899,Medio,241.19
796,445.65,50,0.2778833692826269,0.7174887892376681,0.4663677130044843,1.9984304932735426,8.913,0,2,Cazador de ofertas,212.0541331085863,Bajo,202.39999999999998
797,3059.57,92,0.07992694260786848,0.33378378378378376,0.13783783783783785,4.134554054054054,33.256195652173915,0,1,Indiferente al precio,1674.5639110460347,Medio,232.74
798,1586.58,54,0.15889425051768635,0.5711645101663586,0.36968576709796674,2.9326802218114603,29.38111111111111,0,2,Cazador de ofertas,802.1199020649519,Medio,330.1199999999999
799,2084.11,66,0.2347423951719065,0.7024390243902439,0.38170731707317074,2.54159756097561,31.577424242424243,0,2,Cazador de ofertas,1024.5043863939277,Medio,726.7200000000005
800,10426.58,443,0.12295099339499,0.4576152771308803,0.24103400093153238,2.4281741965533303,23.536297968397292,0,3,Intensivo,5318.076679163616,Alto,1767.39
801,1652.07,29,0.20193544200231894,0.6793893129770993,0.22900763358778625,4.203740458015267,56.96793103448276,0,2,Cazador de ofertas,877.2283751736936,Medio,654.2099999999999
802,2154.43,59,0.10282109659709852,0.37043478260869567,0.29043478260869565,3.7468347826086954,36.515762711864404,0,1,Indiferente al precio,1101.1409470528947,Medio,253.4
803,2036.84,65,0.12516402476151745,0.48360655737704916,0.2691256830601093,2.782568306010929,31.336,0,4,Rutinario,998.8296888131316,Medio,363.64
804,3917.7400000000002,221,0.1784098281314535,0.5716999050332384,0.3765432098765432,1.860275403608737,17.727330316742083,0,2,Cazador de ofertas,2057.398455399369,Alto,1087.52
805,5565.47,304,0.17390152870486325,0.558202490525176,0.41959935029778017,3.01324851109908,18.307467105263157,1,3,Intensivo,2655.538711082618,Alto,1314.6399999999999
806,5875.35,124,0.11592155804521344,0.470653996646171,0.47680268306316376,3.2841531581889325,47.38185483870968,0,4,Rutinario,2976.151209287354,Alto,926.2599999999993
807,4014.02,122,0.18522945882930225,0.5929577464788732,0.27253521126760566,2.826774647887324,32.901803278688526,1,2,Cazador de ofertas,1968.403599471028,Alto,1045.7000000000025
808,2317.9,206,0.11284237882729338,0.43952095808383235,0.22395209580838324,2.775928143712575,11.251941747572817,0,1,Indiferente al precio,1258.8594242708514,Medio,361.07000000000085
809,619.75,57,0.15693046752503956,0.4878048780487805,0.49085365853658536,1.889481707317073,10.87280701754386,0,4,Rutinario,328.5975115240251,Bajo,165.12
810,540.1,37,0.0626822021158431,0.27450980392156865,0.1895424836601307,3.5300653594771245,14.597297297297297,0,1,Indiferente al precio,290.9582870818688,Bajo,44.540000000000006
811,680.23,39,0.1365842568510593,0.4577259475218659,0.43731778425655976,1.9831778425655977,17.441794871794873,0,4,Rutinario,351.81178440783015,Bajo,146.25
812,1165.27,93,0.13939293592584434,0.5348837209302325,0.11337209302325581,3.3874127906976743,12.529784946236559,0,4,Rutinario,577.9143294852302,Bajo,198.87
813,2065.1,33,0.10064824022404122,0.37966101694915255,0.22203389830508474,3.5001694915254236,62.57878787878788,0,0,Premium,985.6174893639902,Medio,248.84000000000026
814,773.76,23,0.12051044845850764,0.5211267605633803,0.2535211267605634,2.724507042253521,33.64173913043478,0,4,Rutinario,450.420631898858,Bajo,127.71
815,1802.37,47,0.1726606649236206,0.5605858854860186,0.3794940079893475,2.399960053262317,38.348297872340424,0,2,Cazador de ofertas,996.324755698539,Medio,455.43
816,3468.66,104,0.1121927420646587,0.4312080536912752,0.27348993288590606,2.90994966442953,33.3525,0,1,Indiferente al precio,1664.4524173763791,Medio,457.3800000000006
817,4801.85,147,0.1759085969459495,0.5926121372031662,0.27440633245382584,2.5339577836411613,32.6656462585034,0,2,Cazador de ofertas,2619.255637227787,Alto,1291.6599999999999
818,1724.59,52,0.10970997992108031,0.4306122448979592,0.27346938775510204,3.5195714285714286,33.16519230769231,0,1,Indiferente al precio,913.2505286218412,Medio,199.0399999999994
819,161.75,6,0.17300229355467064,0.4791666666666667,0.14583333333333334,3.3697916666666665,26.958333333333332,0,4,Rutinario,84.48330188760654,Bajo,29.490000000000002
820,4603.9800000000005,208,0.1459048378509877,0.48181238034460755,0.22910019144862795,2.9380855137204853,22.134519230769232,0,4,Rutinario,2372.8603244393244,Alto,708.3599999999999
821,464.56,17,0.06631244171122425,0.3333333333333333,0.2631578947368421,8.150175438596492,27.327058823529413,0,1,Indiferente al precio,263.63965294004004,Bajo,14.080000000000531
822,866.5600000000001,42,0.15969682572977983,0.5112781954887218,0.3258145363408521,2.171829573934837,20.632380952380952,0,4,Rutinario,451.3719213297797,Bajo,211.3800000000002
823,2590.15,117,0.0952069380013733,0.3545878693623639,0.3965785381026439,4.0282270606531885,22.13803418803419,0,4,Rutinario,1393.905946881516,Medio,308.26000000000073
824,1167.03,57,0.1456824322088847,0.44556451612903225,0.3548387096774194,2.352883064516129,20.47421052631579,0,4,Rutinario,640.7479590664786,Medio,287.81999999999925
825,11835.02,241,0.13564152283743403,0.49818181818181817,0.28264462809917357,3.912403305785124,49.107966804979256,1,0,Premium,6094.342870658023,Alto,1809.6799999999967
826,203.01,26,0.08386201131707849,0.3595505617977528,0.19101123595505617,2.2810112359550563,7.808076923076923,0,1,Indiferente al precio,99.1456683995577,Bajo,22.139999999999766
827,326.88,20,0.1593455424063326,0.5275590551181102,0.2125984251968504,2.5738582677165356,16.344,0,4,Rutinario,162.03412937834193,Bajo,59.930000000000824
828,1123.16,37,0.14755401464640822,0.49209932279909707,0.345372460496614,2.535349887133183,30.355675675675677,0,4,Rutinario,5.097923574724375,Bajo,216.67000000000007
829,1635.21,32,0.15848958670979424,0.5829596412556054,0.17937219730941703,2.444260089686099,51.1003125,0,0,Premium,878.4411393259293,Medio,366.0900000000001
830,1694.3,230,0.17766224109595344,0.685971685971686,0.296010296010296,2.1805662805662807,7.366521739130435,0,2,Cazador de ofertas,892.7867524798066,Medio,386.1
831,8831.35,165,0.1293269632481132,0.5023474178403756,0.1643192488262911,3.45514475743349,53.52333333333333,0,0,Premium,4577.662158410298,Alto,1383.65
832,479.24,14,0.07575802630560237,0.3560606060606061,0.30303030303030304,3.630606060606061,34.23142857142857,0,1,Indiferente al precio,263.31687202862804,Bajo,46.57
833,1975.56,34,0.17209500889842327,0.5705996131528046,0.40618955512572535,3.8211992263056094,58.10470588235294,0,2,Cazador de ofertas,927.6824560439792,Medio,597.0599999999997
834,946.28,28,0.1230079942367984,0.5443548387096774,0.1975806451612903,3.8156451612903224,33.79571428571428,0,4,Rutinario,418.3288866803296,Bajo,142.42000000000158
835,273.81,17,0.04348212868149868,0.22058823529411764,0.20588235294117646,4.026617647058823,16.106470588235293,0,1,Indiferente al precio,154.9150273075242,Bajo,16.02
836,1564.35,73,0.14177207384209012,0.5177570093457944,0.2822429906542056,2.9240186915887847,21.42945205479452,0,4,Rutinario,802.1723919004252,Medio,306.44000000000005
837,793.38,36,0.14783387233413123,0.5210084033613446,0.21008403361344538,3.333529411764706,22.038333333333334,0,4,Rutinario,447.48396466163337,Bajo,191.07
838,384.69,32,0.13620161806860406,0.45549738219895286,0.42408376963350786,2.014083769633508,12.0215625,0,4,Rutinario,201.593454513709,Bajo,59.83000000000006
839,846.7,10,0.08570090017934993,0.37065637065637064,0.14671814671814673,3.2691119691119694,84.67,0,0,Premium,430.1205169113259,Bajo,84.94
840,11944.57,212,0.09211404169495427,0.3663268661624466,0.23018743834265046,3.927842814863532,56.34231132075472,1,0,Premium,6199.989075439472,Alto,1254.4899999999996
841,2550.37,157,0.13729526006858264,0.4649006622516556,0.2860927152317881,3.3779735099337747,16.2443949044586,0,4,Rutinario,1328.4548949349094,Medio,520.4299999999985
842,7527.27,503,0.1569729284689857,0.7164343360234776,0.4512105649303008,2.761287600880411,14.96475149105368,0,3,Intensivo,4160.546028480912,Alto,1439.799999999998
843,2619.23,74,0.1210834242121889,0.48322147651006714,0.3434004474272931,2.929787472035794,35.395,0,4,Rutinario,1262.193463544689,Medio,435.94999999999993
844,5399.64,141,0.09867788995045261,0.36522911051212936,0.18867924528301888,3.638571428571429,38.29531914893617,0,1,Indiferente al precio,2859.0365936989606,Alto,573.7300000000002
845,5097.28,117,0.12344221289492975,0.4765625,0.16887019230769232,3.0632692307692304,43.566495726495724,1,0,Premium,2666.191287985807,Alto,760.619999999999
846,1120.9,34,0.11754950783729064,0.49866666666666665,0.21333333333333335,2.989066666666667,32.96764705882353,0,4,Rutinario,605.9257300643714,Bajo,173.26
847,1463.32,53,0.11316647143917109,0.45727482678983833,0.21709006928406466,3.379491916859122,27.609811320754716,0,1,Indiferente al precio,825.7130640918826,Medio,143.84000000000316
848,2684.13,29,0.11457792544569428,0.47729918509895225,0.15948777648428406,3.1247147846332948,92.55620689655173,0,0,Premium,1501.719012045371,Medio,409.38
849,4599.52,62,0.08829147349779497,0.3584905660377358,0.23942745608327912,2.9925309043591413,74.1858064516129,0,0,Premium,2461.653271200659,Alto,490.70000000000005
850,1252.91,97,0.14594166203295486,0.45794392523364486,0.4616822429906542,2.3418878504672898,12.916597938144331,0,4,Rutinario,628.7969239784051,Bajo,221.81000000000003
851,166.78,21,0.14453342646493475,0.42592592592592593,0.35185185185185186,3.0885185185185184,7.941904761904762,0,4,Rutinario,87.20971217141873,Bajo,34.080000000000005
852,1943.73,94,0.0870823565417167,0.34,0.2676923076923077,2.9903538461538464,20.677978723404255,0,1,Indiferente al precio,1049.580035189878,Medio,203.72000000000003
853,13497.29,516,0.0531729895704375,0.254278728606357,0.15077424612876936,5.5001181744091285,26.157538759689924,0,3,Intensivo,6932.937894353769,Alto,533.7700000000057
854,551.87,36,0.12687566676306294,0.4911504424778761,0.39823008849557523,2.4419026548672567,15.329722222222223,0,4,Rutinario,312.8403649773527,Bajo,90.27000000000001
855,5617.79,209,0.14100642280340275,0.6101903007980356,0.2265193370165746,3.448612645794966,26.879377990430623,0,4,Rutinario,3108.68873007328,Alto,1166.44
856,5080.04,182,0.1654180487028711,0.5826086956521739,0.34492753623188405,2.944950724637681,27.912307692307692,0,2,Cazador de ofertas,2759.8231686900917,Alto,1219.1699999999996
857,4040.81,43,0.09685751331702964,0.41655076495132126,0.15855354659248957,2.810020862308762,93.97232558139535,0,0,Premium,2254.3675844564336,Alto,542.2700000000001
858,594.23,42,0.11840978406514925,0.4444444444444444,0.21794871794871795,2.5394444444444444,14.148333333333333,0,1,Indiferente al precio,300.17228153079645,Bajo,83.49000000000001
859,7074.2,194,0.11369524222064524,0.4506736201651456,0.24989135158626685,3.0744024337244675,36.464948453608244,0,1,Indiferente al precio,3696.972798676788,Alto,998.3900000000045
860,261.06,52,0.14357885678158058,0.5401459854014599,0.3357664233576642,1.9055474452554744,5.020384615384615,0,4,Rutinario,129.7822991679106,Bajo,54.78000000000001
861,1382.53,34,0.07978561715476355,0.31362467866323906,0.18508997429305912,3.554061696658098,40.66264705882353,0,1,Indiferente al precio,709.6416689165429,Medio,132.86
862,1753.9,71,0.12617460062226732,0.46987951807228917,0.4367469879518072,2.6414156626506027,24.70281690140845,0,4,Rutinario,856.4341667536016,Medio,301.96000000000004
863,2183.53,145,0.13152118639250848,0.5007949125596184,0.3195548489666137,3.4714308426073135,15.058827586206897,0,4,Rutinario,1070.551876714315,Medio,311.64000000000027
864,7892.97,109,0.12248568354242716,0.4718973972086005,0.44172010562052055,2.9773557148245944,72.41256880733945,1,0,Premium,3787.564651533461,Alto,1284.77
865,1887.73,35,0.1561124696997658,0.5777777777777777,0.24444444444444444,4.661061728395062,53.93514285714286,0,0,Premium,1005.8064150843916,Medio,440.4300000000005
866,5519.35,135,0.1466844104730999,0.4909620991253644,0.49504373177842564,3.2182798833819244,40.88407407407408,0,4,Rutinario,2712.820613689785,Alto,1287.309999999999
867,6088.84,181,0.11635373196529054,0.4492753623188406,0.4017391304347826,3.52976231884058,33.64,1,4,Rutinario,2993.379837115606,Alto,798.9899999999986
868,6836.65,162,0.11656423012282738,0.4424832623250152,0.22215459525258674,4.161077297626293,42.20154320987654,0,1,Indiferente al precio,3700.178608549398,Alto,864.0499999999979
869,1428.67,130,0.1255693408494187,0.4225092250922509,0.41697416974169743,2.635922509225092,10.989769230769232,0,4,Rutinario,738.5457554336217,Medio,239.16000000000003
870,241.41,12,0.1347959910992057,0.5111111111111111,0.13333333333333333,2.6823333333333332,20.1175,0,1,Indiferente al precio,32.20853016917884,Bajo,35.85000000000001
871,10435.960000000001,132,0.09878024000661201,0.4021479713603819,0.22195704057279236,4.151137629276055,79.06030303030303,0,0,Premium,5682.834853519138,Alto,1254.3499999999997
872,172.07,9,0.0934930864478478,0.2708333333333333,0.3125,3.5847916666666664,19.11888888888889,0,1,Indiferente al precio,110.94245206476272,Bajo,17.160000000000004
873,2938.15,113,0.18392576658318893,0.5541666666666667,0.5883333333333334,2.4484583333333334,26.00132743362832,0,2,Cazador de ofertas,1561.4349873635815,Medio,845.8899999999965
874,222.22,5,0.10511196147222678,0.3392857142857143,0.14285714285714285,3.9682142857142857,44.444,0,1,Indiferente al precio,100.89922309529302,Bajo,30.15
875,1473.27,68,0.16690473616905485,0.5746388443017657,0.4590690208667737,2.3647993579454254,21.665735294117646,0,2,Cazador de ofertas,735.9371837534395,Medio,376.11000000000007
876,5899.04,200,0.12166310004192729,0.480628860190904,0.3183604716451432,3.312206625491297,29.4952,0,4,Rutinario,3252.7135721978207,Alto,877.4099999999996
877,3355.07,62,0.10507378280314313,0.42771084337349397,0.15261044176706828,3.3685441767068274,54.11403225806452,1,0,Premium,1794.0767959433845,Alto,435.85000000000076
878,5980.71,181,0.16954334955832684,0.538860103626943,0.35552012754085294,2.3837026703866084,33.04259668508287,1,2,Cazador de ofertas,3205.133519988038,Alto,1533.3699999999994
879,2448.6,96,0.13567167089591275,0.514637904468413,0.3189522342064715,3.772881355932203,25.506249999999998,0,4,Rutinario,1287.2862488838252,Medio,425.2899999999995
880,197.39,12,0.16584818826713169,0.5529411764705883,0.29411764705882354,2.3222352941176467,16.449166666666667,0,2,Cazador de ofertas,120.4006039795053,Bajo,44.2
881,4295.11,139,0.14444443669669635,0.5125448028673835,0.510752688172043,1.9243324372759856,30.90007194244604,0,4,Rutinario,2300.3761374779574,Alto,928.35
882,4609.8,236,0.15819410191056793,0.5561978163134232,0.3018625561978163,2.960693641618497,19.533050847457627,0,4,Rutinario,2463.030274584882,Alto,913.2599999999995
883,10165.13,352,0.10396828775544936,0.5489543726235742,0.2994296577946768,4.831335551330798,28.878210227272724,1,3,Intensivo,5029.989108285127,Alto,1223.7399999999977
884,674.35,70,0.12673867280975784,0.5680933852140078,0.3968871595330739,2.623929961089494,9.633571428571429,0,4,Rutinario,322.1378675942876,Bajo,73.49000000000001
885,2602.8,87,0.12980250788679779,0.48261474269819193,0.30737134909596664,3.620027816411683,29.917241379310347,0,4,Rutinario,1357.7887451149954,Medio,500.5699999999992
886,4890.11,198,0.13517806044579944,0.4929444967074318,0.35371589840075257,4.600291627469426,24.69752525252525,0,4,Rutinario,2336.003353254948,Alto,640.7700000000009
887,1133.71,48,0.13297108877068728,0.45661157024793386,0.3285123966942149,2.3423760330578514,23.618958333333335,0,4,Rutinario,432.6390031273477,Bajo,240.32
888,8689.01,79,0.10760623635463515,0.5512781028641823,0.29411764705882354,2.6760117031105635,109.98746835443038,1,0,Premium,4105.910719468328,Alto,1302.33
889,12983.01,214,0.13062245264592162,0.5057443752991863,0.24485399712781236,3.10747008137865,60.66827102803738,1,0,Premium,6425.966925621181,Alto,1778.6800000000035
890,1068.91,31,0.17334163816723216,0.5361111111111111,0.37777777777777777,2.9691944444444447,34.48096774193549,0,2,Cazador de ofertas,555.7700416925286,Bajo,314.4100000000009
891,7035.21,112,0.13549923609237,0.45502431118314424,0.21353322528363047,2.85057131280389,62.814375,0,0,Premium,3689.216421119303,Alto,1461.2000000000003
892,443.31,22,0.2121151084192264,0.7376237623762376,0.3217821782178218,2.1946039603960394,20.150454545454547,0,2,Cazador de ofertas,228.87043463930357,Bajo,132.12
893,4729.01,111,0.09850543246020244,0.43517241379310345,0.19448275862068964,3.261386206896552,42.60369369369369,0,1,Indiferente al precio,2324.7776123326976,Alto,555.8500000000005
894,1095.29,31,0.10905894248949245,0.41899441340782123,0.1871508379888268,3.0594692737430167,35.331935483870964,0,1,Indiferente al precio,563.7023996050924,Bajo,162.2
895,8700.15,210,0.10209488171213343,0.44268558951965065,0.18722707423580787,4.748990174672489,41.42928571428571,1,1,Indiferente al precio,4191.02969384554,Alto,873.9700000000048
896,5274.46,112,0.20923562365962084,0.6929911154985192,0.31638696939782823,2.6033859822309973,47.09339285714286,1,2,Cazador de ofertas,2631.5415143117807,Alto,1472.2400000000011
897,840.23,62,0.11291042261084243,0.3896551724137931,0.3620689655172414,2.897344827586207,13.552096774193549,0,4,Rutinario,445.7608932046735,Bajo,97.85000000000001
898,8355.23,314,0.1186424832788498,0.4338016177096637,0.26947637292464877,3.5569306087696893,26.6090127388535,0,3,Intensivo,4593.03687086879,Alto,1139.229999999999
899,315.15,12,0.07243203381756881,0.2987012987012987,0.14285714285714285,4.0928571428571425,26.2625,0,1,Indiferente al precio,134.32844831081132,Bajo,57.37000000000001
900,16450.53,1223,0.08727612971810071,0.524173655648742,0.3453379378391712,4.057851504686729,13.45096484055601,0,3,Intensivo,8404.58813419378,Alto,1449.0200000000018
901,2766.7,76,0.13726400381822423,0.5210843373493976,0.32228915662650603,2.7778112449799197,36.40394736842105,0,4,Rutinario,1539.4998336188414,Medio,535.3699999999999
902,135.23000000000002,10,0.0810323944029493,0.32142857142857145,0.07142857142857142,4.829642857142858,13.523000000000001,0,1,Indiferente al precio,71.76242678395084,Bajo,5.32
903,2949.56,72,0.11811864174787082,0.418086500655308,0.2162516382699869,3.865740498034076,40.96611111111111,0,1,Indiferente al precio,1533.6580182647183,Medio,387.56000000000006
904,890.25,31,0.12299070641395088,0.47766323024054985,0.3436426116838488,3.0592783505154637,28.717741935483872,0,4,Rutinario,446.5024901980988,Bajo,131.86000000000024
905,851.9300000000001,31,0.11479370955316116,0.4311111111111111,0.24444444444444444,3.7863555555555557,27.48161290322581,0,1,Indiferente al precio,382.5716807834314,Bajo,98.09000000000032
906,7048.71,382,0.1494803881766902,0.5384092454112849,0.3745751189666893,4.7917811012916385,18.452120418848168,1,3,Intensivo,3545.5306477432378,Alto,1373.640000000002
907,1953.06,92,0.15907831493741273,0.5089743589743589,0.391025641025641,2.5039230769230767,21.22891304347826,0,4,Rutinario,928.959098766084,Medio,478.94000000000005
908,6097.47,199,0.13273535599082034,0.47230320699708456,0.34052478134110786,3.555376093294461,30.640552763819098,1,4,Rutinario,3250.093720459522,Alto,1549.5299999999995
909,12414.56,706,0.13891339067588868,0.585632183908046,0.2353448275862069,3.5674022988505745,17.584362606232293,1,3,Intensivo,6418.413725901399,Alto,1988.5100000000004
910,1158.1100000000001,34,0.12782140412635565,0.4562841530054645,0.2103825136612022,3.164234972677596,34.06205882352941,0,1,Indiferente al precio,602.7944805106716,Bajo,158.94999999999973
911,3696.76,75,0.08710587342944502,0.3352941176470588,0.275,2.718205882352941,49.29013333333334,1,1,Indiferente al precio,1981.8558992039968,Alto,435.02999999999963
912,1164.11,20,0.11890234156716592,0.4190751445086705,0.21965317919075145,3.364479768786127,58.205499999999994,0,0,Premium,638.870772803328,Medio,187.99000000000007
913,1830.63,69,0.12430169375034587,0.4838709677419355,0.25996204933586337,3.4736812144212528,26.530869565217394,0,4,Rutinario,868.7421814020187,Medio,281.93999999999767
914,1834.08,60,0.08613934223428363,0.35406698564593303,0.16507177033492823,4.387751196172249,30.567999999999998,0,1,Indiferente al precio,983.2028001465076,Medio,167.73000000000002
915,970.11,119,0.06898473200856396,0.2729044834307992,0.6569200779727096,1.8910526315789473,8.15218487394958,0,4,Rutinario,506.7934517965177,Bajo,82.66
916,3764.6,206,0.12493964623374136,0.45570630486831604,0.34397446129289705,3.0044692737430165,18.2747572815534,0,4,Rutinario,2035.590882131984,Alto,602.5399999999998
917,488.48,43,0.1665149407244461,0.5611111111111111,0.21666666666666667,2.713777777777778,11.360000000000001,0,2,Cazador de ofertas,218.78959960267616,Bajo,114.21000000000001
918,3135.38,152,0.11258176293992186,0.5516062884483938,0.31237183868762813,2.143116883116883,20.6275,0,4,Rutinario,0.2888159939977153,Bajo,510.30999999999995
919,1469.45,133,0.10910958680041898,0.39919354838709675,0.31451612903225806,1.9750672043010753,11.048496240601503,0,4,Rutinario,826.5176553411859,Medio,215.06999999999994
920,5887.36,238,0.14775617397847493,0.5155243116578794,0.46865846514352666,3.4489513766842412,24.736806722689074,1,4,Rutinario,2966.235298659519,Alto,1062.56
921,101.3,8,0.15352437716688452,0.4166666666666667,0.5833333333333334,2.8138888888888887,12.6625,0,4,Rutinario,59.70768530501801,Bajo,20.87
922,3336.9900000000002,149,0.09760945130776974,0.3974630021141649,0.18921775898520085,3.5274735729386895,22.395906040268457,0,1,Indiferente al precio,1606.971357017925,Medio,341.689999999998
923,3305.54,161,0.16046703875616314,0.5424836601307189,0.30196078431372547,4.320967320261438,20.531304347826087,0,4,Rutinario,1669.1347904708186,Medio,617.3500000000057
924,2336.18,95,0.10945237003710363,0.4442970822281167,0.26657824933687,3.098381962864721,24.59136842105263,0,1,Indiferente al precio,1095.1737179853285,Medio,285.52000000000004
925,485.24,79,0.11485041288843818,0.42677824267782427,0.3263598326359833,2.030292887029289,6.142278481012658,0,4,Rutinario,221.8135029386345,Bajo,71.1
926,7274.1,239,0.1137202976827379,0.43893333333333334,0.248,3.8795200000000003,30.435564853556485,0,1,Indiferente al precio,3438.165199713642,Alto,976.6500000000011
927,1530.88,46,0.18601128893832308,0.5342465753424658,0.25244618395303325,2.995851272015656,33.28,0,2,Cazador de ofertas,767.8905529584661,Medio,469.05
928,3571.7,137,0.1235970058742264,0.5543293718166383,0.30390492359932086,3.0320033955857384,26.07080291970803,0,4,Rutinario,1838.4566633577317,Alto,527.6500000000007
929,5342.55,244,0.15707825823259083,0.5412008281573499,0.2819875776397516,2.2122360248447204,21.895696721311477,1,4,Rutinario,2798.2430238669067,Alto,1145.5799999999972
930,966.88,43,0.2190985479634323,0.6240601503759399,0.07518796992481203,7.269774436090225,22.485581395348838,0,2,Cazador de ofertas,500.5595919067415,Bajo,462.49
931,4967.07,42,0.1530209319786101,0.5828343313373253,0.2222222222222222,3.304770459081836,118.26357142857142,1,0,Premium,2632.7778088323143,Alto,1031.46
932,5845.96,158,0.10565566771719755,0.42014076881429346,0.2122360584731998,3.165110990795885,36.99974683544304,0,1,Indiferente al precio,2776.6051328090484,Alto,824.0500000000002
933,2175.19,77,0.16099185914491848,0.5265251989389921,0.3421750663129973,2.8848673740053052,28.24922077922078,0,4,Rutinario,1106.2569257999785,Medio,438.5700000000014
934,10709.38,233,0.18606841669760213,0.5961498654522873,0.38956737735458496,2.216803974332436,45.96300429184549,1,2,Cazador de ofertas,5291.2589836864045,Alto,3351.450000000001
935,1564.67,57,0.09904054928897178,0.3669064748201439,0.34532374100719426,3.7522062350119905,27.450350877192985,0,1,Indiferente al precio,787.2867581999303,Medio,124.02999999999827
936,7089.49,498,0.1506211447259027,0.7097197898423818,0.3380035026269702,3.1039798598949213,14.235923694779116,1,3,Intensivo,3663.006990298211,Alto,1491.0800000000008
937,1669.89,68,0.12816330111517288,0.485006518904824,0.5189048239895697,2.1771707953063886,24.557205882352942,0,4,Rutinario,879.2090845684144,Medio,347.24999999999955
938,1647.3600000000001,26,0.1164351061066764,0.43912175648702595,0.14570858283433133,3.2881437125748505,63.36000000000001,0,0,Premium,848.2488268356028,Medio,252.85999999999962
939,5254.66,153,0.15426241552387462,0.4965217391304348,0.4821739130434783,2.2846347826086957,34.34418300653595,0,4,Rutinario,2801.465587257197,Alto,1335.1799999999996
940,1261.6200000000001,65,0.12464563518426303,0.5076335877862596,0.4751908396946565,2.407671755725191,19.409538461538464,0,4,Rutinario,670.9977641577846,Medio,201.67000000000002
941,2206.06,122,0.11114579749241937,0.43808049535603716,0.14396284829721362,3.414953560371517,18.082459016393443,0,1,Indiferente al precio,1174.2052575634757,Medio,271.81999999999977
942,5890.14,215,0.11100741582160614,0.40835266821345706,0.41809744779582364,2.7332436194895595,27.396,0,4,Rutinario,2054.581912258581,Alto,768.3299999999988
943,3434.14,144,0.15210770854763375,0.5067328136073707,0.46562721474131824,2.433834160170092,23.848194444444445,0,4,Rutinario,1711.831621271819,Alto,677.3099999999997
944,2859.76,103,0.10711963676802239,0.3890625,0.2609375,4.468375,27.76466019417476,0,1,Indiferente al precio,1465.374562813505,Medio,360.4399999999969
945,1926.03,50,0.11154994524896995,0.44020797227036396,0.23743500866551126,3.3380069324090123,38.5206,0,1,Indiferente al precio,981.4178757940296,Medio,320.7700000000001
946,2530.45,136,0.14409688118561323,0.49581939799331104,0.29180602006688966,2.115760869565217,18.60625,0,4,Rutinario,1229.8963139273192,Medio,536.0500000000001
947,2305.51,221,0.10573547753373819,0.3558413719185423,0.16184351554126475,2.4710718113612007,10.43217194570136,1,1,Indiferente al precio,1094.920973795983,Medio,302.8000000000002
948,304.85,4,0.19098428336117781,0.6261682242990654,0.14953271028037382,2.849065420560748,76.2125,0,0,Premium,22.471267862312786,Bajo,74.48
949,5799.97,133,0.1288314692814235,0.49034552845528456,0.3008130081300813,2.9471392276422765,43.6087969924812,1,4,Rutinario,3230.2212472755023,Alto,818.3100000000063
950,2027.0,58,0.1344326994185877,0.4743935309973046,0.33962264150943394,2.7318059299191373,34.94827586206897,0,4,Rutinario,470.6387182970671,Bajo,332.37000000000023
951,690.22,18,0.11057101499244545,0.43243243243243246,0.25405405405405407,3.730918918918919,38.345555555555556,0,1,Indiferente al precio,310.70327906572106,Bajo,77.77999999999815
952,2201.47,111,0.12896953809637746,0.5011337868480725,0.4036281179138322,2.4959977324263036,19.83306306306306,0,4,Rutinario,1180.604724990559,Medio,340.2100000000001
953,2513.39,114,0.14872594246462925,0.5264270613107822,0.3879492600422833,2.656860465116279,22.047280701754385,0,4,Rutinario,1195.216446910891,Medio,530.5399999999997
954,2537.43,53,0.22942221705815327,0.6737373737373737,0.3424242424242424,2.563060606060606,47.87603773584905,1,2,Cazador de ofertas,1304.8900075094764,Medio,866.24
955,4053.69,273,0.12678064688086793,0.4527363184079602,0.24378109452736318,2.240845771144279,14.848681318681319,0,3,Intensivo,2073.1724035245243,Alto,677.4999999999999
956,10231.93,620,0.09840841724329327,0.3861188671719186,0.30075787794176306,4.081344236138811,16.50311290322581,1,3,Intensivo,5152.716347127198,Alto,1148.8900000000046
957,3754.9,571,0.13837195697081758,0.4573170731707317,0.2621951219512195,2.543970189701897,6.576007005253941,0,3,Intensivo,1839.3185171614184,Alto,692.4999999999995
958,313.37,11,0.18831485493444766,0.5188679245283019,0.1320754716981132,2.956320754716981,28.48818181818182,0,2,Cazador de ofertas,144.83736828312422,Bajo,52.49
959,1074.69,57,0.09656114287119463,0.3865814696485623,0.38977635782747605,3.4335143769968055,18.85421052631579,0,4,Rutinario,587.4198025383083,Bajo,121.10000000000022
960,2447.4900000000002,106,0.09310991053012146,0.3548922056384743,0.20066334991708126,4.058855721393035,23.089528301886794,0,1,Indiferente al precio,1207.2387706420834,Medio,217.9600000000001
961,3956.27,72,0.08509026067274167,0.3546462063086104,0.15004262574595056,3.372779198635976,54.94819444444445,0,1,Indiferente al precio,2169.930096829888,Alto,336.46000000000004
962,1530.44,52,0.1948741478507755,0.6452119309262166,0.28414442700156983,2.402574568288854,29.431538461538462,0,2,Cazador de ofertas,835.1638155415275,Medio,496.84999999999997
963,2036.66,43,0.10747716494561364,0.39384615384615385,0.23076923076923078,3.133323076923077,47.36418604651163,0,1,Indiferente al precio,571.8439270036728,Bajo,258.3900000000021
964,2044.8500000000001,88,0.1249471965097602,0.44654088050314467,0.28050314465408804,2.5721383647798746,23.23693181818182,0,4,Rutinario,1127.691024097168,Medio,332.2299999999999
965,1764.07,52,0.1642812729192994,0.5051020408163265,0.33843537414965985,3.0001190476190476,33.92442307692308,0,4,Rutinario,846.1593912870946,Medio,400.47
966,202.06,16,0.06374243201979823,0.22,0.18,4.0412,12.62875,0,1,Indiferente al precio,114.63183691860657,Bajo,31.299999999999997
967,299.38,10,0.11883750928956184,0.49137931034482757,0.5,2.580862068965517,29.938,0,4,Rutinario,159.562555560662,Bajo,69.56000000000002
968,9805.11,167,0.14847289965912946,0.5399888143176734,0.4451901565995526,2.7419211409395974,58.71323353293413,1,4,Rutinario,4817.649662125838,Alto,2059.45
969,311.59000000000003,8,0.15465764500138984,0.5426356589147286,0.4108527131782946,2.4154263565891476,38.948750000000004,0,4,Rutinario,166.0390783812793,Bajo,50.290000000000006
970,691.45,15,0.15108853190461777,0.5618556701030928,0.20103092783505155,3.564175257731959,46.09666666666667,0,0,Premium,396.53406852052495,Bajo,109.69999999999956
971,3676.15,125,0.11038775942948466,0.44501845018450187,0.33431734317343176,2.7130258302583026,29.409200000000002,0,4,Rutinario,1860.0660309773905,Alto,461.71000000000026
972,4219.18,197,0.10921789625247073,0.43661971830985913,0.15571205007824726,3.301392801251956,21.417157360406094,1,1,Indiferente al precio,2245.0768961595068,Alto,513.460000000001
973,13486.32,84,0.09902512756498626,0.40643356643356643,0.11916083916083917,3.772397202797203,160.55142857142857,0,0,Premium,7318.591171817666,Alto,1538.8600000000024
974,1993.06,43,0.13507347582922744,0.4863123993558776,0.20450885668276972,3.209436392914654,46.35023255813953,0,0,Premium,1062.900126901205,Medio,328.0600000000006
975,4769.31,182,0.10603249145718878,0.42418930762489043,0.1656441717791411,4.179938650306749,26.205000000000002,0,1,Indiferente al precio,2625.237832041659,Alto,473.12999999999926
976,6190.51,82,0.09627004110193382,0.3801201529219006,0.1791370835608957,3.380944838885855,75.49402439024391,0,0,Premium,3222.145682209909,Alto,625.6199999999988
977,1036.52,33,0.15356131151063526,0.5364705882352941,0.3341176470588235,2.438870588235294,31.40969696969697,0,4,Rutinario,561.0886611890526,Bajo,215.67000000000002
978,3014.35,71,0.10795832022299072,0.42887249736564803,0.17702845100105374,3.1763435194942042,42.4556338028169,0,1,Indiferente al precio,1593.702036561221,Medio,405.86
979,12854.66,200,0.155964580818206,0.5588501584427342,0.12064282480760526,2.909610683567225,64.2733,1,0,Premium,6246.098757394386,Alto,2801.4300000000007
980,1330.22,29,0.11620598113051153,0.43455497382198954,0.41361256544502617,3.4822513089005236,45.86965517241379,0,4,Rutinario,710.3497673853952,Medio,268.3099999999997
981,1394.1100000000001,36,0.12195753519941831,0.4868421052631579,0.18157894736842106,3.66871052631579,38.725277777777784,0,1,Indiferente al precio,731.7409137760072,Medio,232.52
982,18790.34,410,0.11323458777089819,0.40971617621452205,0.2632770329096291,3.2718683614835453,45.83009756097561,1,3,Intensivo,9674.117345204715,Alto,2368.0399999999972
983,3807.15,195,0.1530012950605141,0.5345268542199488,0.3375959079283887,2.434239130434783,19.523846153846154,1,4,Rutinario,1955.3646420344285,Alto,818.96
984,1219.71,32,0.21205829801822632,0.6786570743405276,0.3980815347721823,2.9249640287769787,38.1159375,0,2,Cazador de ofertas,650.0590550917608,Medio,423.22
985,2057.47,110,0.18336721478322066,0.6039603960396039,0.3069306930693069,2.5463737623762372,18.704272727272727,0,2,Cazador de ofertas,977.5421359439856,Medio,517.4000000000003
986,1827.8700000000001,90,0.1576170573532013,0.5529953917050692,0.3486943164362519,2.80778801843318,20.30966666666667,0,4,Rutinario,904.3412742827468,Medio,431.24
987,2334.53,75,0.12360840712304808,0.4657534246575342,0.30547945205479454,3.1979863013698635,31.127066666666668,0,4,Rutinario,1139.987524327925,Medio,451.63000000000005
988,6109.18,196,0.18916665572277638,0.594774874930517,0.42857142857142855,3.395875486381323,31.169285714285717,1,2,Cazador de ofertas,2797.7427607667287,Alto,1635.5199999999995
989,4663.38,174,0.13590718688029377,0.4734848484848485,0.30303030303030304,2.9440530303030306,26.80103448275862,0,4,Rutinario,2341.6714755415856,Alto,950.3100000000006
990,247.12,16,0.1534001526925211,0.5,0.2833333333333333,4.118666666666667,15.445,0,4,Rutinario,132.05608213144797,Bajo,25.329999999999828
991,1419.8799999999999,31,0.05857480721747916,0.24705882352941178,0.17647058823529413,16.704470588235292,45.802580645161285,0,1,Indiferente al precio,742.1906626046817,Medio,39.92000000000076
992,823.35,102,0.09052172625302839,0.40086206896551724,0.1810344827586207,3.5489224137931035,8.072058823529412,0,1,Indiferente al precio,429.389933676849,Bajo,57.67000000000047
993,3064.87,123,0.14001928287187768,0.507533703409992,0.20301348136399683,2.43050753370341,24.917642276422765,1,4,Rutinario,1656.4595258918723,Medio,611.1499999999994
994,581.45,21,0.10932321060101435,0.39732142857142855,0.4642857142857143,2.5957589285714286,27.68809523809524,0,4,Rutinario,296.31722363278715,Bajo,104.09
995,1217.16,21,0.12451188857628903,0.4637305699481865,0.15284974093264247,3.1532642487046636,57.96,0,0,Premium,669.3814289154504,Medio,183.15
996,2220.85,139,0.15817355580059056,0.535483870967742,0.410752688172043,2.3880107526881718,15.977338129496403,0,4,Rutinario,1066.7887262727286,Medio,465.09000000000026
997,4646.81,92,0.07981593590014785,0.36345514950166113,0.4604651162790698,3.0875813953488374,50.50880434782609,0,4,Rutinario,2294.736051400986,Alto,445.15999999999826
998,8305.39,250,0.16557237509920353,0.564326375711575,0.26261859582542696,3.151950664136622,33.22156,1,2,Cazador de ofertas,4483.908022763111,Alto,1909.6900000000005
999,2154.25,57,0.12303968446762632,0.494579945799458,0.3021680216802168,2.919037940379404,37.79385964912281,0,4,Rutinario,1042.6718653364271,Medio,405.4000000000001
1000,4150.76,138,0.1015979070178182,0.3810782241014799,0.4143763213530655,2.19384778012685,30.077971014492753,1,4,Rutinario,2090.047415946731,Alto,544.1500000000009
1001,4082.0,90,0.10384550543858269,0.4208015267175573,0.20706106870229007,3.895038167938931,45.355555555555554,0,1,Indiferente al precio,1966.0580556674388,Alto,462.55000000000007
1002,973.9300000000001,30,0.13509983759978364,0.4648910411622276,0.2033898305084746,2.3581840193704604,32.464333333333336,0,1,Indiferente al precio,520.2113841273799,Bajo,174.25
1003,2588.73,63,0.1618858168049763,0.5280199252801993,0.3960149439601494,3.2238231631382317,41.09095238095238,0,2,Cazador de ofertas,1259.722960361157,Medio,590.98
1004,3708.7200000000003,253,0.12242890135791912,0.4755077658303465,0.27837514934289126,4.4309677419354845,14.65897233201581,0,4,Rutinario,1962.102713351725,Alto,434.8099999999996
1005,2470.09,179,0.15388175021471853,0.5322338830584707,0.5794602698650675,1.85164167916042,13.799385474860337,1,4,Rutinario,1367.7059718530095,Medio,612.73
1006,161.48,11,0.21698527189471872,0.6666666666666666,0.1875,3.3641666666666663,14.68,0,2,Cazador de ofertas,84.32945885397793,Bajo,64.27000000000035
1007,1368.97,122,0.17773032376604936,0.53737658674189,0.46685472496473907,1.9308462623413258,11.221065573770492,0,2,Cazador de ofertas,710.4529442545096,Medio,298.8399999999995
1008,511.12,40,0.1380015176168644,0.45614035087719296,0.41228070175438597,4.4835087719298246,12.778,0,4,Rutinario,278.8016268879654,Bajo,38.1199999999983
1009,125.52,23,0.11697485314483533,0.3076923076923077,0.4230769230769231,1.6092307692307692,5.4573913043478255,0,4,Rutinario,65.03724084116944,Bajo,21.280000000000005
1010,2486.39,91,0.13986961347074922,0.4861612515042118,0.3898916967509025,2.9920457280385078,27.322967032967032,0,4,Rutinario,1336.2907719358404,Medio,290.77000000000066
1011,3495.2,140,0.09791811715007365,0.37927565392354123,0.1881287726358149,3.5162977867203216,24.965714285714284,1,1,Indiferente al precio,1748.7880072353696,Alto,385.3499999999931
1012,2342.51,120,0.13110834640512098,0.4751131221719457,0.2816742081447964,2.649898190045249,19.52091666666667,1,4,Rutinario,1144.85391774138,Medio,403.8100000000011
1013,947.03,35,0.13312524425963473,0.4925373134328358,0.23880597014925373,2.826955223880597,27.058,0,4,Rutinario,457.8609243278288,Bajo,183.2200000000001
1014,4199.76,160,0.121213781252211,0.421875,0.3972355769230769,2.5238942307692307,26.2485,0,4,Rutinario,2163.1592501263085,Alto,644.410000000001
1015,3807.72,107,0.12569869249386761,0.44730392156862747,0.5631127450980392,2.333161764705882,35.586168224299065,1,4,Rutinario,1905.0422346980013,Alto,731.8400000000008
1016,3089.84,40,0.09172956916632682,0.41450777202072536,0.19170984455958548,4.002383419689119,77.24600000000001,0,0,Premium,1471.5201217751414,Medio,311.3599999999985
1017,3436.26,62,0.12418771436751717,0.46574344023323616,0.16107871720116618,2.5045626822157434,55.42354838709678,1,0,Premium,1686.6277452858455,Alto,566.09
1018,2138.59,166,0.11117876829259615,0.4472361809045226,0.23953098827470687,3.5822278056951427,12.883072289156628,0,1,Indiferente al precio,1052.9079648291608,Medio,299.54000000000076
1019,1553.56,53,0.11733038283645082,0.42950108459869846,0.2559652928416486,3.36997830802603,29.31245283018868,0,1,Indiferente al precio,738.0579397415897,Medio,260.08
1020,9561.460000000001,171,0.1177514966440506,0.47049878345498786,0.25517031630170317,2.9079866180048666,55.91497076023392,1,0,Premium,5034.982179405352,Alto,1414.3899999999999
1021,2086.12,99,0.10284931304377819,0.39571428571428574,0.30428571428571427,2.9801714285714285,21.07191919191919,0,1,Indiferente al precio,1092.2136506118543,Medio,261.68000000000006
1022,263.27,36,0.14174354681179502,0.4609375,0.3125,2.056796875,7.313055555555555,0,4,Rutinario,96.18002105879566,Bajo,58.099999999999994
1023,38319.79,601,0.0645876285082049,0.29244851258581234,0.11258581235697941,8.76883066361556,63.76004991680533,0,3,Intensivo,21076.871076084117,Alto,2116.319999999989
1024,9448.75,144,0.1511569424308086,0.5336617405582923,0.2947454844006568,3.878797208538588,65.61631944444444,1,0,Premium,4880.9181557452175,Alto,2029.16
1025,3552.13,81,0.1363508251316987,0.49267935578330896,0.3308931185944363,2.600387994143485,43.85345679012346,0,4,Rutinario,1734.986275246124,Alto,744.19
1026,412.54,26,0.2082586217301331,0.6556603773584906,0.4386792452830189,1.9459433962264152,15.866923076923078,0,2,Cazador de ofertas,2.619723772432843,Bajo,128.84000000000003
1027,1064.99,40,0.10882253013983866,0.4,0.26176470588235295,3.1323235294117646,26.62475,0,1,Indiferente al precio,555.3147712186212,Bajo,202.51000000000002
1028,121.91,12,0.08726033584954046,0.2857142857142857,0.08571428571428572,1.7415714285714285,10.159166666666666,0,1,Indiferente al precio,62.097717625954346,Bajo,15.1
1029,13785.55,276,0.0963262490814153,0.3997873471557682,0.1709197235513025,3.6644205209994682,49.94764492753623,1,1,Indiferente al precio,7346.222774725631,Alto,1310.5300000000057
1030,1260.29,30,0.08322312125580908,0.371875,0.159375,3.93840625,42.00966666666667,0,1,Indiferente al precio,664.4315842168681,Medio,114.24999999999999
1031,4232.12,145,0.08564599779819057,0.35720680393912263,0.3267681289167413,3.7888272157564904,29.18703448275862,0,1,Indiferente al precio,1.0245006762018694e-07,Bajo,333.49999999999585
1032,2473.76,92,0.082871726498998,0.35949764521193095,0.17111459968602827,3.8834536891679754,26.888695652173915,0,1,Indiferente al precio,1026.460603848177,Medio,218.7400000000007
1033,1366.97,26,0.21611472057754705,0.5939849624060151,0.3057644110275689,3.4259899749373433,52.57576923076923,0,2,Cazador de ofertas,719.9998706970047,Medio,463.02
1034,840.87,69,0.10733897369143874,0.3722627737226277,0.2737226277372263,3.068868613138686,12.186521739130434,0,1,Indiferente al precio,423.3676787793486,Bajo,102.62000000000194
1035,183.04,4,0.026046694933205057,0.08571428571428572,0.14285714285714285,5.2297142857142855,45.76,0,1,Indiferente al precio,141.6782363910886,Bajo,11.790000000000001
1036,1231.17,27,0.09010746638731017,0.36855036855036855,0.06142506142506143,3.024987714987715,45.598888888888894,0,1,Indiferente al precio,646.5710274598615,Medio,146.73000000000002
1037,1076.69,33,0.10237441061116592,0.4090909090909091,0.2215909090909091,6.117556818181819,32.626969696969695,0,1,Indiferente al precio,539.0789752641492,Bajo,87.08
1038,1602.0,273,0.11307064449642937,0.3889479277364506,0.5175345377258236,1.7024442082890543,5.868131868131868,0,4,Rutinario,851.767672321479,Medio,323.79999999999995
1039,5168.38,81,0.10396372261148831,0.42904953145917,0.13386880856760375,3.4594243641231595,63.80716049382716,1,0,Premium,2894.192206188554,Alto,622.9000000000001
1040,5664.74,229,0.12886239495120802,0.5058078141499472,0.18215417106652587,2.9908870116156283,24.736855895196506,1,4,Rutinario,2845.0978941195326,Alto,832.0600000000001
1041,7156.68,290,0.11106787810805105,0.4064761904761905,0.32457142857142857,2.7263542857142857,24.678206896551725,0,3,Intensivo,3756.408188514023,Alto,1087.5300000000002
1042,5284.12,248,0.1696617317311338,0.5910693301997649,0.4394829612220917,2.069768899334117,21.306935483870966,0,2,Cazador de ofertas,2607.7580792454514,Alto,1264.9799999999998
1043,988.73,19,0.22348337367387042,0.6376404494382022,0.43258426966292135,2.7773314606741573,52.03842105263158,0,2,Cazador de ofertas,502.4346801801845,Bajo,403.16999999999996
1044,423.51,20,0.153677555566208,0.553072625698324,0.29608938547486036,2.3659776536312846,21.1755,0,4,Rutinario,224.96763810818268,Bajo,95.93999999999986
1045,4893.11,295,0.14670743225307925,0.5107122177185871,0.3503184713375796,2.833300521134916,16.58681355932203,0,3,Intensivo,2549.335372052464,Alto,801.2699999999975
1046,4314.95,153,0.09831407033662691,0.40207833733013587,0.15907274180655476,3.449200639488409,28.202287581699345,0,1,Indiferente al precio,2154.610154628932,Alto,474.1900000000038
1047,1052.94,80,0.14522770783606156,0.5190839694656488,0.3333333333333333,2.679236641221374,13.161750000000001,0,4,Rutinario,573.1290684441003,Bajo,203.99
1048,1934.45,102,0.10279657871727844,0.3657587548638132,0.20233463035019456,3.76352140077821,18.965196078431372,0,1,Indiferente al precio,561.2846234264672,Bajo,231.80000000000166
1049,698.06,55,0.16954759580331072,0.5373134328358209,0.2656716417910448,2.0837611940298504,12.691999999999998,0,4,Rutinario,391.93542332785415,Bajo,177.93
1050,5134.89,135,0.11262666576740936,0.4151074151074151,0.3305613305613306,3.5584823284823286,38.03622222222222,0,4,Rutinario,2862.3858260046068,Alto,649.860000000001
1051,2275.67,54,0.10758276040032602,0.41410256410256413,0.21666666666666667,2.917525641025641,42.142037037037035,0,1,Indiferente al precio,1198.2350485414418,Medio,302.8700000000006
1052,231.66,7,0.09269811446613291,0.40404040404040403,0.20202020202020202,2.34,33.09428571428571,0,1,Indiferente al precio,3.2890446505955246,Bajo,31.05
1053,4616.42,96,0.07014403732600255,0.30780243378668576,0.12097351467430208,3.3045239799570507,48.08770833333333,0,1,Indiferente al precio,2548.8614099767483,Alto,496.4599999999998
1054,1035.19,41,0.14194497860652436,0.4887005649717514,0.1864406779661017,2.924265536723164,25.248536585365855,0,4,Rutinario,576.3887798574491,Bajo,172.05
1055,1204.41,81,0.1320852684893116,0.4618320610687023,0.5190839694656488,2.298492366412214,14.86925925925926,0,4,Rutinario,616.11237232769,Bajo,221.72999999999996
1056,4871.09,66,0.11766543668812837,0.46082621082621084,0.25854700854700857,3.4694373219373222,73.80439393939395,0,0,Premium,2282.2971979615754,Alto,787.19
1057,8219.34,184,0.08606177001237865,0.38024809160305345,0.1989503816793893,3.9214408396946565,44.67032608695652,0,1,Indiferente al precio,4129.96312952888,Alto,769.8800000000001
1058,3280.18,563,0.14561166744484452,0.6812297734627831,0.3074433656957929,2.6538673139158573,5.8262522202486675,0,3,Intensivo,1681.9233098180805,Medio,554.4699999999996
1059,72.91,5,0.13436248207979254,0.42857142857142855,0.3142857142857143,2.083142857142857,14.581999999999999,0,4,Rutinario,31.733682570304524,Bajo,11.520000000000001
1060,6096.93,64,0.11031181012985582,0.5269250125817816,0.12833417211877202,3.068409662808254,95.26453125,0,0,Premium,2834.337187243444,Alto,901.9000000000002
1061,6211.67,147,0.16032887553520647,0.5542888165038002,0.3273615635179153,3.372242128121607,42.25625850340136,0,2,Cazador de ofertas,3268.19856676314,Alto,1505.0200000000018
1062,1495.76,214,0.141665914149561,0.472400513478819,0.44030808729139925,1.9201026957637997,6.989532710280374,0,4,Rutinario,779.8178981908187,Medio,330.36
1063,1327.48,57,0.2023793794902116,0.5491183879093199,0.3501259445843829,3.3437783375314862,23.289122807017545,0,2,Cazador de ofertas,497.1079473880287,Bajo,501.1
1064,3074.68,44,0.1793827036681676,0.6264411990776326,0.2328977709454266,2.3633205226748655,69.8790909090909,1,0,Premium,1738.9722223736496,Alto,784.8900000000001
1065,5167.16,50,0.13000758502087797,0.46472772277227725,0.22277227722772278,3.1975,103.3432,0,0,Premium,2425.4429442923624,Alto,1077.8600000000001
1066,3114.34,245,0.13305686338445497,0.47017318794098784,0.3264913406029506,1.9976523412443876,12.711591836734694,1,4,Rutinario,1693.5531524251835,Alto,658.3
1067,3741.92,62,0.1319202747958185,0.524239934264585,0.3985209531635168,3.0747082990961383,60.35354838709677,0,0,Premium,1835.7740413904708,Alto,714.2499999999964
1068,1321.85,110,0.1538225884659515,0.522887323943662,0.375,2.3272007042253517,12.01681818181818,0,4,Rutinario,698.1590715686717,Medio,313.2600000000001
1069,3433.27,55,0.14433700948093342,0.5636588380716935,0.29666254635352285,4.243844252163164,62.42309090909091,0,0,Premium,1767.2272367125718,Alto,677.6200000000001
1070,5187.13,174,0.14005494492918277,0.4798206278026906,0.2703395259449071,3.3229532351057016,29.811091954022988,0,4,Rutinario,2562.5019951973195,Alto,749.5299999999999
1071,2052.29,84,0.13572322431675485,0.44394213381555153,0.31103074141048825,1.8555967450271247,24.43202380952381,0,4,Rutinario,1143.414217423244,Medio,351.26
1072,2694.8,60,0.15366434466689383,0.5249487354750513,0.3315105946684894,1.8419685577580316,44.913333333333334,0,4,Rutinario,1481.3990048526907,Medio,613.1899999999998
1073,3014.08,121,0.10135216002602129,0.3913894324853229,0.14285714285714285,2.949197651663405,24.9097520661157,0,1,Indiferente al precio,1668.8770735937294,Medio,359.7000000000015
1074,7769.22,132,0.1608285221700823,0.5459991442019684,0.19597774925117672,3.324441591784339,58.857727272727274,1,0,Premium,4384.576399111429,Alto,1650.5000000000016
1075,1469.02,67,0.17990296599565211,0.5382882882882883,0.34459459459459457,3.3086036036036037,21.925671641791045,0,2,Cazador de ofertas,748.498750111885,Medio,384.3199999999995
1076,2241.01,86,0.10829444243845027,0.3966789667896679,0.1088560885608856,4.134704797047971,26.05825581395349,0,1,Indiferente al precio,1220.4475368993485,Medio,253.12
1077,1492.81,36,0.12191169663531833,0.4380664652567976,0.24471299093655588,4.51,41.466944444444444,0,1,Indiferente al precio,1172.590193343549,Medio,200.30000000000427
1078,6885.68,250,0.11283388448151568,0.41212744090441933,0.32168550873586843,3.538376156217883,27.542720000000003,0,4,Rutinario,3839.588082826555,Alto,860.6600000000061
1079,1001.3,50,0.1275920283362608,0.4056603773584906,0.24056603773584906,4.723113207547169,20.026,0,1,Indiferente al precio,527.640783054983,Bajo,162.42000000000036
1080,2206.11,84,0.14217262317866988,0.5015337423312883,0.3236196319018405,3.383604294478528,26.263214285714287,0,4,Rutinario,1044.6213137012903,Medio,451.7900000000001
1081,10201.55,139,0.09121265148674308,0.3649965205288796,0.21085594989561587,3.549599860821155,73.39244604316546,1,0,Premium,5325.493144105139,Alto,1235.1399999999999
1082,2032.54,142,0.1654977266940074,0.5374211000901713,0.6402164111812444,1.8327682596934174,14.313661971830985,0,2,Cazador de ofertas,981.2898702386389,Medio,535.5999999999998
1083,1396.93,53,0.16946872383287934,0.5778364116094987,0.3007915567282322,3.685831134564644,26.357169811320755,1,2,Cazador de ofertas,661.3028393116708,Medio,352.8599999999999
1084,2363.16,223,0.11630259613216172,0.48963133640552997,0.25460829493087556,2.7225345622119814,10.597130044843048,0,4,Rutinario,1200.6470783936606,Medio,322.73
1085,4806.0,106,0.14600448949998704,0.5220949263502455,0.32678668848881615,2.6219312602291325,45.339622641509436,0,4,Rutinario,2647.660226819773,Alto,851.4499999999998
1086,1188.61,30,0.1363286377916536,0.5292553191489362,0.18351063829787234,3.161196808510638,39.62033333333333,0,0,Premium,631.7284353906267,Bajo,222.1899999999999
1087,3010.24,148,0.15926054485562643,0.5300950369588173,0.42027455121436114,3.1787117212249205,20.33945945945946,0,4,Rutinario,1675.743232071408,Medio,724.4099999999978
1088,1439.61,91,0.15177043130383042,0.4633431085043988,0.09970674486803519,2.110865102639296,15.819890109890109,0,1,Indiferente al precio,714.1341845878733,Medio,442.5800000000005
1089,2404.98,95,0.13417269362958156,0.4871508379888268,0.36201117318435755,2.6871284916201117,25.315578947368422,0,4,Rutinario,1161.9268525219743,Medio,421.98999999999955
1090,307.87,12,0.06860566656995963,0.20454545454545456,0.25,3.4985227272727273,25.655833333333334,0,1,Indiferente al precio,179.12337050884156,Bajo,37.32000000000001
1091,5617.4,116,0.09075120448372441,0.35601659751037346,0.20663900414937758,4.661742738589211,48.425862068965515,0,1,Indiferente al precio,2510.460449737639,Alto,460.05000000000814
1092,944.6899999999999,42,0.15081047350994614,0.6421725239616614,0.536741214057508,3.018178913738019,22.492619047619048,0,2,Cazador de ofertas,507.9224676786652,Bajo,169.32999999999976
1093,993.76,33,0.1334479495809667,0.4830508474576271,0.2853107344632768,2.807231638418079,30.113939393939393,0,4,Rutinario,545.6187464864098,Bajo,205.71
1094,5935.57,95,0.13989630795315586,0.5392938496583144,0.265375854214123,3.380165148063781,62.479684210526315,0,0,Premium,2873.281152592561,Alto,1059.8600000000001
1095,599.54,30,0.07319743189425731,0.28205128205128205,0.07692307692307693,3.843205128205128,19.984666666666666,0,1,Indiferente al precio,274.8699511539806,Bajo,42.37
1096,592.36,47,0.10958464006983445,0.46062992125984253,0.31496062992125984,2.3321259842519684,12.60340425531915,0,4,Rutinario,287.16818821670785,Bajo,74.95000000000002
1097,8806.33,163,0.1116484310547064,0.42390078917700114,0.25140924464487036,4.964109357384442,54.026564417177916,0,0,Premium,4388.479819860993,Alto,1123.159999999989
1098,9500.7,448,0.13776090402397587,0.6746500777604977,0.4687402799377916,2.955116640746501,21.206919642857144,1,3,Intensivo,4783.701497617378,Alto,1726.830000000006
1099,683.13,28,0.15676969103144345,0.5454545454545454,0.15,3.1051363636363636,24.3975,0,4,Rutinario,382.2167097945912,Bajo,185.4500000000004
1100,313.40999999999997,26,0.07286045548835245,0.3404255319148936,0.2978723404255319,6.668297872340425,12.054230769230768,0,1,Indiferente al precio,171.55071321149623,Bajo,10.90999999999991
1101,190.78,16,0.2135754227821756,0.5692307692307692,0.36923076923076925,2.935076923076923,11.92375,0,2,Cazador de ofertas,105.9525519972068,Bajo,43.22000000000091
1102,2263.4,81,0.1795740015719985,0.5513307984790875,0.26108998732572875,2.8686945500633714,27.94320987654321,0,2,Cazador de ofertas,1089.0800052791349,Medio,665.8199999999999
1103,6104.1900000000005,204,0.10243387007611207,0.42578356002365464,0.192193968066233,3.609810762862212,29.922500000000003,0,1,Indiferente al precio,3412.0664837776835,Alto,717.0999999999999
1104,3378.16,118,0.10785860010673343,0.42934293429342935,0.10621062106210621,3.0406480648064806,28.628474576271184,0,1,Indiferente al precio,1686.0256867474568,Alto,448.41
1105,500.14,9,0.10948254246860105,0.4240506329113924,0.16455696202531644,3.1654430379746836,55.57111111111111,0,0,Premium,287.3709439844554,Bajo,69.9900000000009
1106,683.26,38,0.15555447994716345,0.4739583333333333,0.2760416666666667,3.5586458333333333,17.980526315789472,0,4,Rutinario,340.411266835039,Bajo,136.8
1107,877.32,22,0.18363452446226425,0.6120996441281139,0.28825622775800713,3.1221352313167263,39.87818181818182,0,2,Cazador de ofertas,408.10064236591353,Bajo,223.32
1108,292.1,22,0.16033304427382342,0.47540983606557374,0.4016393442622951,2.394262295081967,13.27727272727273,0,4,Rutinario,156.7722034025189,Bajo,58.629999999999995
1109,3059.0,86,0.14035306861087898,0.5057034220532319,0.22433460076045628,2.9077946768060836,35.56976744186046,0,4,Rutinario,1591.6304387669277,Medio,470.32000000000005
1110,5508.47,133,0.26533899760429047,0.6691489361702128,0.2872340425531915,5.860074468085107,41.41706766917294,0,2,Cazador de ofertas,2644.880999543908,Alto,1253.1
1111,18894.72,321,0.09891169670170338,0.3804447151995126,0.3042948522692659,2.877660676210783,58.86205607476636,0,0,Premium,9262.646131280044,Alto,2516.1800000000003
1112,1889.45,52,0.11013458112954841,0.42660550458715596,0.27522935779816515,4.333600917431193,36.33557692307692,0,1,Indiferente al precio,1020.0148334442182,Medio,158.6800000000006
1113,4391.3,176,0.13995515457098587,0.483226266952177,0.23269093504639543,3.1344039971448967,24.950568181818184,1,4,Rutinario,2257.106498612756,Alto,1043.7600000000007
1114,970.95,44,0.16618542212569423,0.5906735751295337,0.23575129533678757,2.5154145077720207,22.067045454545454,0,2,Cazador de ofertas,480.7246858764007,Bajo,247.76000000000002
1115,1828.6399999999999,51,0.09938021229779201,0.39067055393586003,0.1924198250728863,5.3313119533527695,35.8556862745098,0,1,Indiferente al precio,862.4847103932436,Medio,149.88000000000324
1116,2779.14,63,0.14418252011057497,0.5399753997539976,0.35793357933579334,3.4183763837638375,44.11333333333333,0,4,Rutinario,1320.5991607453634,Medio,573.1299999999998
1117,3667.44,186,0.11652079092274505,0.43644859813084114,0.2644859813084112,3.4275140186915887,19.71741935483871,0,4,Rutinario,1756.584690827351,Alto,472.2400000000014
1118,945.89,16,0.10741579429339768,0.41353383458646614,0.2932330827067669,7.111954887218045,59.118125,0,0,Premium,500.8949237098059,Bajo,157.00999999999996
1119,2232.75,68,0.181062034165194,0.5791044776119403,0.23880597014925373,2.2216417910447763,32.83455882352941,0,2,Cazador de ofertas,1223.4352527275896,Medio,636.7499999999995
1120,1737.84,87,0.14645551011282135,0.4918759231905465,0.2880354505169867,2.5669719350073854,19.975172413793103,0,4,Rutinario,902.2102439561244,Medio,312.51000000000084
1121,2486.64,61,0.16573760547636981,0.5654565456545655,0.17491749174917492,2.7355775577557755,40.76459016393442,0,2,Cazador de ofertas,1241.3636976809016,Medio,663.71
1122,1236.98,77,0.11015984109514593,0.42495784148397975,0.524451939291737,2.0859696458684653,16.064675324675324,0,4,Rutinario,1.139449492377241e-06,Bajo,161.40000000000092
1123,3915.81,73,0.13348444813369814,0.46417759838546924,0.1705348133198789,3.951372351160444,53.64123287671233,0,0,Premium,1810.703473763208,Alto,617.59
1124,1896.39,79,0.16043613241742735,0.5328467153284672,0.3710462287104623,2.307043795620438,24.00493670886076,0,4,Rutinario,901.4793687170304,Medio,460.5799999999999
1125,691.1,89,0.19051706458684312,0.5954692556634305,0.15857605177993528,2.236569579288026,7.765168539325843,0,2,Cazador de ofertas,324.2360922888938,Bajo,104.97999999999983
1126,2543.36,28,0.1536825782289436,0.6231343283582089,0.4701492537313433,3.1633830845771147,90.83428571428571,0,0,Premium,1396.1745460387651,Medio,551.6300000000001
1127,1563.53,29,0.1283789147267533,0.48919449901768175,0.25343811394891946,3.0717681728880155,53.9148275862069,0,0,Premium,898.7549080872503,Medio,305.67
1128,3027.0,234,0.11604889484545321,0.4254937163375224,0.3644524236983842,2.7172351885098744,12.935897435897436,0,4,Rutinario,1417.9708052772803,Medio,407.53999999999996
1129,2401.41,73,0.1045444857565114,0.4135090609555189,0.171334431630972,3.9561943986820425,32.89602739726027,0,1,Indiferente al precio,1273.105091259856,Medio,315.699999999999
1130,6563.15,362,0.17078156823873317,0.5448305448305448,0.39253539253539255,2.8155941655941654,18.13024861878453,1,3,Intensivo,3087.5521181707595,Alto,1615.3799999999999
1131,3034.77,102,0.14266050128626726,0.5109938434476693,0.3597185576077397,2.66910290237467,29.75264705882353,0,4,Rutinario,1473.6530000543896,Medio,610.3
1132,2073.62,58,0.13418320647225845,0.47503201024327785,0.26504481434058896,2.6550832266325224,35.75206896551724,0,4,Rutinario,1022.3957849652904,Medio,406.92
1133,1377.66,115,0.11898779470078522,0.46588235294117647,0.3035294117647059,3.241552941176471,11.979652173913044,0,4,Rutinario,682.9151559457559,Medio,239.9200000000003
1134,5050.53,51,0.1041314921552151,0.4092664092664093,0.1891891891891892,3.250019305019305,99.03,0,0,Premium,2662.7752193415013,Alto,713.8800000000001
1135,748.88,64,0.1465540991399431,0.5263157894736842,0.36140350877192984,2.6276491228070173,11.70125,0,4,Rutinario,356.8751650550155,Bajo,133.68
1136,1934.11,58,0.15664377159127296,0.5283582089552239,0.36716417910447763,2.8867313432835817,33.346724137931034,0,4,Rutinario,911.0315064846994,Medio,478.57
1137,2121.89,134,0.1257422879145748,0.43778110944527737,0.4572713643178411,3.1812443778110944,15.834999999999999,0,4,Rutinario,1095.0427068162112,Medio,279.64000000000044
1138,4546.37,212,0.10386443465585925,0.4119968429360695,0.30465666929755325,3.588295185477506,21.445141509433963,0,4,Rutinario,2160.268679156517,Alto,809.47
1139,7539.55,92,0.08497809866766702,0.3694607581420182,0.11372130272290443,4.025387079551522,81.95163043478261,0,0,Premium,3870.071644210344,Alto,660.6100000000001
1140,1164.18,21,0.11759331502846332,0.5218855218855218,0.19865319865319866,3.91979797979798,55.43714285714286,0,0,Premium,647.1793343998033,Medio,183.65999999999966
1141,1137.28,59,0.15293245428778526,0.5749440715883669,0.4407158836689038,2.5442505592841163,19.27593220338983,0,2,Cazador de ofertas,619.8608894909936,Bajo,269.46000000000004
1142,15178.960000000001,284,0.11328011021275516,0.43305044790193303,0.44035832154644033,3.5782555398396987,53.44704225352113,1,3,Intensivo,7500.5482358335485,Alto,1819.5400000000018
1143,173.31,12,0.1797611740787206,0.6190476190476191,0.19047619047619047,4.126428571428572,14.4425,0,2,Cazador de ofertas,88.5332525155169,Bajo,55.29
1144,187.09,24,0.07220812945739129,0.3103448275862069,0.29310344827586204,3.2256896551724137,7.795416666666667,0,1,Indiferente al precio,98.05807817727478,Bajo,10.260000000000574
1145,3875.17,81,0.14752522731878248,0.5436802973977695,0.3596654275092937,3.6014591078066913,47.84160493827161,0,4,Rutinario,1873.5879141818568,Alto,817.53
1146,8854.64,345,0.15593096085820066,0.5726918995401485,0.3424124513618677,3.1321683763707107,25.665623188405796,1,3,Intensivo,4795.049278926427,Alto,2004.9999999999964
1147,3779.36,57,0.11908440663459227,0.4591194968553459,0.2587601078167116,3.3956513926325247,66.30456140350877,0,0,Premium,2030.303277518128,Alto,582.61
1148,478.59000000000003,26,0.09298166893533273,0.3217391304347826,0.4434782608695652,4.161652173913044,18.407307692307693,0,4,Rutinario,238.57547136194307,Bajo,49.31000000000002
1149,307.90999999999997,17,0.07008921927795855,0.28169014084507044,0.16901408450704225,4.336760563380281,18.112352941176468,0,1,Indiferente al precio,138.71282015967245,Bajo,48.08
1150,845.39,14,0.11643689813530705,0.4452296819787986,0.3003533568904594,2.987243816254417,60.385,0,0,Premium,484.4224994215312,Bajo,153.99
1151,2808.91,159,0.09853566207805209,0.39920424403183025,0.2427055702917772,3.725344827586207,17.666100628930817,0,1,Indiferente al precio,1394.8332730035286,Medio,415.6599999999999
1152,1305.66,76,0.14306138971912377,0.510989010989011,0.31043956043956045,3.5869780219780223,17.179736842105264,0,4,Rutinario,679.7058098464374,Medio,215.80999999999904
1153,1142.86,65,0.15020131624574756,0.5178997613365155,0.4701670644391408,2.7275894988066822,17.582461538461537,0,4,Rutinario,596.5649290924433,Bajo,283.12
1154,3803.55,127,0.11502278767654305,0.4716981132075472,0.3084179970972424,2.7601959361393327,29.9492125984252,0,4,Rutinario,1970.375284410204,Alto,793.8100000000001
1155,2053.02,41,0.1754515107740876,0.6025641025641025,0.3190883190883191,2.9245299145299146,50.07365853658536,0,2,Cazador de ofertas,1032.4239111655647,Medio,564.6
1156,999.33,29,0.1091318344574212,0.38188976377952755,0.1889763779527559,3.9343700787401574,34.4596551724138,0,1,Indiferente al precio,472.9580706370696,Bajo,130.73000000000002
1157,2779.86,101,0.10122678944822554,0.3990877993158495,0.20980615735461802,3.169737742303307,27.523366336633664,0,1,Indiferente al precio,1366.1211954731875,Medio,319.44
1158,2903.2,218,0.16213809292488957,0.49344978165938863,0.4279475982532751,2.535545851528384,13.31743119266055,0,4,Rutinario,1534.780128938661,Medio,725.1000000000004
1159,4468.63,233,0.12778759971641712,0.4949630624580255,0.20550705171255876,3.001094694425789,19.178669527896997,0,4,Rutinario,2459.1903158496552,Alto,642.9100000000005
1160,4377.96,145,0.14693152140184867,0.5390625,0.49270833333333336,2.2801875,30.192827586206896,0,4,Rutinario,2271.0444567213267,Alto,1002.2299999999991
1161,1377.57,62,0.1512395087894635,0.5033333333333333,0.305,2.29595,22.218870967741935,0,4,Rutinario,673.1729674221699,Medio,289.19000000000005
1162,431.76,33,0.22568516279779732,0.6292134831460674,0.3258426966292135,2.42561797752809,13.083636363636364,0,2,Cazador de ofertas,1.109157874190973,Bajo,87.68000000000134
1163,4808.01,153,0.14588853538912996,0.5222146274777854,0.31100478468899523,3.2864046479835953,31.424901960784315,0,4,Rutinario,2276.162617158976,Alto,801.109999999995
1164,4689.35,103,0.07863119569416487,0.306966618287373,0.18795355587808418,3.4030116110304793,45.52766990291263,0,1,Indiferente al precio,2331.3502025366874,Alto,301.35
1165,1413.52,57,0.16472280666107322,0.5667351129363449,0.1868583162217659,2.9025051334702257,24.79859649122807,0,2,Cazador de ofertas,737.7727371242959,Medio,287.6099999999991
1166,12300.62,409,0.15330883605137563,0.5217972719978604,0.28537041989836853,3.2898154586787913,30.074865525672372,1,3,Intensivo,6379.64417989157,Alto,2022.230000000004
1167,6798.79,150,0.10753467861505787,0.43240399789584427,0.23461336138874278,3.5764281956864807,45.325266666666664,1,0,Premium,3488.199836451651,Alto,785.6900000000011
1168,874.23,68,0.10128155271556943,0.3302325581395349,0.30697674418604654,4.066186046511628,12.856323529411766,0,1,Indiferente al precio,437.6697265778762,Bajo,67.7
1169,5159.4,128,0.16712308034335155,0.5718390804597702,0.31513409961685823,2.4709770114942526,40.3078125,0,2,Cazador de ofertas,2688.67871358674,Alto,1265.7400000000002
1170,68.45,7,0.13997562788324366,0.5238095238095238,0.23809523809523808,3.2595238095238095,9.778571428571428,0,4,Rutinario,42.23584548126272,Bajo,7.050000000000001
1171,996.6,34,0.0910991197876327,0.3905109489051095,0.30656934306569344,3.637226277372263,29.311764705882354,0,1,Indiferente al precio,578.7692676056299,Bajo,80.5599999999994
1172,4569.24,167,0.13371362072541335,0.47986289631533846,0.29220222793487577,3.9153727506426734,27.36071856287425,0,4,Rutinario,2138.260081384352,Alto,604.5100000000007
1173,655.77,41,0.09022420101269027,0.35096153846153844,0.3076923076923077,3.1527403846153845,15.994390243902439,0,1,Indiferente al precio,318.0766488671995,Bajo,65.50999999999911
1174,2156.65,122,0.1465930452699251,0.5015105740181269,0.324269889224572,2.171852970795569,17.677459016393442,0,4,Rutinario,1142.586803670628,Medio,469.04
1175,7403.51,134,0.07870406219693304,0.3569753810082063,0.1447831184056272,4.339689331770223,55.250074626865675,1,1,Indiferente al precio,3996.242488408128,Alto,593.5200000000036
1176,240.85,15,0.15552750596834491,0.5441176470588235,0.19117647058823528,3.5419117647058824,16.056666666666665,0,4,Rutinario,104.8648874854085,Bajo,48.44
1177,337.97,17,0.08445456668804548,0.3358208955223881,0.08955223880597014,2.522164179104478,19.88058823529412,0,1,Indiferente al precio,197.71253243732863,Bajo,28.15
1178,5022.28,212,0.19652081563448048,0.6247689463955638,0.5046210720887245,3.0944423906346272,23.689999999999998,0,2,Cazador de ofertas,2459.100952396504,Alto,1324.0200000000038
1179,9428.4,204,0.1322499516952319,0.6070481242895036,0.21674876847290642,3.5727169382341795,46.21764705882353,0,0,Premium,5034.0475498850765,Alto,1438.2299999999996
1180,5430.04,164,0.13701961452609057,0.4942372881355932,0.5010169491525424,3.6813830508474576,33.11,0,4,Rutinario,2929.29880464644,Alto,789.9500000000075
1181,2196.58,89,0.1447248410389928,0.48272017837235226,0.4169453734671126,2.4488071348940914,24.68067415730337,0,4,Rutinario,1109.0069743560728,Medio,448.13999999999953
1182,1966.38,124,0.1127383273524892,0.4157814871016692,0.3611532625189681,2.9838846737481033,15.857903225806453,0,4,Rutinario,973.1304735964688,Medio,295.260000000002
1183,260.04,9,0.22154825817496512,0.7037037037037037,0.42962962962962964,1.9262222222222223,28.893333333333334,0,2,Cazador de ofertas,161.54696597044443,Bajo,91.97999999999999
1184,713.9,13,0.15759256424622456,0.6098654708520179,0.23766816143497757,3.2013452914798206,54.91538461538461,0,0,Premium,375.59221066641777,Bajo,144.35000000000025
1185,1334.18,61,0.13775323132450892,0.5174013921113689,0.4037122969837587,3.09554524361949,21.871803278688525,0,4,Rutinario,625.1716786332289,Bajo,246.63999999999987
1186,6060.38,79,0.08818057049997997,0.35143066764490094,0.1504035216434336,4.446353631694791,76.71367088607595,0,0,Premium,2951.010939381101,Alto,608.5
1187,2996.18,133,0.10453346089169334,0.4090909090909091,0.1628099173553719,2.4761818181818183,22.52766917293233,0,1,Indiferente al precio,1552.970659660679,Medio,428.43000000000006
1188,3722.22,147,0.20643998824694793,0.6102518780380026,0.3451171011931065,1.6448166151126822,25.321224489795917,0,2,Cazador de ofertas,2053.3821837527057,Alto,1202.0500000000002
1189,954.21,51,0.09761633606506376,0.35294117647058826,0.14338235294117646,3.508125,18.71,0,1,Indiferente al precio,497.5977568883001,Bajo,123.24000000000001
1190,3327.02,253,0.15040393704743327,0.47738693467336685,0.30402010050251255,2.7864489112227804,13.150276679841896,0,4,Rutinario,1717.2664521555553,Alto,528.3399999999983
1191,2485.87,98,0.09887285294546688,0.40594059405940597,0.11757425742574257,3.0765717821782177,25.366020408163266,0,1,Indiferente al precio,1320.5128839730628,Medio,323.06
1192,1482.54,99,0.13234490938323065,0.4933920704845815,0.3656387665198238,3.2655066079295154,14.975151515151515,0,4,Rutinario,757.0485148861713,Medio,242.38999999999754
1193,4723.65,219,0.15737406923598282,0.5127713920817369,0.351213282247765,3.0163793103448273,21.56917808219178,0,4,Rutinario,2351.655580801029,Alto,1082.0599999999995
1194,1276.74,62,0.14629436652402922,0.48628884826325414,0.39488117001828155,2.334076782449726,20.59258064516129,0,4,Rutinario,684.4393113742914,Medio,255.25
1195,1271.09,41,0.1128881876981873,0.4344262295081967,0.1557377049180328,3.472923497267759,31.002195121951218,0,1,Indiferente al precio,647.0894752250741,Medio,172.95000000000033
1196,1915.95,27,0.0950671595685986,0.3775322283609576,0.0847145488029466,3.528453038674033,70.96111111111111,0,0,Premium,976.1224702230608,Medio,217.31
1197,7988.7300000000005,150,0.1079190901405912,0.4568921011874032,0.16468766133195664,4.124279814145586,53.2582,1,0,Premium,4035.853792989259,Alto,955.7899999999972
1198,1004.6,44,0.17509904985836436,0.6172413793103448,0.32068965517241377,3.464137931034483,22.831818181818182,0,2,Cazador de ofertas,555.3614922179216,Bajo,244.13000000000002
1199,163.57,7,0.11954467063714524,0.40425531914893614,0.2978723404255319,3.4802127659574467,23.367142857142856,0,4,Rutinario,8.442682741332215,Bajo,22.249999999999996
1200,1619.45,29,0.16738253227514363,0.5551537070524413,0.2513562386980108,2.928481012658228,55.84310344827586,0,0,Premium,854.6629299488172,Medio,359.96000000000004
1201,537.6,38,0.15709153250649652,0.5139664804469274,0.25139664804469275,3.0033519553072625,14.147368421052633,0,4,Rutinario,272.4440163999583,Bajo,96.95000000000049
1202,587.47,25,0.16716187820670955,0.6062992125984252,0.36220472440944884,4.625748031496063,23.498800000000003,0,2,Cazador de ofertas,295.06006482040937,Bajo,116.460000000001
1203,6385.44,173,0.11011179237766015,0.4475806451612903,0.13709677419354838,3.2184677419354837,36.910057803468206,0,1,Indiferente al precio,3328.3336823922104,Alto,881.4399999999999
1204,2043.13,81,0.17531822786390497,0.594059405940594,0.3547854785478548,3.371501650165017,25.22382716049383,0,2,Cazador de ofertas,1055.2304866034517,Medio,537.6499999999999
1205,4383.72,186,0.16284831371187955,0.540407156076496,0.29302899444787167,2.7043306600863666,23.568387096774195,0,4,Rutinario,2091.1880820358438,Alto,1071.0099999999998
1206,6172.13,381,0.1357859044870818,0.5938900203665988,0.36415478615071284,2.5141059063136457,16.19981627296588,0,3,Intensivo,3098.488357991448,Alto,1256.33
1207,765.37,108,0.1804254036167123,0.5454545454545454,0.44545454545454544,2.3193030303030304,7.086759259259259,0,2,Cazador de ofertas,407.5833095455514,Bajo,241.45
1208,1078.06,54,0.12049966210990455,0.418013856812933,0.44110854503464203,2.489745958429561,19.964074074074073,0,4,Rutinario,585.7515665549695,Bajo,160.9500000000002
1209,361.42,23,0.09767779034338063,0.40625,0.3229166666666667,3.764791666666667,15.71391304347826,0,1,Indiferente al precio,209.98135871603048,Bajo,39.790000000000006
1210,921.33,37,0.14041974551511993,0.4490861618798956,0.5404699738903395,2.40556135770235,24.90081081081081,0,4,Rutinario,485.8701693353256,Bajo,221.14999999999998
1211,9045.04,168,0.09570956566416115,0.3955431754874652,0.0967966573816156,6.298774373259054,53.83952380952381,0,0,Premium,4594.34612652062,Alto,953.2500000000052
1212,195.27,6,0.16960419503418026,0.6086956521739131,0.41304347826086957,2.1225,32.545,0,2,Cazador de ofertas,125.18354369286446,Bajo,43.23000000000001
1213,622.22,45,0.13933270728062322,0.4371584699453552,0.21311475409836064,3.4001092896174865,13.827111111111112,0,4,Rutinario,287.35418578631635,Bajo,83.09000000000172
1214,122.95,7,0.12338051892547179,0.5185185185185185,0.2222222222222222,4.553703703703704,17.564285714285713,0,4,Rutinario,66.18843926971819,Bajo,21.43
1215,786.45,15,0.09144785635367365,0.3802083333333333,0.18229166666666666,4.0960937500000005,52.43,0,1,Indiferente al precio,422.1307605140476,Bajo,86.22000000000001
1216,5303.53,134,0.12349788470713399,0.466436327739388,0.23000987166831194,2.6177344521224084,39.578582089552235,0,4,Rutinario,2870.306618572842,Alto,900.63
1217,2656.9,54,0.15629166989320134,0.5361570247933884,0.26859504132231404,2.744731404958678,49.201851851851856,0,0,Premium,1475.9495337894136,Medio,584.7000000000019
1218,3093.53,93,0.14839986338802336,0.5195530726256983,0.24022346368715083,2.8803817504655496,33.26376344086022,0,4,Rutinario,1685.7903838997945,Medio,619.0100000000007
1219,823.08,121,0.11706341688444347,0.40229885057471265,0.28160919540229884,2.3651724137931036,6.802314049586777,0,4,Rutinario,429.6753888410674,Bajo,141.93
1220,787.04,31,0.1384973904259986,0.4697406340057637,0.3314121037463977,2.2681268011527376,25.388387096774192,0,4,Rutinario,230.57953287456047,Bajo,166.77999999999997
1221,652.34,15,0.10617828550040218,0.39545454545454545,0.42272727272727273,2.965181818181818,43.489333333333335,0,4,Rutinario,360.36562235451066,Bajo,81.63
1222,5833.39,174,0.13408711140478521,0.47011551983927674,0.18935208437970869,2.9298794575590157,33.52522988505747,0,1,Indiferente al precio,2825.6170224303783,Alto,1153.5100000000002
1223,1743.69,57,0.1477953761000021,0.5142857142857142,0.3653061224489796,3.558551020408163,30.591052631578947,0,4,Rutinario,973.1055322900248,Medio,349.39
1224,2363.78,91,0.13534924658153513,0.4494097807757167,0.32040472175379425,1.9930691399662734,25.975604395604396,0,4,Rutinario,1261.8164584885265,Medio,449.39
1225,1415.38,75,0.14059213730433162,0.4846153846153846,0.30153846153846153,2.1775076923076924,18.871733333333335,0,4,Rutinario,707.0344161190134,Medio,237.82
1226,6237.46,76,0.1542200040665171,0.5784105397365066,0.34594135146621335,2.6508542286442838,82.07184210526316,0,0,Premium,3458.9468493886397,Alto,1379.4099999999999
1227,3810.36,86,0.10419375298797806,0.42834008097165993,0.1417004048582996,3.0853117408906883,44.30651162790698,0,1,Indiferente al precio,2087.6153482610976,Alto,467.5799999999999
1228,14503.89,797,0.12038351811518398,0.6504781077000503,0.3895319577252139,3.649695520885757,18.19810539523212,1,3,Intensivo,6880.039321255614,Alto,2203.500000000002
1229,18304.31,385,0.06773368829782316,0.27592425608656446,0.15577096483318303,4.126309738503156,47.54366233766234,1,1,Indiferente al precio,8908.90709122017,Alto,1638.1099999999983
1230,258.53000000000003,20,0.10687686979580185,0.34375,0.359375,4.0395312500000005,12.9265,0,1,Indiferente al precio,142.9677481984911,Bajo,25.17
1231,1919.79,53,0.15057818892868918,0.5060893098782138,0.5006765899864682,2.5978213802435723,36.22245283018868,0,4,Rutinario,1021.3232966841248,Medio,522.6600000000001
1232,488.49,22,0.18299465521651753,0.5449438202247191,0.2247191011235955,2.7443258426966293,22.204090909090908,0,2,Cazador de ofertas,226.96251234996384,Bajo,155.64999999999998
1233,1778.52,38,0.15846306821221454,0.5433715220949263,0.45171849427168576,2.910834697217676,46.80315789473684,0,2,Cazador de ofertas,925.4555185011582,Medio,321.7099999999995
1234,5547.83,94,0.12502408345838076,0.5060548119821542,0.15487571701720843,3.5359018483110263,59.01946808510638,0,0,Premium,2863.1531519990363,Alto,891.9000000000001
1235,894.0,20,0.1100294253521446,0.4158415841584158,0.12376237623762376,4.425742574257426,44.7,0,1,Indiferente al precio,519.3036629289197,Bajo,95.02999999999952
1236,3993.01,194,0.13082642684665882,0.47648261758691207,0.28152692569870486,2.7218882072256307,20.582525773195876,0,4,Rutinario,2158.114492753456,Alto,674.2
1237,1051.16,20,0.11302175958593659,0.3724340175953079,0.2991202346041056,3.0825806451612907,52.55800000000001,0,0,Premium,598.7151429574096,Bajo,166.72000000000102
1238,4678.61,50,0.18693829354232228,0.6265536723163841,0.31807909604519774,2.643282485875706,93.5722,1,0,Premium,2211.6185191772406,Alto,1355.8400000000001
1239,2068.5,26,0.15645635405897704,0.58311345646438,0.23218997361477572,2.728891820580475,79.5576923076923,0,0,Premium,1156.3514516735447,Medio,415.76000000000005
1240,11250.07,216,0.06927841259302626,0.3075313807531381,0.20118549511854952,3.922618549511855,52.08365740740741,0,1,Indiferente al precio,6112.643757036876,Alto,872.0799999999988
1241,2041.45,91,0.14392081860112133,0.5321739130434783,0.23478260869565218,3.5503478260869565,22.433516483516485,0,4,Rutinario,935.942714118998,Medio,377.93000000000006
1242,830.11,34,0.15079268553661287,0.5289256198347108,0.30991735537190085,3.430206611570248,24.415,0,4,Rutinario,481.56964471628606,Bajo,269.61
1243,249.70000000000002,14,0.09245395052266453,0.3888888888888889,0.2638888888888889,3.468055555555556,17.835714285714285,0,1,Indiferente al precio,158.236555398876,Bajo,16.850000000000005
1244,603.45,34,0.14343526550228056,0.5416666666666666,0.3055555555555556,2.79375,17.748529411764707,0,4,Rutinario,279.0455747020146,Bajo,104.77000000000001
1245,4469.27,253,0.11162154317936296,0.38636363636363635,0.2527548209366391,3.0780096418732787,17.66509881422925,0,1,Indiferente al precio,2314.5165208075823,Alto,674.44
1246,5428.25,97,0.10609389256889427,0.3877703206562267,0.18419090231170768,4.0479120059656974,55.96134020618557,0,0,Premium,2655.7762634750347,Alto,648.070000000001
1247,6639.95,118,0.11316795209120906,0.4133232399697199,0.22520817562452689,2.513228614685844,56.27076271186441,1,0,Premium,3680.2874943123065,Alto,1161.33
1248,9091.29,158,0.10463030089463052,0.4361562088635366,0.1763931548924967,3.9891575252303646,57.53981012658228,1,0,Premium,4541.586150650947,Alto,1224.8100000000009
1249,491.62,23,0.10178278099440528,0.3632286995515695,0.21973094170403587,2.20457399103139,21.374782608695654,0,1,Indiferente al precio,290.527797916867,Bajo,67.71
1250,203.17,6,0.19851617562920676,0.627906976744186,0.20930232558139536,2.362441860465116,33.861666666666665,0,2,Cazador de ofertas,130.38794964828205,Bajo,65.9
1251,325.77,52,0.1590070553483384,0.5660377358490566,0.22641509433962265,3.0733018867924526,6.264807692307692,0,4,Rutinario,168.16072855696711,Bajo,93.7099999999998
1252,1152.78,46,0.23839130654763033,0.6764705882352942,0.16310160427807488,3.0822994652406415,25.060434782608695,0,2,Cazador de ofertas,578.3833454582335,Bajo,498.4699999999992
1253,570.15,24,0.15182395227418133,0.5120772946859904,0.3188405797101449,2.7543478260869563,23.756249999999998,0,4,Rutinario,303.5842020893023,Bajo,137.18
1254,252.31,6,0.11474643393657612,0.3854166666666667,0.2604166666666667,2.628229166666667,42.05166666666667,0,1,Indiferente al precio,135.48983807067583,Bajo,57.24000000000001
1255,522.3,28,0.21710801763966414,0.6270270270270271,0.4756756756756757,2.823243243243243,18.65357142857143,0,2,Cazador de ofertas,267.0618567717434,Bajo,169.26
1256,5274.32,169,0.06893000917314902,0.3117140966247518,0.060225016545334215,3.4906154864328256,31.208994082840235,1,1,Indiferente al precio,2534.949875584511,Alto,431.38000000000017
1257,1389.1200000000001,31,0.13558077836544152,0.5188284518828452,0.26359832635983266,2.906108786610879,44.81032258064516,0,0,Premium,768.8633401540857,Medio,246.53999999999994
1258,3502.45,232,0.12292346985180695,0.481335952848723,0.11100196463654224,3.4405206286836933,15.09676724137931,0,1,Indiferente al precio,1659.455944800608,Medio,717.03
1259,1163.62,32,0.14544033711711243,0.5,0.3595238095238095,2.770523809523809,36.363125,0,4,Rutinario,650.0920745835671,Medio,265.99
1260,11200.800000000001,167,0.071635576719288,0.28812154696132597,0.1798342541436464,3.09414364640884,67.07065868263474,0,0,Premium,5321.857727800832,Alto,950.9899999999998
1261,3777.98,228,0.1313962600489273,0.49388928828181167,0.2803738317757009,2.7160172537742633,16.570087719298247,1,4,Rutinario,1897.8738352711837,Alto,611.4200000000008
1262,769.72,29,0.1692461929298791,0.5623342175066313,0.4297082228116711,2.0416976127320954,26.54206896551724,0,2,Cazador de ofertas,405.0576963888937,Bajo,176.22
1263,5257.44,126,0.10959334928288823,0.4139433551198257,0.28177196804647786,3.8180392156862744,41.72571428571428,0,1,Indiferente al precio,2506.246473384698,Alto,732.0900000000007
1264,6458.78,132,0.12195429158512056,0.45071335927367057,0.3858625162127108,4.188573281452658,48.930151515151515,0,4,Rutinario,3266.556269399784,Alto,970.7500000000011
1265,1409.8700000000001,49,0.176067211855259,0.5521172638436482,0.3469055374592834,2.2962052117263845,28.772857142857145,0,2,Cazador de ofertas,792.0100412426809,Medio,347.70000000000005
1266,1657.1100000000001,115,0.17207727993312183,0.505800464037123,0.17865429234338748,3.844802784222738,14.409652173913045,0,4,Rutinario,804.5450452200153,Medio,528.18
1267,1689.84,66,0.08639605113038211,0.3418079096045198,0.1483050847457627,2.386779661016949,25.60363636363636,0,1,Indiferente al precio,895.0031693290409,Medio,164.4300000000007
1268,3013.56,71,0.12451588792952915,0.4894859813084112,0.1647196261682243,3.5205140186915886,42.44450704225352,0,0,Premium,1591.3001069343293,Medio,433.8599999999999
1269,2595.17,109,0.13500508022891625,0.49415204678362573,0.3382066276803119,2.5294054580896685,23.808899082568807,0,4,Rutinario,1357.313020480883,Medio,504.30000000000007
1270,3455.32,73,0.07998152031132129,0.31853496115427304,0.14428412874583796,3.8349833518312986,47.33315068493151,0,1,Indiferente al precio,1852.569995606905,Alto,362.48
1271,4155.52,131,0.12939044170914574,0.45068027210884354,0.28798185941043086,2.3557369614512473,31.721526717557254,0,4,Rutinario,2343.4488367399103,Alto,689.36
1272,10019.45,256,0.10816303884649733,0.41865443425076454,0.13516819571865443,3.0640519877675843,39.1384765625,0,1,Indiferente al precio,4908.9212620874805,Alto,1320.4899999999998
1273,265.04,17,0.13227563187372396,0.41025641025641024,0.2948717948717949,3.3979487179487182,15.590588235294119,0,4,Rutinario,129.08729651277343,Bajo,30.570000000000004
1274,12503.24,272,0.09367364453433663,0.3463247863247863,0.1623931623931624,4.274611965811966,45.96779411764706,0,1,Indiferente al precio,6323.167289209469,Alto,1051.52
1275,137.63,8,0.09831365783923697,0.45,0.26666666666666666,2.293833333333333,17.20375,0,1,Indiferente al precio,31.81870080087286,Bajo,18.659999999999997
1276,623.45,20,0.07344830231535258,0.28205128205128205,0.21794871794871795,2.6643162393162396,31.172500000000003,0,1,Indiferente al precio,341.5844712764598,Bajo,59.34000000000027
1277,5900.81,328,0.1437838951888342,0.5548189699133096,0.2631310555838858,3.0090821009688935,17.990274390243904,0,3,Intensivo,3190.6544195563574,Alto,1081.8499999999985
1278,738.34,19,0.16837048203299634,0.6036036036036037,0.26576576576576577,3.325855855855856,38.86,0,2,Cazador de ofertas,418.38404052479416,Bajo,215.81
1279,4793.38,199,0.10844623751272214,0.3901747756258857,0.319792158715163,2.264232404345772,24.087336683417085,0,4,Rutinario,2556.2974844363403,Alto,798.5500000000004
1280,427.63,24,0.1767323962416289,0.5964912280701754,0.4473684210526316,3.751140350877193,17.817916666666665,0,2,Cazador de ofertas,233.0360008240366,Bajo,55.43000000000093
1281,788.4,38,0.11375641175667044,0.456,0.252,3.1536,20.74736842105263,0,4,Rutinario,444.6198844715004,Bajo,101.2599999999997
1282,5957.4800000000005,201,0.12488516915117648,0.45916114790286977,0.32847682119205296,2.630233995584989,29.639203980099506,0,4,Rutinario,3177.903383380182,Alto,1095.02
1283,332.46,49,0.12925042462613082,0.4577114427860697,0.29850746268656714,1.6540298507462685,6.784897959183673,0,4,Rutinario,193.0542057866412,Bajo,68.05
1284,1974.49,159,0.13562892847864638,0.4483906770255272,0.36958934517203107,2.1914428412874583,12.418176100628932,0,4,Rutinario,933.9064176113366,Medio,392.97
1285,5048.59,137,0.15191352694903265,0.5474516695957821,0.19112478031634447,2.2181854130052723,36.85102189781022,1,4,Rutinario,2594.5560445212136,Alto,1326.57
1286,595.0,30,0.15036376319759673,0.4888888888888889,0.3055555555555556,3.3055555555555554,19.833333333333332,0,4,Rutinario,307.1043849422311,Bajo,96.34000000000054
1287,2818.0,158,0.12603907696838915,0.4343501326259947,0.17374005305039789,1.8687002652519893,17.835443037974684,1,1,Indiferente al precio,1326.604974252538,Medio,474.99000000000007
1288,1896.5,53,0.13718104400190026,0.5008787346221442,0.3655536028119508,3.3330404217926186,35.783018867924525,0,4,Rutinario,973.4275178432416,Medio,366.18999999999943
1289,1512.08,524,0.1098122086208501,0.4915254237288136,0.12590799031476999,1.8306053268765132,2.8856488549618318,0,3,Intensivo,708.4134503659169,Medio,212.12000000000003
1290,1060.24,34,0.16018067192345115,0.5,0.25840336134453784,2.227394957983193,31.183529411764706,0,4,Rutinario,534.6971556354916,Bajo,297.3500000000006
1291,3290.01,103,0.1351014046979622,0.5030487804878049,0.34527439024390244,2.507629573170732,31.941844660194178,0,4,Rutinario,1611.071422017924,Medio,570.7
1292,520.32,27,0.10003410299186853,0.3389830508474576,0.15819209039548024,2.939661016949153,19.271111111111114,0,1,Indiferente al precio,258.0281756414858,Bajo,79.54
1293,2762.8,175,0.09619349739951945,0.34823529411764703,0.48823529411764705,1.6251764705882354,15.787428571428572,0,4,Rutinario,1444.0675256324853,Medio,351.44
1294,4829.32,56,0.11083763632386685,0.44348327566320644,0.22664359861591696,2.7850749711649363,86.23785714285714,1,0,Premium,2708.5743005038103,Alto,689.46
1295,1637.41,68,0.13260497949352418,0.48857644991212656,0.28471001757469244,2.8776977152899827,24.079558823529414,0,4,Rutinario,807.7534720699829,Medio,322.83000000000004
1296,2124.43,80,0.1976774554208821,0.6154721274175199,0.1945392491467577,2.4168714448236632,26.555374999999998,0,2,Cazador de ofertas,1118.6256113528314,Medio,613.35
1297,2733.08,147,0.07791556163089633,0.49333333333333335,0.2921212121212121,3.3128242424242424,18.592380952380953,0,4,Rutinario,1336.62798720572,Medio,231.31999999999672
1298,1487.99,50,0.1253629326106911,0.48355263157894735,0.34375,2.4473519736842104,29.7598,0,4,Rutinario,834.8158290700493,Medio,275.64000000000027
1299,5959.57,189,0.17353932227372407,0.583927722301474,0.42558250118877794,2.8338421302900616,31.5321164021164,1,2,Cazador de ofertas,2962.701901710043,Alto,1466.12
1300,2959.65,84,0.13002027053992274,0.4880083420229406,0.4410844629822732,3.0861835245046927,35.23392857142857,0,4,Rutinario,1447.782005109337,Medio,529.4300000000005
1301,1494.22,79,0.10768961517155258,0.38317757009345793,0.30280373831775703,2.7929345794392524,18.914177215189873,0,1,Indiferente al precio,726.7341210792298,Medio,171.88
1302,757.95,36,0.138746296109233,0.4782608695652174,0.16847826086956522,4.11929347826087,21.054166666666667,0,1,Indiferente al precio,424.27608443862727,Bajo,127.59000000000155
1303,6344.09,212,0.10572133125366193,0.39902676399026765,0.2402676399026764,3.858935523114355,29.92495283018868,1,1,Indiferente al precio,3389.940040740938,Alto,680.8900000000017
1304,899.49,90,0.18770361415540945,0.5607476635514018,0.32710280373831774,2.8021495327102803,9.994333333333334,0,2,Cazador de ofertas,466.7905890662606,Bajo,255.86
1305,7552.93,373,0.14411786997641637,0.5204731574158326,0.28525932666060055,3.4362738853503187,20.249142091152816,1,3,Intensivo,635.6226169379778,Bajo,1327.889999999995
1306,3041.67,171,0.12190445315883694,0.4428341384863124,0.3083735909822866,2.4490096618357486,17.787543859649123,0,4,Rutinario,1608.5736147803057,Medio,534.3000000000001
1307,2049.58,173,0.10249523866147398,0.328125,0.1579861111111111,3.558298611111111,11.847283236994219,0,1,Indiferente al precio,1116.969452407196,Medio,206.71999999999844
1308,320.58,23,0.13931680946505523,0.5037037037037037,0.4074074074074074,2.3746666666666667,13.938260869565216,0,4,Rutinario,132.38890033222637,Bajo,59.629999999999995
1309,158.48,9,0.14948108202958382,0.46,0.46,3.1696,17.608888888888888,0,4,Rutinario,81.09802427913343,Bajo,27.6599999999997
1310,857.98,34,0.12373226614074162,0.4858757062146893,0.423728813559322,2.423672316384181,25.23470588235294,0,4,Rutinario,479.78992714156766,Bajo,173.8800000000004
1311,685.63,17,0.19689855383492708,0.6142857142857143,0.35714285714285715,3.264904761904762,40.33117647058823,0,2,Cazador de ofertas,380.1844735623555,Bajo,225.40000000000003
1312,5055.88,134,0.13128124009279848,0.4876623376623377,0.19935064935064936,3.283038961038961,37.73044776119403,0,4,Rutinario,2614.6743214801845,Alto,750.5800000000036
1313,1030.97,30,0.1300438789826248,0.4647887323943662,0.2647887323943662,2.9041408450704225,34.36566666666667,0,4,Rutinario,562.6690112357788,Bajo,143.85
1314,14330.4,420,0.10437960211353893,0.42325416518964903,0.2704714640198511,5.079900744416873,34.12,0,3,Intensivo,7174.671904435242,Alto,1509.8799999999903
1315,645.36,5,0.14363645852451198,0.5354609929078015,0.24113475177304963,2.2885106382978724,129.072,0,0,Premium,309.195115217408,Bajo,129.81
1316,3736.48,57,0.11541930707694809,0.4421235857267189,0.26370757180156656,3.251940818102698,65.55228070175438,0,0,Premium,1787.6790061097088,Alto,573.8999999999996
1317,4065.2400000000002,196,0.13330204447688374,0.46914357682619645,0.37531486146095716,2.5599748110831237,20.741020408163266,0,4,Rutinario,1948.9651284179024,Alto,775.0400000000001
1318,5583.96,74,0.06588551418709311,0.2884739214423696,0.0901481004507405,3.5955956213779783,75.45891891891893,1,0,Premium,3039.3525437105363,Alto,424.2899999999996
1319,1059.79,48,0.21831484856416933,0.662125340599455,0.4087193460490463,2.8877111716621253,22.078958333333333,0,2,Cazador de ofertas,528.9278807695114,Bajo,348.22
1320,360.43,14,0.17639785296400173,0.5539568345323741,0.2014388489208633,2.593021582733813,25.745,0,2,Cazador de ofertas,159.52969556217104,Bajo,102.22
1321,1888.13,202,0.16096869210131298,0.5683382497541789,0.5191740412979351,1.8565683382497542,9.347178217821783,0,2,Cazador de ofertas,926.1787952002188,Medio,441.09
1322,260.65,16,0.12504143410123256,0.43037974683544306,0.25316455696202533,3.2993670886075948,16.290625,0,4,Rutinario,131.38604484616314,Bajo,52.410000000000004
1323,297.05,11,0.14027421784708902,0.4673913043478261,0.40217391304347827,3.2288043478260873,27.004545454545454,0,4,Rutinario,148.83857020365647,Bajo,62.2
1324,2667.23,42,0.1857750414568463,0.6212290502793296,0.24581005586592178,2.980145251396648,63.50547619047619,0,2,Cazador de ofertas,1384.6331162407507,Medio,762.5300000000001
1325,2835.9900000000002,64,0.08999817513724226,0.3710554951033732,0.27421109902067464,3.0859521218715997,44.312343750000004,0,1,Indiferente al precio,1462.565222156358,Medio,284.48
1326,8831.210000000001,391,0.13291321105410428,0.4817718541748334,0.4229713837710702,3.4618620148961194,22.586214833759595,1,3,Intensivo,4672.488615684251,Alto,1593.6899999999994
1327,477.17,9,0.1780829275249098,0.5918367346938775,0.21428571428571427,2.4345408163265305,53.01888888888889,0,2,Cazador de ofertas,137.68889382690583,Bajo,126.11
1328,2544.89,96,0.11681535536353581,0.4045714285714286,0.3462857142857143,2.908445714285714,26.509270833333332,0,4,Rutinario,1314.2701919521023,Medio,459.1700000000001
1329,1546.05,31,0.12052987141315144,0.434010152284264,0.27918781725888325,3.923984771573604,49.872580645161285,0,0,Premium,757.6895618872256,Medio,314.84000000000015
1330,2177.55,86,0.19427618070938898,0.6277695716395865,0.31610044313146235,3.216469719350074,25.320348837209306,0,2,Cazador de ofertas,1063.4138739227028,Medio,516.4699999999981
1331,1821.03,105,0.12352991924734912,0.4176646706586826,0.32934131736526945,2.7260928143712575,17.34314285714286,0,4,Rutinario,877.2470727969841,Medio,312.09000000000003
1332,2047.26,60,0.0931668050901033,0.34152046783625734,0.2432748538011696,2.394456140350877,34.121,0,1,Indiferente al precio,1042.220501610487,Medio,271.46999999999986
1333,7709.85,129,0.0937078489089338,0.4010874111250523,0.20911752404851527,3.224529485570891,59.76627906976744,1,0,Premium,4039.164625363088,Alto,780.9200000000001
1334,629.58,57,0.1485095063519162,0.4956268221574344,0.41690962099125367,1.8355102040816327,11.045263157894738,0,4,Rutinario,345.3220790354893,Bajo,134.2
1335,978.87,31,0.23038110779563337,0.7384259259259259,0.25,2.265902777777778,31.576451612903227,0,2,Cazador de ofertas,563.0663004463465,Bajo,344.9400000000005
1336,6035.21,123,0.21057877557155824,0.6987522281639929,0.33645276292335113,2.68948752228164,49.06674796747968,0,2,Cazador de ofertas,3007.9670984362406,Alto,2208.98
1337,11500.76,244,0.18373947699236498,0.5908306630515159,0.32634951934927287,2.8347941828937637,47.13426229508197,1,2,Cazador de ofertas,6313.920651138562,Alto,2699.1700000000005
1338,1783.98,188,0.11642897455779685,0.39509803921568626,0.5558823529411765,1.749,9.489255319148937,0,4,Rutinario,887.972621993959,Medio,356.24000000000046
1339,390.16,6,0.12889808737637898,0.5142857142857142,0.17142857142857143,11.147428571428572,65.02666666666667,0,0,Premium,244.6020657842779,Bajo,82.18
1340,512.53,57,0.11587061632246508,0.4583333333333333,0.4895833333333333,2.6694270833333333,8.991754385964912,0,4,Rutinario,257.7122303230902,Bajo,70.62
1341,434.77,13,0.36423116989218685,0.8686131386861314,0.46715328467153283,3.173503649635036,33.44384615384615,0,2,Cazador de ofertas,221.6376217257571,Bajo,220.22
1342,160.02,12,0.07285434416756544,0.34375,0.40625,5.000625,13.335,0,1,Indiferente al precio,88.79565970550024,Bajo,11.329999999999021
1343,267.19,12,0.1313729075404559,0.4152542372881356,0.19491525423728814,2.264322033898305,22.265833333333333,0,1,Indiferente al precio,164.52221600188292,Bajo,60.11000000000001
1344,2728.78,27,0.15345327390878163,0.5691056910569106,0.23306233062330622,3.6975338753387534,101.06592592592594,0,0,Premium,1429.767053944587,Medio,492.80999999999995
1345,1348.56,56,0.12819482048405975,0.4816414686825054,0.23758099352051837,2.912656587473002,24.08142857142857,0,4,Rutinario,607.586650568359,Bajo,190.47000000000003
1346,1174.31,80,0.11690929713204387,0.37790697674418605,0.15406976744186046,3.413691860465116,14.678875,0,1,Indiferente al precio,633.5996513121243,Bajo,164.5800000000004
1347,3360.34,131,0.09728769474663376,0.38903061224489793,0.22576530612244897,4.2861479591836735,25.65145038167939,1,1,Indiferente al precio,1736.2466516198424,Alto,385.59000000000003
1348,324.22,23,0.05927905223551258,0.208,0.064,2.59376,14.096521739130436,0,1,Indiferente al precio,168.43710162315253,Bajo,29.18
1349,5380.22,202,0.13779649500215344,0.5567567567567567,0.2855036855036855,2.643842751842752,26.634752475247527,0,4,Rutinario,2670.7384099083097,Alto,1313.6200000000013
1350,2568.6,131,0.1433470971944156,0.6472248353715898,0.2699905926622766,2.416368767638758,19.60763358778626,0,2,Cazador de ofertas,1301.1917774427748,Medio,560.9999999999999
1351,564.4,91,0.21672126391501648,0.625615763546798,0.5665024630541872,2.780295566502463,6.202197802197802,0,2,Cazador de ofertas,271.1344381418207,Bajo,146.54000000000002
1352,5398.95,138,0.0963874365278792,0.4066002490660025,0.18493150684931506,3.3617372353673725,39.12282608695652,0,1,Indiferente al precio,2972.702796217389,Alto,530.4899999999991
1353,4019.91,132,0.1679626068868785,0.5978009259259259,0.37037037037037035,2.3263368055555556,30.453863636363636,0,2,Cazador de ofertas,1924.0880340231731,Alto,1044.36
1354,2534.76,87,0.1394456469546329,0.516629711751663,0.30598669623059865,2.810155210643016,29.135172413793107,0,4,Rutinario,1332.578979206854,Medio,441.7300000000014
1355,547.82,14,0.11114456325867181,0.39215686274509803,0.3006535947712418,3.580522875816994,39.13,0,1,Indiferente al precio,276.1361126187968,Bajo,128.29999999999998
1356,2239.34,83,0.12171377971325853,0.4418604651162791,0.3532668881506091,2.479889258028793,26.98,1,4,Rutinario,1063.6947737548448,Medio,394.79999999999995
1357,3061.9,87,0.169504748412399,0.51,0.622,6.1238,35.19425287356322,1,2,Cazador de ofertas,1576.2040295627892,Medio,979.6499999999971
1358,2466.68,123,0.19483785654202943,0.6600397614314115,0.3946322067594433,2.4519681908548705,20.05430894308943,0,2,Cazador de ofertas,1287.943127438252,Medio,672.1800000000001
1359,1192.68,76,0.12295748712363401,0.4655581947743468,0.30403800475059384,2.8329691211401427,15.693157894736842,0,4,Rutinario,611.614377405718,Bajo,213.48
1360,630.19,23,0.11399408848370685,0.4652014652014652,0.31135531135531136,2.3083882783882785,27.399565217391306,0,4,Rutinario,333.1910260752705,Bajo,80.91000000000001
1361,608.58,11,0.12129336518426988,0.45145631067961167,0.21844660194174756,2.9542718446601945,55.32545454545455,0,0,Premium,315.14496013982455,Bajo,100.32000000000002
1362,1418.76,61,0.07786387933502623,0.34397163120567376,0.1276595744680851,5.031063829787234,23.258360655737704,0,1,Indiferente al precio,800.4367747233603,Medio,113.38
1363,4075.4,58,0.120702385715008,0.4476650563607085,0.19806763285024154,3.2813204508856684,70.26551724137931,0,0,Premium,2138.878811144969,Alto,663.6200000000002
1364,2466.05,145,0.13200934050399502,0.48053392658509453,0.20578420467185762,2.7431034482758623,17.007241379310347,1,4,Rutinario,1162.2220449179551,Medio,425.74
1365,103.65,9,0.24242913383048775,0.6545454545454545,0.2909090909090909,1.8845454545454547,11.516666666666667,0,2,Cazador de ofertas,51.789610981373386,Bajo,41.970000000000006
1366,4242.62,256,0.14403140709345602,0.5193977996525767,0.4811812391430226,2.456641574985524,16.572734375,0,4,Rutinario,2210.0519623187715,Alto,713.3600000000001
1367,12125.48,349,0.14899965226132286,0.5662784248474765,0.2651136993899057,3.3625845812534663,34.74349570200573,1,3,Intensivo,5883.096044240736,Alto,2193.509999999994
1368,2766.9700000000003,32,0.08792103260196685,0.34807417974322397,0.1825962910128388,3.9471754636233953,86.46781250000001,0,0,Premium,1530.260120523272,Medio,318.47999999999973
1369,3105.71,144,0.11221669009857937,0.4422348484848485,0.20928030303030304,2.9410132575757575,21.567430555555557,0,1,Indiferente al precio,1483.7078074103406,Medio,418.26000000000005
1370,8531.89,84,0.12806855511911247,0.4713934713934714,0.33485433485433486,2.9946963846963843,101.57011904761904,0,0,Premium,4575.753249209778,Alto,1515.39
1371,835.71,45,0.17034175834421467,0.5778364116094987,0.39577836411609496,2.205039577836412,18.571333333333335,0,2,Cazador de ofertas,12.986133230006631,Bajo,203.13999999999962
1372,1337.07,25,0.1438475994281428,0.5471698113207547,0.21226415094339623,3.1534669811320755,53.4828,0,0,Premium,631.8711006773304,Bajo,235.31999999999886
1373,657.52,40,0.10763079068909397,0.4186046511627907,0.22674418604651161,3.8227906976744186,16.438,0,1,Indiferente al precio,338.03394356237084,Bajo,71.67999999999986
1374,2841.56,99,0.11003079813745979,0.37714863498483314,0.36501516683518703,2.873164812942366,28.70262626262626,0,4,Rutinario,1480.6133410200223,Medio,400.28
1375,3745.41,122,0.12511511847854073,0.467110125646711,0.31855136733185513,2.7682261640798225,30.700081967213112,0,4,Rutinario,2036.9938957801644,Alto,737.2699999999999
1376,11041.41,233,0.14987297207145475,0.5299931833674165,0.2842535787321063,3.7632617586912067,47.38802575107296,1,4,Rutinario,6029.546858355805,Alto,1922.3800000000022
1377,791.34,35,0.0793366911791068,0.29218106995884774,0.25102880658436216,3.2565432098765434,22.609714285714286,0,1,Indiferente al precio,358.67270940095995,Bajo,68.84000000000003
1378,6933.72,121,0.10520248624060097,0.42818636888717754,0.42857142857142855,2.6698960338852524,57.30347107438017,0,0,Premium,3421.972360902598,Alto,984.3900000000009
1379,13995.22,509,0.14172415235572797,0.491882404563405,0.32426502852128125,3.07047389205792,27.495520628683693,0,3,Intensivo,7361.793270316681,Alto,2340.530000000001
1380,349.81,25,0.11314603918863256,0.4369747899159664,0.3025210084033613,2.939579831932773,13.9924,0,4,Rutinario,174.95674876012845,Bajo,49.91
1381,134.4,49,0.22256844724580047,0.6666666666666666,0.10606060606060606,2.0363636363636366,2.742857142857143,0,2,Cazador de ofertas,80.2264156143604,Bajo,42.61
1382,3082.4700000000003,116,0.1285302720571932,0.45714285714285713,0.152,3.5228228571428573,26.57301724137931,0,1,Indiferente al precio,1497.891688260863,Medio,611.73
1383,1532.65,128,0.12878550307659103,0.42570281124497994,0.16666666666666666,3.0776104417670687,11.973828125,0,1,Indiferente al precio,825.0021500658715,Medio,242.59000000000003
1384,827.46,33,0.18994059962565799,0.5890688259109311,0.4939271255060729,1.6750202429149799,25.074545454545454,0,2,Cazador de ofertas,434.8323296692217,Bajo,245.87999999999994
1385,5637.51,112,0.13556256970751626,0.49971114962449453,0.43038705950317735,3.256793760831889,50.33491071428572,0,4,Rutinario,2887.7204068606898,Alto,1189.0700000000002
1386,111.15,8,0.014521999266220113,0.0975609756097561,0.2926829268292683,2.7109756097560975,13.89375,0,1,Indiferente al precio,69.46577461057369,Bajo,1.9499999999997095
1387,2057.95,66,0.135619900276215,0.4853168469860896,0.10819165378670788,3.1807573415765065,31.181060606060605,0,1,Indiferente al precio,1033.3209142780345,Medio,387.8700000000001
1388,6949.16,150,0.10620465257735351,0.4431531076301162,0.1995957554320364,3.5114502273875696,46.327733333333335,0,0,Premium,3354.585887322042,Alto,851.460000000001
1389,2841.16,41,0.08329326631086247,0.3948497854077253,0.18025751072961374,4.064606580829756,69.29658536585366,0,0,Premium,1617.7440432283606,Medio,258.67
1390,4879.86,210,0.1756344558518491,0.5714285714285714,0.2863978127136022,3.3355160628844835,23.23742857142857,0,2,Cazador de ofertas,2335.738456673385,Alto,1434.8899999999999
1391,8105.74,169,0.17013000295573524,0.5634703196347032,0.3680365296803653,3.701251141552511,47.96295857988166,1,2,Cazador de ofertas,3930.5268377602674,Alto,1871.110000000006
1392,2315.07,106,0.14957943413819474,0.4880636604774536,0.27984084880636606,3.0703846153846155,21.840283018867925,0,4,Rutinario,1031.3792179476477,Medio,511.1900000000001
1393,5950.89,203,0.0971948668871142,0.3537190082644628,0.18292011019283747,3.2787272727272727,29.314729064039412,1,1,Indiferente al precio,3030.398363476988,Alto,728.2300000000004
1394,4391.58,151,0.12689373790766298,0.43642384105960264,0.1629139072847682,2.9083311258278144,29.083311258278144,1,1,Indiferente al precio,2474.0988542614987,Alto,760.19
1395,1142.42,40,0.13694069730327502,0.5285714285714286,0.20714285714285716,4.080071428571429,28.5605,0,4,Rutinario,587.4337073612107,Bajo,215.64
1396,7177.06,229,0.18565900041236633,0.6150529204233633,0.4449235593884751,2.8134300274402197,31.340873362445418,1,2,Cazador de ofertas,1.900515962795896e-05,Bajo,1957.5499999999995
1397,5707.6,283,0.12192112248173688,0.43752702118460873,0.21573713791612625,2.467617812364894,20.16819787985866,1,3,Intensivo,3102.6352268729324,Alto,914.819999999999
1398,404.96,20,0.14439808818857564,0.5037037037037037,0.35555555555555557,2.9997037037037035,20.247999999999998,0,4,Rutinario,229.6110030916211,Bajo,80.01000000000002
1399,1032.63,33,0.1399823408879577,0.5013333333333333,0.17333333333333334,2.75368,31.291818181818186,0,4,Rutinario,588.2574112785637,Bajo,183.58
1400,284.31,11,0.20839790835139516,0.7079646017699115,0.3008849557522124,2.5160176991150442,25.846363636363638,0,2,Cazador de ofertas,178.50258365214603,Bajo,85.13000000000001
1401,587.37,52,0.23550447266331004,0.6774193548387096,0.5663082437275986,2.1052688172043013,11.295576923076924,0,2,Cazador de ofertas,310.3108927003311,Bajo,222.69999999999914
1402,2245.76,165,0.10577658240110717,0.3990208078335373,0.42962056303549573,2.7487882496940026,13.610666666666669,0,4,Rutinario,1154.555742839443,Medio,320.56999999999954
1403,3673.26,151,0.10456688037183783,0.3685800604229607,0.24018126888217523,5.548731117824774,24.326225165562914,0,1,Indiferente al precio,1889.5058385584407,Alto,358.46000000000083
1404,1248.19,43,0.12233857399215613,0.4972067039106145,0.2085661080074488,2.324376163873371,29.02767441860465,0,4,Rutinario,634.385631260481,Bajo,212.88000000000002
1405,2480.88,54,0.12593410586803727,0.46573426573426574,0.3006993006993007,3.469762237762238,45.94222222222223,0,0,Premium,1300.1885684873698,Medio,396.7700000000004
1406,3790.44,115,0.12168030007250591,0.4750996015936255,0.23306772908366533,3.775338645418327,32.96034782608696,0,4,Rutinario,2003.946303163617,Alto,563.9300000000045
1407,1615.94,35,0.08153811556745375,0.36101083032490977,0.11732851985559567,2.9168592057761735,46.169714285714285,0,1,Indiferente al precio,846.8097386618824,Medio,145.28
1408,1055.29,57,0.1036567849361467,0.42318059299191374,0.23450134770889489,2.8444474393531,18.513859649122807,0,1,Indiferente al precio,557.9918402057657,Bajo,144.07000000000002
1409,4324.03,87,0.10367433332160877,0.420028818443804,0.33429394812680113,3.1152953890489914,49.70149425287356,0,0,Premium,2326.6357208613367,Alto,514.0699999999999
1410,2525.94,45,0.15680651952771488,0.5732044198895028,0.3632596685082873,3.4888674033149174,56.132,0,2,Cazador de ofertas,1279.291808963801,Medio,556.34
1411,131.52,6,0.19443074853902956,0.6410256410256411,0.2564102564102564,3.3723076923076927,21.92,0,2,Cazador de ofertas,57.48735184948487,Bajo,32.74
1412,4053.15,77,0.10860953227241067,0.4382267441860465,0.1816860465116279,2.945603197674419,52.63831168831169,1,0,Premium,1931.3191965387623,Alto,629.1500000000001
1413,344.06,27,0.10013886962978638,0.373015873015873,0.31746031746031744,2.7306349206349205,12.742962962962963,0,1,Indiferente al precio,190.35137091490105,Bajo,37.81
1414,274.03000000000003,17,0.11978638547018129,0.47368421052631576,0.4342105263157895,3.6056578947368423,16.119411764705884,0,4,Rutinario,166.26608899473842,Bajo,41.480000000000004
1415,271.41,27,0.12274049874709311,0.4368932038834951,0.44660194174757284,2.6350485436893205,10.052222222222223,0,4,Rutinario,147.79419606209495,Bajo,37.6799999999997
1416,91.65,6,0.16386442670158066,0.5238095238095238,0.2857142857142857,4.364285714285715,15.275,0,4,Rutinario,49.05730090351054,Bajo,14.189999999998916
1417,3703.93,75,0.16836999031691005,0.554089709762533,0.5105540897097626,4.886451187335092,49.385733333333334,1,2,Cazador de ofertas,1968.3086404902533,Alto,835.9700000000025
1418,2735.2,78,0.10485617330206859,0.40523690773067333,0.26184538653366585,3.4104738154613465,35.06666666666666,0,1,Indiferente al precio,1394.5318593790528,Medio,347.82000000000016
1419,7634.56,524,0.18454554050023073,0.6253521126760564,0.321830985915493,2.688225352112676,14.569770992366413,1,3,Intensivo,3949.8683592155567,Alto,2106.1299999999997
1420,3891.9700000000003,78,0.15529756501844283,0.5759117896522477,0.29940627650551316,3.3010771840542836,49.89705128205129,0,2,Cazador de ofertas,1838.361707165928,Alto,863.3800000000007
1421,5535.2,218,0.1930696458939265,0.6907968574635241,0.3052749719416386,3.106172839506173,25.390825688073395,1,2,Cazador de ofertas,2646.4884351882174,Alto,1229.0800000000054
1422,481.77,11,0.16819729990056184,0.5806451612903226,0.34838709677419355,3.1081935483870966,43.79727272727273,0,2,Cazador de ofertas,237.5500712526685,Bajo,141.05
1423,1695.76,188,0.08941830888798181,0.4392712550607287,0.38461538461538464,3.4327125506072873,9.02,1,4,Rutinario,937.625739404883,Medio,217.83999999999975
1424,595.22,57,0.13607643942600292,0.48148148148148145,0.3296296296296296,2.2045185185185185,10.442456140350878,0,4,Rutinario,324.26623652701903,Bajo,123.16000000000037
1425,3828.6,131,0.1991764220558092,0.6455445544554456,0.22178217821782178,2.527128712871287,29.225954198473282,0,2,Cazador de ofertas,2043.901581111338,Alto,1204.5300000000002
1426,2330.87,65,0.12600140370673582,0.4648876404494382,0.21629213483146068,3.273693820224719,35.85953846153846,0,1,Indiferente al precio,1041.573753956577,Medio,346.2700000000008
1427,2640.47,83,0.15360697182492195,0.5310786106032906,0.2522851919561243,2.413592321755027,31.81289156626506,0,4,Rutinario,1332.2905790279867,Medio,567.4100000000001
1428,4911.53,163,0.15251184245013968,0.5424557116676848,0.42333536957849727,3.0003237629810626,30.13208588957055,1,4,Rutinario,2621.14708772162,Alto,1029.7900000000002
1429,818.56,83,0.2643533371774672,0.7491961414790996,0.4855305466237942,2.6320257234726685,9.862168674698795,1,2,Cazador de ofertas,464.3507883948445,Bajo,340.18000000000006
1430,20352.99,343,0.11040165917306947,0.44569288389513106,0.35224719101123597,3.811421348314607,59.33816326530613,1,3,Intensivo,10674.582309114778,Alto,2414.379999999988
1431,2718.4,155,0.0769046800684652,0.3324742268041237,0.20231958762886598,3.5030927835051546,17.538064516129033,0,1,Indiferente al precio,1431.600617415208,Medio,289.22000000000014
1432,336.95,9,0.21286297906706148,0.6291390728476821,0.26490066225165565,2.231456953642384,37.43888888888889,0,2,Cazador de ofertas,157.38803702849611,Bajo,124.76999999999998
1433,70.04,8,0.1678430358296619,0.5185185185185185,0.2222222222222222,2.5940740740740744,8.755,0,4,Rutinario,38.84681601093571,Bajo,14.03
1434,4160.33,220,0.12148066117269106,0.45682613768961494,0.26429404900816805,2.4272637106184365,18.91059090909091,0,4,Rutinario,2287.4607284739823,Alto,670.11
1435,511.78,13,0.18030659077393874,0.5755395683453237,0.30935251798561153,3.681870503597122,39.36769230769231,0,2,Cazador de ofertas,265.94234689236515,Bajo,123.69
1436,134.89000000000001,8,0.1283363945372599,0.4230769230769231,0.19230769230769232,2.594038461538462,16.861250000000002,0,1,Indiferente al precio,57.259030227195616,Bajo,30.840000000000003
1437,4775.56,99,0.1751812962278401,0.59000900090009,0.3037803780378038,2.1492169216921693,48.237979797979804,1,2,Cazador de ofertas,2324.4185493140367,Alto,1212.64
1438,2130.77,41,0.07341743347359575,0.2741652021089631,0.15817223198594024,3.7447627416520213,51.97,0,1,Indiferente al precio,1047.678406888709,Medio,196.44
1439,555.5600000000001,32,0.16279052504288652,0.6302083333333334,0.4739583333333333,2.893541666666667,17.361250000000002,0,2,Cazador de ofertas,308.73531525081705,Bajo,122.00999999999958
1440,2551.58,100,0.16960585251077678,0.5571913929784824,0.39071347678369195,2.8896715741789354,25.5158,0,2,Cazador de ofertas,1354.3921015278313,Medio,607.4799999999977
1441,401.47,13,0.1219980805677901,0.49193548387096775,0.25806451612903225,3.2376612903225808,30.882307692307695,0,4,Rutinario,201.155593365908,Bajo,60.290000000000006
1442,312.5,29,0.16291477699394144,0.5153374233128835,0.3803680981595092,1.9171779141104295,10.775862068965518,0,4,Rutinario,164.61139774420997,Bajo,75.03999999999999
1443,2221.48,182,0.08791035677000669,0.3663865546218487,0.1815126050420168,3.733579831932773,12.205934065934066,0,1,Indiferente al precio,1171.896311655221,Medio,165.50000000000068
1444,323.99,23,0.09513773022404985,0.3951612903225806,0.18548387096774194,2.6128225806451613,14.086521739130434,0,1,Indiferente al precio,165.9274892188513,Bajo,34.940000000000005
1445,5130.59,178,0.13160449105441796,0.46340023612750886,0.22077922077922077,3.0286835891381347,28.8235393258427,1,4,Rutinario,2712.3297918151607,Alto,952.48
1446,2095.83,44,0.15350026293729102,0.5663600525624178,0.14191852825229961,2.754047306176084,47.6325,0,0,Premium,1189.1766826091698,Medio,407.71000000000004
1447,604.95,40,0.11666695593557275,0.48792270531400966,0.2463768115942029,2.9224637681159424,15.123750000000001,0,4,Rutinario,308.9690715415922,Bajo,70.54999999999973
1448,1927.33,80,0.06760078302635059,0.28,0.38769230769230767,5.930246153846154,24.091625,0,1,Indiferente al precio,845.0796574108965,Medio,157.33000000000013
1449,405.83,39,0.11787618434636216,0.4276315789473684,0.5263157894736842,2.6699342105263155,10.405897435897435,0,4,Rutinario,218.87924313009617,Bajo,58.35999999999989
1450,1647.2,88,0.1402578430524921,0.4585987261146497,0.4692144373673036,3.49723991507431,18.71818181818182,0,4,Rutinario,895.8977991128552,Medio,329.7000000000006
1451,6700.05,260,0.17236954015612546,0.5965109735509285,0.3556555993247046,3.770427687113112,25.76942307692308,1,2,Cazador de ofertas,3733.418589362216,Alto,1446.2899999999977
1452,1884.05,374,0.08651146008498192,0.2811594202898551,0.5072463768115942,1.8203381642512078,5.037566844919786,0,3,Intensivo,952.148637240328,Medio,230.68999999999903
1453,21661.29,761,0.09934768643738824,0.3973316975923938,0.1528906609415734,3.321774267750345,28.4642444152431,1,3,Intensivo,11684.318393671663,Alto,2747.24
1454,4934.0,153,0.12267578517215941,0.4130105900151286,0.2443267776096823,3.7322239031770046,32.248366013071895,0,1,Indiferente al precio,2651.5896085188165,Alto,808.7500000000001
1455,820.18,14,0.14309160841939675,0.4482758620689655,0.23275862068965517,3.535258620689655,58.58428571428571,0,0,Premium,1.5137692005346983,Bajo,132.64999999999935
1456,1506.5,68,0.12743290765028367,0.4822934232715008,0.33895446880269814,2.540472175379427,22.154411764705884,0,4,Rutinario,833.5323362292586,Medio,273.68999999999994
1457,2667.34,39,0.1415447433968792,0.5568862275449101,0.35479041916167664,3.9930239520958084,68.39333333333333,0,0,Premium,1260.980284388667,Medio,543.1300000000001
1458,3480.63,126,0.1646667728226228,0.5487571701720841,0.30401529636711283,3.327562141491396,27.62404761904762,1,2,Cazador de ofertas,1864.7583680953087,Alto,793.7299999999982
1459,4769.04,79,0.1184710847014437,0.48854961832061067,0.1297709923664122,3.6404885496183206,60.36759493670886,0,0,Premium,2401.409014168014,Alto,686.8600000000001
1460,2455.68,57,0.12346440069917955,0.4648074369189907,0.1899070385126162,3.261195219123506,43.08210526315789,1,0,Premium,1260.7822720671802,Medio,359.75999999999976
1461,7246.2,288,0.11818401554619988,0.4379905808477237,0.36054421768707484,3.7918367346938773,25.160416666666666,0,3,Intensivo,3552.408565887473,Alto,1078.8700000000003
1462,4830.0,120,0.14222325065643834,0.5391076115485565,0.08713910761154856,2.5354330708661417,40.25,1,0,Premium,2595.716660164956,Alto,880.500000000001
1463,3460.15,139,0.1661880017100648,0.5663322185061316,0.42251950947603123,3.8574693422519513,24.8931654676259,1,2,Cazador de ofertas,1694.908843415229,Alto,710.2100000000028
1464,2474.4,75,0.20794825356919797,0.6572029442691903,0.3711882229232387,2.6018927444794953,32.992000000000004,0,2,Cazador de ofertas,1313.3861713079823,Medio,822.5099999999998
1465,1038.52,56,0.11880735089702077,0.47692307692307695,0.20615384615384616,3.1954461538461536,18.544999999999998,0,1,Indiferente al precio,512.0657925132739,Bajo,156.03999999999994
1466,1029.47,38,0.12002687783486653,0.4297520661157025,0.2644628099173554,4.25400826446281,27.091315789473686,0,1,Indiferente al precio,476.3358662636287,Bajo,128.37000000000046
1467,2957.82,835,0.15859494736488333,0.5159235668789809,0.08726114649681528,1.8839617834394906,3.542299401197605,0,3,Intensivo,1395.7608127724925,Medio,502.1799999999999
1468,4131.7300000000005,78,0.10305030106908646,0.38271604938271603,0.2773662551440329,3.400600823045268,52.97089743589744,0,0,Premium,0.2823414843681565,Bajo,482.3200000000031
1469,1160.0,44,0.1142749387591109,0.40789473684210525,0.48903508771929827,2.543859649122807,26.363636363636363,0,4,Rutinario,66.59788842998285,Bajo,206.27000000000004
1470,1991.33,133,0.12731895662599232,0.47884940778341795,0.2622673434856176,3.369424703891709,14.972406015037594,0,4,Rutinario,1101.0802259468126,Medio,313.3600000000003
1471,486.72,32,0.20147818038820725,0.5641025641025641,0.3717948717948718,6.24,15.21,0,2,Cazador de ofertas,242.15373500644347,Bajo,73.6900000000009
1472,269.54,4,0.17287735449616928,0.6351351351351351,0.21621621621621623,3.642432432432433,67.385,0,0,Premium,143.2631677693736,Bajo,53.13
1473,4339.15,118,0.09662462127171978,0.4046941678520626,0.24751066856330015,3.086166429587482,36.77245762711864,0,1,Indiferente al precio,2384.672227551297,Alto,505.86
1474,2445.87,71,0.15101679304333385,0.553347280334728,0.28451882845188287,2.558441422594142,34.448873239436615,0,4,Rutinario,1303.2708682077227,Medio,532.84
1475,14855.210000000001,339,0.12062138600698641,0.453125,0.361359126984127,3.6843278769841272,43.8206784660767,1,3,Intensivo,8180.466520169899,Alto,2439.2400000000002
1476,9481.75,356,0.11770740761457303,0.4639830508474576,0.2531779661016949,5.022113347457627,26.634129213483146,0,3,Intensivo,4650.682805254879,Alto,910.4299999999951
1477,279.2,15,0.09706677873354641,0.44155844155844154,0.36363636363636365,3.625974025974026,18.613333333333333,0,4,Rutinario,154.23366162893493,Bajo,33.24000000000001
1478,88.59,6,0.20005878541194033,0.5862068965517241,0.3103448275862069,3.0548275862068968,14.765,0,2,Cazador de ofertas,60.3195127546246,Bajo,31.810000000000006
1479,9129.23,716,0.10782996383566319,0.3928894245254595,0.2997890931003314,2.750596565230491,12.750321229050279,0,3,Intensivo,4418.633441349279,Alto,1110.2300000000002
1480,152.21,26,0.2980270160673853,0.7076923076923077,0.7230769230769231,2.3416923076923077,5.854230769230769,0,2,Cazador de ofertas,88.23427993900323,Bajo,108.2
1481,3298.77,164,0.13544623535261938,0.4980330448465775,0.23839496459480725,2.5954130605822185,20.114451219512194,0,4,Rutinario,1768.9038384571368,Alto,509.06000000000057
1482,1042.35,18,0.1754446833617249,0.5539772727272727,0.3125,2.9612215909090907,57.90833333333333,0,2,Cazador de ofertas,410.8033046699848,Bajo,272.18
1483,4725.27,112,0.14022364941591875,0.5254880694143167,0.4088937093275488,2.562510845986985,42.189910714285716,1,4,Rutinario,2252.012294191345,Alto,889.0600000000011
1484,3209.39,106,0.12659089192671455,0.48563419761737914,0.25367904695164684,2.2490469516468115,30.277264150943395,0,4,Rutinario,1756.644564112361,Alto,567.51
1485,2187.88,66,0.07974992830573735,0.3492407809110629,0.24078091106290672,4.74594360086768,33.14969696969697,1,1,Indiferente al precio,1042.606308044963,Medio,194.91000000000003
1486,548.32,14,0.09858599805963518,0.3698630136986301,0.3493150684931507,3.7556164383561645,39.16571428571429,0,1,Indiferente al precio,304.4118011851259,Bajo,77.17
1487,1471.28,38,0.09302801929207755,0.3842364532019704,0.2044334975369458,3.6238423645320195,38.717894736842105,0,1,Indiferente al precio,797.9515153004463,Medio,162.04000000000013
1488,3246.92,76,0.16654866227881512,0.5645021645021645,0.32987012987012987,2.8111861471861475,42.72263157894737,1,2,Cazador de ofertas,1739.2573895209275,Alto,692.4499999999982
1489,17251.53,535,0.17107257516810798,0.582105641394179,0.34980237154150196,3.0994484369385553,32.24585046728972,0,3,Intensivo,8871.12708319507,Alto,3911.0100000000048
1490,5064.7,208,0.18549165935379197,0.6302118933697881,0.19958988380041012,3.4618591934381406,24.34951923076923,0,2,Cazador de ofertas,2383.03720386523,Alto,1234.0799999999986
1491,5635.97,289,0.10249988227447726,0.40394551432597464,0.10286519492719587,2.647238139971818,19.501626297577854,1,1,Indiferente al precio,2985.3250678705863,Alto,776.8200000000002
1492,1226.29,95,0.12528744926901983,0.428,0.336,2.4525799999999998,12.908315789473685,0,4,Rutinario,595.2485442496458,Bajo,239.42000000000002
1493,943.13,25,0.17014612374089758,0.5859649122807018,0.35789473684210527,3.3092280701754384,37.7252,0,2,Cazador de ofertas,481.67805904303833,Bajo,202.90999999999894
1494,2595.09,85,0.11071542348298116,0.4225721784776903,0.38320209973753283,2.2704199475065616,30.530470588235296,1,4,Rutinario,1342.4082107975114,Medio,363.0
1495,1779.86,165,0.10113586487876633,0.36006974716652135,0.43330427201394944,1.5517523975588492,10.787030303030303,0,4,Rutinario,934.7998122846072,Medio,263.4
1496,852.95,12,0.1259758487060991,0.41496598639455784,0.1564625850340136,2.9011904761904765,71.07916666666667,0,0,Premium,441.2250344043448,Bajo,142.96
1497,527.3,9,0.1024001194484482,0.39855072463768115,0.15217391304347827,3.8210144927536227,58.58888888888888,0,0,Premium,307.4826286898564,Bajo,62.720000000000006
1498,960.1800000000001,26,0.10963459959899197,0.4,0.08405797101449275,2.783130434782609,36.93,0,1,Indiferente al precio,481.0251527849743,Bajo,152.04000000000002
1499,2106.09,88,0.1528816903695421,0.5431654676258992,0.13309352517985612,3.7879316546762594,23.93284090909091,0,4,Rutinario,1138.561697432248,Medio,562.2500000000002
1500,1051.1200000000001,54,0.10919189902881873,0.40828402366863903,0.2485207100591716,3.109822485207101,19.465185185185188,0,1,Indiferente al precio,569.1926867131949,Bajo,163.59999999999997
1501,8490.73,204,0.11972164056496098,0.46258802816901406,0.269806338028169,3.7371170774647884,41.621225490196075,0,4,Rutinario,4542.739701705375,Alto,1113.080000000004
1502,2160.82,46,0.12938618771442764,0.49935316946959896,0.278137128072445,2.7953686934023287,46.97434782608696,0,0,Premium,1084.8486858479605,Medio,316.84000000000003
1503,117.69,17,0.1388552712388561,0.48,0.32,2.3538,6.922941176470588,0,4,Rutinario,65.16096202888104,Bajo,21.160000000000004
1504,66.33,3,0.13029429712840299,0.5714285714285714,0.0,9.475714285714286,22.11,0,1,Indiferente al precio,10.829818753019747,Bajo,31.680000000000007
1505,4053.23,102,0.13177679827793176,0.5105028644175684,0.1935073201782304,2.5800318268618714,39.73754901960784,1,0,Premium,596.2361424369803,Bajo,579.6600000000001
1506,2387.73,144,0.1300434414771944,0.4853754940711462,0.383399209486166,1.8875335968379447,16.581458333333334,0,4,Rutinario,1202.3302108286096,Medio,433.67
1507,1499.3700000000001,26,0.10759900365368753,0.44141689373297005,0.2997275204359673,4.0854768392370575,57.668076923076924,0,0,Premium,784.6867251385943,Medio,203.5999999999985
1508,1849.2,81,0.19520496036793017,0.6200873362445415,0.37554585152838427,4.037554585152838,22.82962962962963,1,2,Cazador de ofertas,912.6859371525652,Medio,506.6600000000009
1509,6452.83,204,0.09265506741470902,0.3693877551020408,0.13537414965986394,4.389680272108843,31.63151960784314,1,1,Indiferente al precio,3296.705256905833,Alto,681.5399999999968
1510,11211.37,1298,0.09797717233072,0.4110390968011708,0.13506167677190048,2.344003763328455,8.637419106317411,0,3,Intensivo,5923.921887972348,Alto,1347.5500000000002
1511,3740.16,149,0.13797262676154337,0.5185459940652819,0.2381305637982196,2.7745994065281896,25.10174496644295,1,4,Rutinario,1958.950835485922,Alto,768.5699999999999
1512,1674.23,93,0.12476398643227207,0.4432314410480349,0.39956331877729256,3.6555240174672488,18.00247311827957,0,4,Rutinario,824.3931332678901,Medio,223.18999999999744
1513,931.89,63,0.13311193011121852,0.47686832740213525,0.1103202846975089,3.316334519572954,14.791904761904762,0,1,Indiferente al precio,484.462323847424,Bajo,157.38
1514,2355.31,57,0.1260538256040911,0.48509174311926606,0.19724770642201836,2.7010435779816513,41.32122807017544,0,0,Premium,1284.176252353697,Medio,336.7900000000001
1515,4158.2,99,0.11941689093440355,0.4566385264773599,0.2003069838833461,3.1912509593246354,42.0020202020202,0,0,Premium,2088.447903269732,Alto,608.1800000000001
1516,189.66,15,0.15454285010585633,0.5294117647058824,0.3088235294117647,2.7891176470588235,12.644,0,4,Rutinario,69.595692358081,Bajo,24.47
1517,3871.04,135,0.19374849922986684,0.6298611111111111,0.28055555555555556,2.688222222222222,28.67437037037037,0,2,Cazador de ofertas,2005.901949080532,Alto,1203.770000000001
1518,1373.77,34,0.1535140258162852,0.48985507246376814,0.28695652173913044,3.981942028985507,40.405,0,4,Rutinario,703.8177378059877,Medio,356.4600000000001
1519,2425.66,30,0.13491547940706936,0.5011261261261262,0.21396396396396397,2.731599099099099,80.85533333333333,0,0,Premium,1180.7618828158463,Medio,404.8899999999997
1520,3839.36,142,0.1904932512153631,0.6381288614298323,0.3989408649602824,3.3886672550750223,27.037746478873242,0,2,Cazador de ofertas,2078.8767097502405,Alto,674.2899999999946
1521,753.95,43,0.17953839903018315,0.5681293302540416,0.2517321016166282,1.7412240184757506,17.53372093023256,0,2,Cazador de ofertas,402.79871705981776,Bajo,208.62
1522,1086.56,35,0.15502462330157973,0.5446009389671361,0.33568075117370894,2.5506103286384976,31.044571428571427,0,4,Rutinario,592.1337496162273,Bajo,224.29000000000002
1523,1668.3,67,0.17287421168190112,0.5297113752122241,0.5382003395585738,2.832427843803056,24.9,0,2,Cazador de ofertas,877.59064229575,Medio,344.71000000000095
1524,2800.81,60,0.12821826773629913,0.4561611374407583,0.3684834123222749,3.318495260663507,46.680166666666665,0,4,Rutinario,1495.139543792675,Medio,476.83000000000357
1525,1645.25,38,0.16795415450458837,0.5672413793103448,0.4844827586206897,2.836637931034483,43.296052631578945,0,2,Cazador de ofertas,875.092337908432,Medio,392.33000000000004
1526,2901.09,199,0.133165957229764,0.47013782542113325,0.37442572741194485,2.22135528330781,14.578341708542714,0,4,Rutinario,1516.3321689259856,Medio,585.22
1527,17295.18,317,0.09594688333694655,0.39385775862068967,0.3119612068965517,4.659261853448276,54.55892744479495,0,3,Intensivo,8486.994263344171,Alto,1910.4000000000085
1528,8086.55,239,0.1545109461520906,0.529741077676697,0.3173547935619314,2.82944366689993,33.83493723849372,1,4,Rutinario,4094.486535830141,Alto,1600.7899999999995
1529,9025.41,243,0.13663212554055687,0.4830917874396135,0.2545522110739502,3.3539241917502784,37.141604938271605,1,4,Rutinario,4820.8971639441,Alto,1576.39
1530,879.9300000000001,48,0.09444771222132373,0.3993055555555556,0.12152777777777778,3.0553125000000003,18.331875,0,1,Indiferente al precio,486.3864700230114,Bajo,96.8300000000022
1531,978.91,45,0.14001832320958668,0.5,0.3028571428571429,2.796885714285714,21.753555555555554,0,4,Rutinario,501.6015677014487,Bajo,185.38000000000008
1532,1916.02,86,0.09721523026372457,0.3353413654618474,0.12449799196787148,3.847429718875502,22.279302325581394,0,1,Indiferente al precio,941.8874719980432,Medio,280.9599999999998
1533,255.24,22,0.04343428595755891,0.18333333333333332,0.125,2.1270000000000002,11.601818181818182,0,1,Indiferente al precio,142.18048304028187,Bajo,15.530000000000001
1534,8449.68,311,0.10539051320512541,0.44389027431421446,0.3117206982543641,3.511920199501247,27.169389067524115,1,3,Intensivo,4642.8536173646,Alto,1018.4200000000019
1535,8453.65,247,0.1169662968457793,0.418945963975984,0.2181454302868579,2.8197631754503,34.22530364372469,0,1,Indiferente al precio,4391.084470051226,Alto,1409.6899999999996
1536,6960.1900000000005,164,0.12445304005495293,0.47195467422096316,0.26345609065155806,3.943450424929179,42.44018292682927,0,4,Rutinario,3450.979479822431,Alto,984.1600000000014
1537,2878.58,145,0.12176006974310592,0.43314285714285716,0.352,3.289805714285714,19.852275862068964,0,4,Rutinario,1462.6007398510485,Medio,409.10000000000116
1538,504.92,32,0.14735743683147576,0.45416666666666666,0.26666666666666666,2.103833333333333,15.77875,0,4,Rutinario,261.71133785157866,Bajo,96.65
1539,79.41,10,0.06176720823309057,0.35294117647058826,0.29411764705882354,4.671176470588235,7.941,0,1,Indiferente al precio,49.06345992146255,Bajo,5.819999999999999
1540,3598.69,143,0.13010176256944803,0.49466666666666664,0.32466666666666666,2.3991266666666666,25.165664335664335,0,4,Rutinario,1953.3236778313071,Alto,728.1300000000001
1541,7743.35,101,0.09447871793785034,0.4045986284792255,0.17708753529649052,3.123578055667608,76.66683168316833,1,0,Premium,4322.285504295718,Alto,811.5499999999994
1542,1969.93,116,0.10970064297863126,0.4573502722323049,0.3393829401088929,3.57519056261343,16.982155172413794,0,4,Rutinario,947.5138152031798,Medio,347.1
1543,2612.4,83,0.1628036186636093,0.5731382978723404,0.324468085106383,3.4739361702127662,31.474698795180725,0,2,Cazador de ofertas,1447.3702702592457,Medio,699.4100000000001
1544,2457.93,54,0.1271629695871203,0.47984886649874053,0.3224181360201511,3.095629722921914,45.517222222222216,0,4,Rutinario,1155.1783204844796,Medio,323.3200000000013
1545,3948.53,174,0.11252281229249976,0.4036624203821656,0.3359872611464968,3.143734076433121,22.69270114942529,0,4,Rutinario,2034.078489747273,Alto,653.2500000000002
1546,4095.37,113,0.15256176000058835,0.5578703703703703,0.39988425925925924,2.370005787037037,36.24221238938053,0,4,Rutinario,2292.294208895876,Alto,760.3799999999997
1547,2222.05,289,0.10206545569449942,0.4177215189873418,0.2389240506329114,3.5159018987341777,7.6887543252595165,0,3,Intensivo,1113.533024238517,Medio,234.07000000000093
1548,3850.53,112,0.13675847309446465,0.5130990415335464,0.32523961661341855,2.460402555910543,34.379732142857144,0,4,Rutinario,1909.398921508876,Alto,742.8500000000006
1549,1988.91,175,0.14342288347243287,0.43090452261306533,0.42462311557788945,2.4986306532663316,11.3652,0,4,Rutinario,941.4893590802652,Medio,393.73
1550,2542.45,337,0.12512000024048026,0.40480961923847697,0.48830995323981297,1.6983633934535738,7.544362017804154,0,3,Intensivo,1294.6962552786592,Medio,456.36999999999944
1551,800.11,18,0.12369219488400265,0.426056338028169,0.31338028169014087,2.817288732394366,44.45055555555555,0,4,Rutinario,359.6114014871787,Bajo,118.03
1552,1084.76,35,0.11109647547096886,0.42618384401114207,0.1615598885793872,3.021615598885794,30.993142857142857,0,1,Indiferente al precio,591.9070349759855,Bajo,130.33
1553,140.84,16,0.09402507608034728,0.35526315789473684,0.47368421052631576,1.8531578947368421,8.8025,0,4,Rutinario,79.7473559033779,Bajo,14.589999999999998
1554,982.76,46,0.13865511672550493,0.43915343915343913,0.31216931216931215,5.19978835978836,21.364347826086956,0,4,Rutinario,492.65258973993406,Bajo,155.80999999999966
1555,1446.54,89,0.16392653026676124,0.565359477124183,0.29901960784313725,2.3636274509803923,16.25325842696629,0,2,Cazador de ofertas,751.0120115061143,Medio,321.18000000000006
1556,3799.8,138,0.1666830059009995,0.5724478594950604,0.4138309549945115,2.085510428100988,27.534782608695654,0,2,Cazador de ofertas,2061.800855729733,Alto,1026.34
1557,6528.36,195,0.08346971191460172,0.3387096774193548,0.20689655172413793,3.630901001112347,33.47876923076923,0,1,Indiferente al precio,3489.162308048816,Alto,538.9400000000012
1558,4487.1,145,0.08874856077363333,0.35559131134352373,0.1842316975060338,3.6098954143201936,30.945517241379314,0,1,Indiferente al precio,2112.0443384439395,Alto,432.01000000000005
1559,2725.42,59,0.09844500579589653,0.42898134863701576,0.10616929698708752,3.9102152080344332,46.1935593220339,0,1,Indiferente al precio,1298.0887165714837,Medio,290.12
1560,1209.04,44,0.23667763990806853,0.7619047619047619,0.37857142857142856,2.8786666666666667,27.478181818181817,0,2,Cazador de ofertas,686.1274313719591,Medio,452.71000000000004
1561,401.41,6,0.10092167982770489,0.4,0.2,3.822952380952381,66.90166666666667,0,0,Premium,278.57404090605473,Bajo,55.68000000000001
1562,1198.02,39,0.1927028038947873,0.610726643598616,0.4515570934256055,2.072698961937716,30.718461538461536,0,2,Cazador de ofertas,658.9991096160084,Medio,353.65999999999985
1563,4754.88,113,0.11156764706303542,0.4391489361702128,0.2995744680851064,4.046706382978724,42.07858407079646,0,4,Rutinario,2656.845724376835,Alto,717.9199999999994
1564,437.77,36,0.11064687491951032,0.40298507462686567,0.2462686567164179,3.2669402985074627,12.160277777777777,0,1,Indiferente al precio,221.77513518191697,Bajo,86.67
1565,447.91,31,0.16669235231281992,0.5647668393782384,0.3316062176165803,2.320777202072539,14.448709677419355,0,2,Cazador de ofertas,231.2343401677173,Bajo,86.79999999999978
1566,10567.710000000001,346,0.10080417504684734,0.4314435062324085,0.19702452754322478,4.249179734620024,30.542514450867056,1,3,Intensivo,5675.579381821352,Alto,1111.7700000000023
1567,2124.23,155,0.08513744135001555,0.34236947791164657,0.1576305220883534,2.1327610441767066,13.704709677419356,0,1,Indiferente al precio,1160.1030734437716,Medio,242.31
1568,4575.94,81,0.17268792679959896,0.5866466616654163,0.34433608402100524,3.432813203300825,56.493086419753084,1,2,Cazador de ofertas,2549.5285570603264,Alto,1301.1100000000001
1569,1345.59,104,0.14578747863380928,0.4657534246575342,0.3668188736681887,2.048082191780822,12.938365384615384,0,4,Rutinario,651.7440193151208,Medio,267.13
1570,2389.96,51,0.16459637074843042,0.5258019525801952,0.2496513249651325,3.3332775453277548,46.86196078431372,0,0,Premium,1325.822015290472,Medio,703.5400000000001
1571,567.87,49,0.1130120903119075,0.3869047619047619,0.11904761904761904,3.3801785714285715,11.589183673469387,0,1,Indiferente al precio,295.9939767916477,Bajo,60.009999999999785
1572,2544.41,52,0.15136727400308067,0.5676392572944297,0.2864721485411141,3.374549071618037,48.93096153846154,0,2,Cazador de ofertas,1404.0677892657798,Medio,505.3200000000008
1573,372.87,95,0.10404205332585464,0.4245810055865922,0.1452513966480447,2.083072625698324,3.9249473684210527,0,1,Indiferente al precio,206.36241701892845,Bajo,48.53
1574,3616.03,28,0.20259627369442865,0.641156462585034,0.5170068027210885,3.074855442176871,129.14392857142857,0,0,Premium,2036.1967542727689,Alto,1308.96
1575,1642.49,55,0.12628680052466582,0.45068664169787764,0.40324594257178525,2.050549313358302,29.863454545454545,0,4,Rutinario,896.6789745030427,Medio,323.2100000000002
1576,471.11,18,0.19885725391650133,0.5985401459854015,0.38686131386861317,1.7193795620437957,26.172777777777778,0,2,Cazador de ofertas,231.8033884232732,Bajo,153.60000000000002
1577,3794.61,82,0.12959338497739112,0.4989043097151205,0.3462381300219138,2.771811541271001,46.27573170731708,0,4,Rutinario,2007.5167341540252,Alto,654.9699999999991
1578,2846.81,94,0.11660210942670912,0.4910941475826972,0.29855810008481765,2.4145971162001696,30.285212765957446,0,4,Rutinario,1605.8637728590147,Medio,494.5999999999998
1579,12695.25,600,0.15912205388558784,0.5304395304395304,0.3207753207753208,3.465806715806716,21.15875,0,3,Intensivo,6061.005518542035,Alto,2223.6499999999955
1580,1771.02,201,0.13577072894217673,0.4293563579277865,0.5172684458398744,1.3901255886970172,8.811044776119402,0,4,Rutinario,898.5561431404096,Medio,401.4500000000001
1581,1249.26,28,0.198049234351637,0.6237864077669902,0.3276699029126214,3.0321844660194173,44.61642857142857,1,2,Cazador de ofertas,1500.499833527109,Medio,378.6
1582,1907.02,37,0.09529832748094252,0.38646616541353385,0.19548872180451127,2.8676992481203007,51.54108108108108,0,1,Indiferente al precio,839.7061568305018,Medio,213.2799999999998
1583,338.28000000000003,20,0.1218545407404615,0.39705882352941174,0.5,4.974705882352942,16.914,0,4,Rutinario,186.4498714254693,Bajo,47.67
1584,7435.38,317,0.10210932705417099,0.41504471330878484,0.15149921094160967,3.911299316149395,23.45545741324921,0,3,Intensivo,3504.9724600515347,Alto,864.8400000000038
1585,9353.85,149,0.09426397725598049,0.38636363636363635,0.198989898989899,4.724166666666667,62.77751677852349,0,0,Premium,4821.84799991698,Alto,976.8700000000014
1586,2237.21,72,0.0684756739706591,0.26542056074766357,0.18878504672897195,4.181700934579439,31.07236111111111,0,1,Indiferente al precio,1219.6819728761486,Medio,175.05
1587,714.61,68,0.13631004186526346,0.48507462686567165,0.19029850746268656,2.666455223880597,10.508970588235295,0,4,Rutinario,386.70884238520495,Bajo,124.66000000000028
1588,5199.9800000000005,232,0.0875474392625779,0.32785145888594164,0.2509283819628647,2.7586100795755972,22.413706896551727,1,1,Indiferente al precio,2651.7643615637144,Alto,559.8000000000014
1589,341.54,18,0.14172947350289072,0.5271317829457365,0.18604651162790697,2.6475968992248062,18.974444444444444,0,4,Rutinario,184.2032136404527,Bajo,65.99000000000001
1590,8033.79,151,0.09446105749798472,0.3721325403568394,0.17332200509770604,3.4128249787595584,53.20390728476821,1,1,Indiferente al precio,3789.677077642045,Alto,967.3800000000001
1591,4844.96,110,0.12808989171587873,0.4730971128608924,0.2637795275590551,3.1791076115485564,44.04509090909091,1,0,Premium,2364.314849744544,Alto,789.3800000000035
1592,2371.59,52,0.08935022355110014,0.39186295503211993,0.2955032119914347,5.078351177730193,45.6075,0,1,Indiferente al precio,1315.5498169244856,Medio,220.43000000000052
1593,1789.1,42,0.14367937681688173,0.5248,0.184,2.8625599999999998,42.59761904761905,1,0,Premium,938.5084483105778,Medio,315.08999999999753
1594,2986.13,117,0.14277167547761,0.5162011173184358,0.329608938547486,3.3364581005586595,25.522478632478634,0,4,Rutinario,1728.4706271065245,Alto,539.4700000000018
1595,5644.07,139,0.10532389738492252,0.4210160055671538,0.3743910925539318,3.9276757132915794,40.60482014388489,0,4,Rutinario,2819.576506198703,Alto,635.8600000000005
1596,2154.63,28,0.11607327131998933,0.4787234042553192,0.12234042553191489,2.8651994680851067,76.95107142857144,0,0,Premium,1129.1386025810402,Medio,294.31000000000006
1597,801.63,54,0.1314127427480244,0.4472843450479233,0.26517571884984026,2.56111821086262,14.845,0,4,Rutinario,412.48096057921697,Bajo,137.2
1598,11516.83,442,0.1171997216744326,0.542090395480226,0.21581920903954802,3.2533418079096044,26.056176470588234,1,3,Intensivo,6317.034951147507,Alto,2048.5000000000014
1599,6161.21,181,0.11749240927529865,0.4444444444444444,0.311042524005487,2.11289780521262,34.03983425414365,0,4,Rutinario,3002.717513198764,Alto,1059.96
1600,914.7,64,0.1962986420095011,0.5728155339805825,0.5145631067961165,2.9601941747572815,14.2921875,0,2,Cazador de ofertas,451.072412816866,Bajo,243.32999999999942
1601,1288.54,23,0.10651685230588118,0.40190476190476193,0.32571428571428573,2.4543619047619045,56.02347826086957,0,0,Premium,645.5679496969469,Medio,185.74
1602,6425.14,159,0.09059570582021349,0.35492957746478876,0.14976525821596245,3.0164976525821596,40.4096855345912,1,1,Indiferente al precio,3351.0704801443712,Alto,692.2900000000001
1603,492.72,11,0.16594786900339834,0.5198237885462555,0.4008810572687225,2.1705726872246696,44.79272727272728,0,2,Cazador de ofertas,269.3670092617936,Bajo,134.17000000000002
1604,818.41,156,0.07300510485187538,0.33419689119170987,0.05699481865284974,2.1202331606217615,5.246217948717948,0,1,Indiferente al precio,453.73164961561145,Bajo,95.18
1605,729.22,57,0.15083291852370367,0.5185185185185185,0.24603174603174602,1.9291534391534393,12.793333333333333,0,4,Rutinario,405.2163615266625,Bajo,195.57
1606,1131.91,21,0.12393590746736455,0.48026315789473684,0.26973684210526316,3.723388157894737,53.9004761904762,0,0,Premium,614.4655793997842,Bajo,208.89
1607,3882.88,138,0.30238350944379344,0.7760314341846758,0.03143418467583497,7.6284479371316305,28.1368115942029,0,2,Cazador de ofertas,1991.3187657341427,Alto,2421.6100000000006
1608,1399.89,40,0.16418713501187643,0.4915014164305949,0.3937677053824363,1.9828470254957509,34.99725,0,4,Rutinario,732.759784641418,Medio,414.59000000000094
1609,27859.68,408,0.08000191370433027,0.3506000303812851,0.18471821358043444,4.232064408324472,68.2835294117647,1,0,Premium,13806.727313691345,Alto,2422.539999999991
1610,164.49,11,0.09438809607719674,0.49056603773584906,0.3018867924528302,3.1035849056603775,14.953636363636365,0,4,Rutinario,82.81229779408974,Bajo,20.64
1611,677.46,51,0.12482818695901758,0.4913494809688581,0.3044982698961938,2.344152249134948,13.283529411764707,0,4,Rutinario,351.6964547089692,Bajo,105.35000000000008
1612,8429.05,151,0.10827343196531275,0.4271887373515178,0.17509898812142544,3.7083369995600526,55.821523178807944,0,0,Premium,4128.621999967372,Alto,924.4200000000059
1613,6699.49,136,0.10628636614398752,0.435965848452508,0.22198505869797225,3.574967982924226,49.26095588235294,0,0,Premium,3199.4193908790985,Alto,917.47
1614,518.16,75,0.1022480987730246,0.4011627906976744,0.47674418604651164,3.0125581395348835,6.908799999999999,0,4,Rutinario,284.14451552274323,Bajo,66.5500000000002
1615,869.28,42,0.16931902138413135,0.5582191780821918,0.4417808219178082,2.976986301369863,20.697142857142858,0,2,Cazador de ofertas,444.9372967743316,Bajo,192.81000000000012
1616,1235.72,38,0.12897209773300827,0.4788135593220339,0.2457627118644068,2.6180508474576274,32.51894736842105,0,4,Rutinario,599.1126941634571,Bajo,239.10999999999999
1617,4067.8,103,0.12577930824975656,0.49414348462664714,0.2935578330893119,2.977891654465593,39.49320388349515,0,4,Rutinario,1937.3966742644025,Alto,700.6699999999998
1618,4562.4800000000005,99,0.09615281624259157,0.401386748844376,0.14252696456086286,3.5150077041602468,46.08565656565657,1,1,Indiferente al precio,2571.0581255683346,Alto,471.13999999999646
1619,4454.7300000000005,185,0.12247731203940974,0.40642129992169146,0.21848081440877057,3.4884338292873927,24.079621621621623,0,1,Indiferente al precio,2370.5436839042136,Alto,599.2599999999966
1620,9219.35,336,0.16759772672246406,0.5507476932866688,0.45688832325803375,2.9332962138084633,27.43854166666667,0,3,Intensivo,4775.282513396765,Alto,2289.440000000002
1621,3231.48,90,0.14422446654886356,0.5359937402190923,0.3075117370892019,2.528544600938967,35.90533333333333,0,4,Rutinario,1755.589556727297,Alto,651.9799999999998
1622,3844.31,105,0.16828025851732817,0.5439137134052389,0.43836671802773497,2.961718027734977,36.61247619047619,0,2,Cazador de ofertas,1905.23667838674,Alto,938.0199999999995
1623,4733.62,180,0.14096085328364594,0.476303317535545,0.27567140600315954,3.739036334913112,26.297888888888888,0,4,Rutinario,2637.855704964796,Alto,911.2899999999998
1624,1567.81,82,0.09760499963749138,0.4153225806451613,0.18548387096774194,3.160907258064516,19.11963414634146,0,1,Indiferente al precio,871.8329319616432,Medio,241.34
1625,464.64,41,0.11864396482618696,0.4114583333333333,0.19791666666666666,2.42,11.332682926829268,0,1,Indiferente al precio,266.4343947682171,Bajo,66.89000000000001
1626,42.959999999999994,2,0.09924759834330706,0.625,0.0,5.369999999999999,21.479999999999997,0,1,Indiferente al precio,54.5914150311388,Bajo,2.160000000000001
1627,3484.02,112,0.12845006370609785,0.4341279799247177,0.2936010037641154,4.371417816813049,31.107321428571428,1,4,Rutinario,1795.8183351962457,Alto,504.32000000000176
1628,546.78,18,0.10605418311764823,0.4088050314465409,0.3018867924528302,3.4388679245283016,30.376666666666665,0,1,Indiferente al precio,304.9294181255751,Bajo,80.61
1629,590.71,9,0.11289231764088044,0.4744897959183674,0.19387755102040816,3.013826530612245,65.63444444444445,0,0,Premium,290.14288072325564,Bajo,79.53
1630,9265.32,188,0.12144912838020729,0.4514060187469166,0.18056240749876665,4.570952146028613,49.28361702127659,1,0,Premium,5065.672413118352,Alto,1530.5
1631,10427.21,352,0.16041424906311336,0.5596252129471891,0.4352640545144804,2.2204450596252125,29.62275568181818,0,3,Intensivo,5618.780667885389,Alto,2594.67
1632,2104.91,64,0.11048285875317931,0.4305555555555556,0.40625,3.6543576388888885,32.88921875,0,4,Rutinario,1100.8925862338065,Medio,285.82999999999976
1633,10162.78,219,0.12942744371577752,0.4968064426548181,0.233268536517634,2.8222104970841433,46.40538812785388,1,0,Premium,4784.246974000412,Alto,1843.530000000003
1634,4616.14,84,0.15340496840508483,0.5360201511335012,0.40554156171284633,2.3255113350125947,54.95404761904762,1,4,Rutinario,2304.95979846062,Alto,922.1800000000001
1635,128.98,20,0.08870697092776436,0.3488372093023256,0.20930232558139536,2.99953488372093,6.449,0,1,Indiferente al precio,76.49934821286496,Bajo,24.43
1636,1197.77,22,0.13454417250691678,0.527027027027027,0.24054054054054055,3.237216216216216,54.44409090909091,0,0,Premium,663.4129379817455,Medio,224.13
1637,1170.13,66,0.18567457387444966,0.5567567567567567,0.3945945945945946,6.325027027027027,17.729242424242425,0,2,Cazador de ofertas,612.3218014283336,Bajo,411.9099999999998
1638,552.18,51,0.21519464882641623,0.6195286195286195,0.45791245791245794,1.859191919191919,10.827058823529411,0,2,Cazador de ofertas,308.2145290111033,Bajo,186.56
1639,2578.1,110,0.13812176546962865,0.4939516129032258,0.4435483870967742,2.598891129032258,23.437272727272727,0,4,Rutinario,1354.5388214578245,Medio,482.05999999999995
1640,4410.1,151,0.13680247678829482,0.5108267716535433,0.18208661417322836,4.340649606299213,29.205960264900664,0,4,Rutinario,2284.874030886217,Alto,704.630000000004
1641,577.62,47,0.15163604089199326,0.5,0.27403846153846156,2.777019230769231,12.289787234042553,0,4,Rutinario,318.8907789321524,Bajo,108.67000000000047
1642,2096.12,125,0.13813846780399291,0.4422507403751234,0.4027640671273445,2.0692201382033564,16.76896,1,4,Rutinario,999.052504071017,Medio,536.9700000000004
1643,1461.4,46,0.15092846412108107,0.582441113490364,0.3811563169164882,3.129336188436831,31.769565217391307,0,2,Cazador de ofertas,732.7159818946496,Medio,320.8599999999996
1644,397.48,26,0.11535693435823562,0.43333333333333335,0.2,4.416444444444445,15.287692307692309,0,1,Indiferente al precio,204.01081460046169,Bajo,63.34999999999958
1645,296.52,8,0.12643091159454234,0.44285714285714284,0.4142857142857143,4.236,37.065,0,4,Rutinario,196.11364246730935,Bajo,63.470000000000006
1646,1553.53,68,0.09976951019483223,0.376984126984127,0.24206349206349206,6.164801587301588,22.846029411764704,0,1,Indiferente al precio,757.1589010837073,Medio,148.82
1647,50.49,12,0.12269045562135675,0.4230769230769231,0.46153846153846156,1.941923076923077,4.2075000000000005,0,4,Rutinario,27.54696033414976,Bajo,9.12
1648,5250.36,112,0.1585678646540959,0.5167682926829268,0.33003048780487804,4.001798780487805,46.878214285714286,1,4,Rutinario,2656.9988663714307,Alto,1089.0699999999913
1649,1132.4,48,0.11584655778570313,0.4178272980501393,0.1532033426183844,3.1543175487465183,23.59166666666667,0,1,Indiferente al precio,597.4602272284088,Bajo,163.36
1650,2259.16,105,0.10563536679749666,0.34497816593886466,0.24599708879184862,3.28844250363901,21.515809523809523,0,1,Indiferente al precio,1275.214358090214,Medio,377.13
1651,2025.08,65,0.11578369115731343,0.44,0.32166666666666666,3.3751333333333333,31.155076923076923,1,4,Rutinario,993.9265480786788,Medio,334.39000000000004
1652,946.0,38,0.12792705839335827,0.44280442804428044,0.17343173431734318,3.4907749077490773,24.894736842105264,0,1,Indiferente al precio,457.9007423237235,Bajo,139.23
1653,19153.75,538,0.1480121333463777,0.5116191195919139,0.36557717740411866,3.618694502172681,35.601765799256505,1,3,Intensivo,10211.366747496066,Alto,4222.669999999998
1654,786.53,39,0.09727463916896087,0.34782608695652173,0.20108695652173914,4.2746195652173915,20.167435897435897,0,1,Indiferente al precio,396.53423090584687,Bajo,63.41999999999912
1655,502.77,40,0.14413084592311992,0.5129533678756477,0.3160621761658031,2.6050259067357513,12.56925,0,4,Rutinario,246.0214179829967,Bajo,95.59
1656,458.22,10,0.08712704584362622,0.4329896907216495,0.17525773195876287,4.723917525773196,45.822,0,1,Indiferente al precio,239.6828231340098,Bajo,47.68000000000001
1657,647.9,49,0.10254204636486655,0.391812865497076,0.47953216374269003,3.7888888888888888,13.222448979591837,0,4,Rutinario,363.7603758256077,Bajo,46.80000000000015
1658,1778.67,68,0.13928826908059141,0.5699658703071673,0.11604095563139932,3.0352730375426624,26.15691176470588,0,4,Rutinario,978.332917967623,Medio,299.05
1659,2820.61,130,0.14437907630242997,0.511284046692607,0.40700389105058365,2.195027237354086,21.697000000000003,0,4,Rutinario,1513.5614884709355,Medio,587.8500000000001
1660,2045.5,62,0.17085095736940148,0.5863192182410424,0.3355048859934853,3.3314332247557004,32.99193548387097,0,2,Cazador de ofertas,1066.887157678167,Medio,545.6300000000006
1661,1425.4,44,0.07967761454168605,0.3351206434316354,0.26005361930294907,3.821447721179625,32.39545454545455,0,1,Indiferente al precio,734.8474264495519,Medio,127.73999999999843
1662,8617.94,83,0.10432526665435467,0.37910447761194027,0.1880597014925373,3.2156492537313435,103.83060240963856,0,0,Premium,4581.585580652358,Alto,1525.08
1663,1834.06,196,0.11597158948707299,0.36164383561643837,0.27123287671232876,5.024821917808219,9.357448979591837,0,1,Indiferente al precio,997.488309371946,Medio,95.00999999999891
1664,2194.31,41,0.17910736880079517,0.6116941529235382,0.2623688155922039,3.2898200899550223,53.51975609756097,0,2,Cazador de ofertas,1150.3318181640057,Medio,562.2699999999984
1665,1556.84,108,0.14811162808078743,0.4971209213051823,0.40115163147792704,2.988176583493282,14.415185185185184,0,4,Rutinario,788.3187738738363,Medio,504.4899999999975
1666,1078.47,82,0.13720420757203913,0.5162337662337663,0.461038961038961,3.501525974025974,13.152073170731708,0,4,Rutinario,585.3091861976649,Bajo,150.92000000000021
1667,891.1,42,0.20887026309869652,0.6385542168674698,0.17670682730923695,3.578714859437751,21.21666666666667,0,2,Cazador de ofertas,427.957621433394,Bajo,321.86
1668,2283.69,94,0.08848470281818648,0.3447098976109215,0.33447098976109213,3.8970819112627986,24.294574468085106,0,1,Indiferente al precio,1233.6516955093828,Medio,194.65000000000163
1669,297.97,10,0.11615492821234819,0.45161290322580644,0.13978494623655913,3.203978494623656,29.797000000000004,0,1,Indiferente al precio,168.32808885805335,Bajo,49.040000000000006
1670,96.48,19,0.12389563430915763,0.33962264150943394,0.4528301886792453,1.820377358490566,5.077894736842105,0,4,Rutinario,50.6313821375317,Bajo,11.280000000000074
1671,1420.41,38,0.12200125213617996,0.45985401459854014,0.21715328467153286,2.591989051094891,37.379210526315795,0,1,Indiferente al precio,707.5822645961073,Medio,214.52000000000004
1672,1718.08,73,0.11583111237243668,0.3760129659643436,0.44246353322528365,2.784570502431118,23.535342465753423,0,4,Rutinario,842.8410309678686,Medio,282.0299999999998
1673,4773.85,107,0.14988929008614993,0.5171486213853396,0.347679892400807,3.210390047074647,44.615420560747665,0,4,Rutinario,2595.9641763355053,Alto,835.4500000000012
1674,120.28,8,0.31916572228881196,0.7625,0.7875,1.5035,15.035,0,2,Cazador de ofertas,61.264030138200326,Bajo,80.44999999999999
1675,4862.09,102,0.16279255788850247,0.5737808739708676,0.36795440151994935,3.079221025965801,47.66754901960785,1,2,Cazador de ofertas,133.93142896076677,Bajo,1467.7100000000005
1676,5203.43,97,0.11042457560553834,0.4540540540540541,0.2145945945945946,2.812664864864865,53.643608247422684,1,0,Premium,2848.822450378943,Alto,769.0700000000011
1677,12559.61,193,0.11328057484691405,0.44339125855713535,0.12137967351237493,3.3069010005265933,65.07569948186529,1,0,Premium,6031.567138490611,Alto,1798.18
1678,2613.9900000000002,79,0.11757927743433197,0.4232558139534884,0.23255813953488372,3.0395232558139536,33.08848101265823,0,1,Indiferente al precio,1482.0421718425705,Medio,382.36
1679,276.13,46,0.14742144971322488,0.5254237288135594,0.1440677966101695,2.3400847457627116,6.002826086956522,0,4,Rutinario,141.3288651440062,Bajo,51.750000000000014
1680,2039.68,51,0.17285448598326664,0.5958815958815958,0.28314028314028317,2.6250707850707853,39.99372549019608,0,2,Cazador de ofertas,1048.2177659314202,Medio,546.96
1681,2602.28,90,0.12314814961046122,0.4720194647201946,0.145985401459854,3.1657907542579076,28.914222222222225,0,1,Indiferente al precio,771.3859452265986,Medio,419.8199999999971
1682,158.93,10,0.13365321549592396,0.36538461538461536,0.40384615384615385,3.056346153846154,15.893,0,4,Rutinario,81.84725620758681,Bajo,21.639999999999528
1683,1920.99,86,0.10674646221345986,0.4076923076923077,0.2230769230769231,3.6942115384615386,22.337093023255814,0,1,Indiferente al precio,935.2354871206649,Medio,275.36000000000024
1684,1449.58,50,0.11329047252807949,0.489749430523918,0.22779043280182232,3.3020045558086557,28.9916,0,4,Rutinario,765.6116263423419,Medio,192.69000000000008
1685,1571.3700000000001,97,0.12178291602914862,0.45652173913043476,0.3952569169960474,3.1054743083003955,16.199690721649485,0,4,Rutinario,794.8401770091434,Medio,218.56
1686,1313.76,94,0.14368578971132465,0.4991364421416235,0.3592400690846287,2.2690155440414506,13.976170212765958,0,4,Rutinario,721.8971681439332,Medio,324.91000000000014
1687,3766.27,106,0.15195953552278912,0.5496017378711079,0.2838522809558291,2.727204923968139,35.53084905660377,1,4,Rutinario,2022.80339034788,Alto,689.0500000000001
1688,971.12,36,0.16050287756348905,0.5251572327044025,0.389937106918239,3.053836477987421,26.975555555555555,0,4,Rutinario,500.8005231055084,Bajo,247.08999999999924
1689,2711.79,121,0.17005669128440695,0.5451505016722408,0.47324414715719065,4.534765886287626,22.411487603305783,0,2,Cazador de ofertas,1290.4984450797715,Medio,627.6799999999998
1690,1508.04,59,0.16894259132600759,0.533066132264529,0.23647294589178355,3.022124248496994,25.56,0,4,Rutinario,825.4852879424075,Medio,342.87
1691,2283.69,50,0.15445989058003534,0.5254691689008043,0.28820375335120646,3.0612466487935657,45.6738,0,4,Rutinario,1208.8926708059569,Medio,442.28999999999996
1692,2017.18,150,0.22178628413015497,0.649104320337197,0.4383561643835616,2.1255848261327714,13.447866666666668,0,2,Cazador de ofertas,975.516815492406,Medio,677.28
1693,8354.55,164,0.1140599490487076,0.4772046589018303,0.226955074875208,2.780216306156406,50.94237804878048,1,0,Premium,4577.217266010007,Alto,1218.559999999999
1694,8055.47,249,0.14194999086886298,0.5125596184419714,0.33322734499205087,2.5613577106518286,32.35128514056225,1,4,Rutinario,4442.180276346993,Alto,1533.6499999999996
1695,1174.56,160,0.14036586150070518,0.43636363636363634,0.3613636363636364,2.6694545454545455,7.340999999999999,0,4,Rutinario,575.4721863801058,Bajo,272.43999999999994
1696,2640.01,62,0.09236027566446076,0.3836549375709421,0.11577752553916004,2.996606129398411,42.58080645161291,0,1,Indiferente al precio,1447.5520906001952,Medio,259.07
1697,949.01,42,0.14484784503577786,0.5361842105263158,0.18421052631578946,3.1217434210526314,22.59547619047619,0,4,Rutinario,522.0787535148557,Bajo,178.57000000000045
1698,1757.51,38,0.10634675698760038,0.41732283464566927,0.36220472440944884,2.767732283464567,46.250263157894736,0,4,Rutinario,949.5216479128068,Medio,242.15
1699,1064.84,29,0.2175049862027049,0.7014925373134329,0.332089552238806,3.973283582089552,36.71862068965517,0,2,Cazador de ofertas,571.006366065495,Bajo,365.5799999999999
1700,1606.69,33,0.15522941553096822,0.5738255033557047,0.2751677852348993,2.695788590604027,48.68757575757576,0,2,Cazador de ofertas,862.9473449264052,Medio,364.59000000000003
1701,1390.28,30,0.08961369502409888,0.35106382978723405,0.2765957446808511,4.930070921985815,46.342666666666666,0,1,Indiferente al precio,752.9036771471988,Medio,105.81999999999539
1702,1927.05,30,0.11770097996949769,0.46408839779005523,0.20810313075506445,3.5488950276243094,64.235,0,0,Premium,1097.7266230712914,Medio,388.28
1703,4648.88,233,0.10849989714508142,0.3988833746898263,0.28225806451612906,2.8839205955334988,19.95227467811159,0,1,Indiferente al precio,2580.180678481757,Alto,695.5600000000001
1704,400.83,46,0.16311536781397498,0.56353591160221,0.3756906077348066,2.214530386740331,8.713695652173913,0,2,Cazador de ofertas,198.4880402078889,Bajo,72.05000000000058
1705,1805.93,176,0.1492483016100533,0.5026014568158168,0.4037460978147763,1.879219562955255,10.26096590909091,0,4,Rutinario,898.5434580205579,Medio,345.2400000000001
1706,360.07,18,0.13049760495479723,0.49079754601226994,0.49693251533742333,2.2090184049079755,20.003888888888888,0,4,Rutinario,187.02201594781715,Bajo,60.61
1707,6580.49,744,0.11621656494073332,0.5372005044136192,0.19335855401429172,2.7660739806641446,8.844744623655913,1,3,Intensivo,3151.589860800194,Alto,1003.1800000000001
1708,3571.6,58,0.17180529346265683,0.583793738489871,0.31123388581952116,3.2887661141804787,61.57931034482758,1,2,Cazador de ofertas,1936.7385588187667,Alto,1050.65
1709,2141.64,86,0.1564680448693858,0.5187032418952618,0.29301745635910226,2.670374064837905,24.902790697674416,0,4,Rutinario,1120.5631678333868,Medio,473.55999999999995
1710,11984.59,214,0.10781140777350075,0.40018039687312085,0.267288033674083,3.603304269392664,56.00275700934579,1,0,Premium,5773.167693380741,Alto,2025.7199999999984
1711,664.98,11,0.1732090137406197,0.5520833333333334,0.296875,3.4634375,60.45272727272727,0,0,Premium,378.9642699700556,Bajo,154.81000000000017
1712,728.93,33,0.12303710567563861,0.43103448275862066,0.1724137931034483,2.513551724137931,22.088787878787876,0,1,Indiferente al precio,381.64683800803465,Bajo,134.8
1713,1733.81,37,0.0909541438242023,0.40669856459330145,0.10526315789473684,4.147870813397129,46.85972972972973,0,1,Indiferente al precio,862.5661238581444,Medio,184.35000000000002
1714,264.72,9,0.1177351228826293,0.45121951219512196,0.2804878048780488,3.2282926829268295,29.413333333333338,0,4,Rutinario,152.0000094977904,Bajo,49.67
1715,983.53,53,0.10747290495377289,0.4136986301369863,0.29315068493150687,2.6946027397260273,18.557169811320755,0,1,Indiferente al precio,486.1908611927863,Bajo,129.49
1716,1950.26,180,0.11521991934491281,0.4469078179696616,0.2543757292882147,2.2756826137689616,10.834777777777777,0,4,Rutinario,1051.904116781712,Medio,277.1699999999999
1717,1757.9,88,0.2022194984592112,0.6350877192982456,0.4421052631578947,3.0840350877192986,19.976136363636364,1,2,Cazador de ofertas,901.525190321495,Medio,668.1500000000005
1718,868.69,34,0.11530051307978569,0.4642857142857143,0.2785714285714286,3.102464285714286,25.549705882352942,0,4,Rutinario,440.96082944438496,Bajo,129.69
1719,3402.45,83,0.12586869219366884,0.4734660033167496,0.21475953565505804,2.8212686567164176,40.9933734939759,0,0,Premium,1768.339052920545,Alto,565.4300000000001
1720,5755.6900000000005,142,0.10186796549917401,0.41304347826086957,0.19456521739130433,3.128092391304348,40.53302816901409,0,1,Indiferente al precio,3043.2426370439416,Alto,680.9200000000001
1721,339.59000000000003,16,0.1486663015276175,0.5488721804511278,0.3458646616541353,2.553308270676692,21.224375000000002,0,4,Rutinario,207.2573114754097,Bajo,82.0
1722,11229.710000000001,257,0.1767185575897718,0.5735725938009788,0.38858075040783036,3.6638531810766723,43.69536964980545,1,2,Cazador de ofertas,5444.26595422968,Alto,3128.319999999998
1723,4469.22,82,0.07271361860067208,0.22259696458684655,0.09949409780775717,7.536627318718382,54.50268292682927,0,1,Indiferente al precio,2121.7854205390136,Alto,257.32
1724,2626.98,94,0.09832290471486979,0.36936936936936937,0.31644144144144143,2.958310810810811,27.946595744680852,0,1,Indiferente al precio,1359.3573087119605,Medio,364.0199999999994
1725,826.74,19,0.06749395280437943,0.26842105263157895,0.1368421052631579,4.351263157894737,43.51263157894737,0,1,Indiferente al precio,453.8837803619664,Bajo,55.519999999999996
1726,8131.91,182,0.09041104582204629,0.37357743691241957,0.15833745670460167,4.023706086095992,44.68082417582418,1,1,Indiferente al precio,4115.692192185501,Alto,856.0300000000032
1727,149.01,2,0.08188459952494803,0.3888888888888889,0.05555555555555555,8.278333333333332,74.505,0,0,Premium,3.838941612283421,Bajo,6.38999999999975
1728,1517.18,21,0.13462365773932905,0.5809312638580931,0.25277161862527714,3.3640354767184037,72.24666666666667,0,0,Premium,886.7760324422928,Medio,234.43000000000004
1729,2910.61,85,0.136915196580978,0.621,0.35,2.91061,34.24247058823529,0,2,Cazador de ofertas,1370.986228143017,Medio,514.8000000000001
1730,3509.78,167,0.04395779995405648,0.12121212121212122,0.8737373737373737,17.72616161616162,21.016646706586826,0,4,Rutinario,1736.4447358382606,Alto,41.47000000000407
1731,3451.81,72,0.1685908086036127,0.5818930041152264,0.36378600823045265,2.8409958847736627,47.941805555555554,0,2,Cazador de ofertas,1795.6436834260453,Alto,934.7300000000014
1732,3427.3,98,0.12900004845386298,0.4757070340826686,0.26178390137781,2.4853517041334303,34.97244897959184,1,4,Rutinario,1894.574568172456,Alto,588.1600000000001
1733,1487.3700000000001,34,0.08462333379822215,0.32494279176201374,0.15102974828375287,3.403592677345538,43.74617647058824,0,1,Indiferente al precio,733.1126348387936,Medio,162.12
1734,161.78,19,0.10884876974668593,0.40625,0.171875,2.5278125,8.514736842105263,0,1,Indiferente al precio,96.89873123564436,Bajo,30.889999999999905
1735,3902.77,92,0.11023931480859966,0.42135922330097086,0.2524271844660194,3.7890970873786407,42.42141304347826,0,1,Indiferente al precio,2136.6719492876828,Alto,616.9100000000003
1736,374.48,22,0.16563233920145043,0.5616438356164384,0.2808219178082192,2.564931506849315,17.021818181818183,0,2,Cazador de ofertas,212.64714656117135,Bajo,94.86
1737,350.94,27,0.19623420117393267,0.5965665236051502,0.51931330472103,1.5061802575107297,12.997777777777777,0,2,Cazador de ofertas,190.78941049055996,Bajo,113.73
1738,1379.3600000000001,62,0.2714888724749376,0.7331460674157303,0.4606741573033708,3.874606741573034,22.247741935483873,0,2,Cazador de ofertas,679.4987355057332,Medio,633.4200000000001
1739,778.4,34,0.15665502121397876,0.5492537313432836,0.2716417910447761,2.3235820895522385,22.894117647058824,0,4,Rutinario,428.0386734372432,Bajo,189.66000000000003
1740,11938.2,390,0.1005603268192576,0.404001194386384,0.35294117647058826,3.5647058823529414,30.610769230769233,0,3,Intensivo,6406.1679986058425,Alto,1368.9900000000043
1741,161.99,15,0.12767414938163724,0.375,0.2222222222222222,2.249861111111111,10.799333333333333,0,1,Indiferente al precio,91.3110053800464,Bajo,26.159999999999272
1742,2140.1,282,0.11960346817125539,0.45569620253164556,0.31645569620253167,2.4627157652474105,7.589007092198581,0,3,Intensivo,1113.3550322535789,Medio,251.62000000000012
1743,1168.94,43,0.16033228283627127,0.5654596100278552,0.4011142061281337,3.256100278551532,27.1846511627907,0,2,Cazador de ofertas,621.9003815270261,Bajo,227.56000000000063
1744,1088.62,57,0.0703938471306155,0.2737752161383285,0.14697406340057637,3.1372334293948123,19.09859649122807,0,1,Indiferente al precio,552.5588574731078,Bajo,93.68
1745,2591.48,125,0.12073472250485051,0.4174553101997897,0.5152471083070452,2.7250052576235544,20.731840000000002,0,4,Rutinario,1187.8065527239107,Medio,518.08
1746,2177.16,48,0.13183725207780034,0.4678260869565217,0.29739130434782607,3.786365217391304,45.357499999999995,0,4,Rutinario,1036.772808746526,Medio,411.10999999999996
1747,3066.6,90,0.15977280730279786,0.5794392523364486,0.4894859813084112,3.5824766355140185,34.07333333333333,0,2,Cazador de ofertas,1531.321945308116,Medio,617.1500000000008
1748,5161.78,244,0.15652813240158403,0.5209876543209877,0.3345679012345679,3.186283950617284,21.154836065573768,0,4,Rutinario,2884.0786385313736,Alto,1076.7000000000007
1749,4209.35,122,0.12207639969791749,0.48025613660619,0.23585912486659552,4.492369263607258,34.50286885245902,0,4,Rutinario,2217.887919758076,Alto,479.39000000000266
1750,736.42,20,0.14980013359337974,0.5370370370370371,0.25462962962962965,3.4093518518518517,36.821,0,4,Rutinario,383.73089792862174,Bajo,236.2300000000003
1751,4142.87,141,0.14942008301881798,0.5277122641509434,0.3579009433962264,2.4427299528301885,29.382056737588652,1,4,Rutinario,2002.7421962678925,Alto,1000.5400000000001
1752,6593.81,195,0.1553925359651053,0.529215976331361,0.3047337278106509,2.438539201183432,33.814410256410255,0,4,Rutinario,3358.8886051970285,Alto,1461.18
1753,2964.05,456,0.15570321721951288,0.6199524940617577,0.23990498812351543,2.3468329374505146,6.500109649122807,1,3,Intensivo,1604.60114710244,Medio,407.5199999999998
1754,4120.16,209,0.23457120908067533,0.6593947923997185,0.3469387755102041,2.8994792399718508,19.713684210526313,1,2,Cazador de ofertas,2042.4849820772615,Alto,1406.1600000000021
1755,1202.51,31,0.11742058662468675,0.4482758620689655,0.16180371352785147,3.1896816976127322,38.79064516129032,0,1,Indiferente al precio,598.7090919695846,Bajo,174.83999999999997
1756,3344.29,67,0.11703726963338656,0.4326710816777042,0.25055187637969095,3.691269315673289,49.91477611940299,0,0,Premium,1712.7524659984265,Alto,492.98999999999955
1757,253.11,10,0.17200982249243751,0.4032258064516129,0.20967741935483872,4.08241935483871,25.311,0,4,Rutinario,117.17441304866703,Bajo,51.03999999999999
1758,2041.93,70,0.15468185989426933,0.5358208955223881,0.36716417910447763,3.0476567164179107,29.170428571428573,0,4,Rutinario,989.9694210824664,Medio,411.90000000000003
1759,4009.62,218,0.17351872866432036,0.6192017259978425,0.48220064724919093,2.1626860841423947,18.39275229357798,1,2,Cazador de ofertas,2226.153710449662,Alto,991.0100000000016
1760,563.64,53,0.09471087312746541,0.3770491803278688,0.3333333333333333,3.08,10.634716981132076,0,1,Indiferente al precio,245.4646025922709,Bajo,59.59000000000001
1761,1845.46,31,0.12010557331454177,0.41830065359477125,0.29248366013071897,3.015457516339869,59.530967741935484,0,0,Premium,1019.3060187587528,Medio,347.99
1762,15360.14,344,0.1461308487918215,0.5160997732426303,0.4403628117913832,3.4830249433106575,44.651569767441856,1,3,Intensivo,8212.61266558628,Alto,2645.7400000000116
1763,3919.37,149,0.08772482173293522,0.319672131147541,0.1451990632318501,4.589426229508197,26.304496644295302,0,1,Indiferente al precio,2062.620547735592,Alto,545.3700000000001
1764,11412.2,134,0.10426418046325918,0.4243431992018623,0.21649484536082475,3.7952111739275027,85.16567164179105,1,0,Premium,6332.21678139064,Alto,1491.4699999999996
1765,2949.01,62,0.15182803708685014,0.5413333333333333,0.22755555555555557,2.6213422222222222,47.564677419354844,0,0,Premium,1518.1815655783646,Medio,649.2699999999993
1766,460.68,38,0.13297741971692098,0.4724770642201835,0.3073394495412844,2.113211009174312,12.123157894736842,0,4,Rutinario,256.51066249663603,Bajo,102.93
1767,9204.22,483,0.1374467612062087,0.6293859649122807,0.3560855263157895,2.5230866228070172,19.056356107660456,0,3,Intensivo,4359.098312808495,Alto,1810.0899999999992
1768,1522.47,69,0.16365857179059612,0.6118546845124283,0.47036328871892924,2.9110325047801147,22.06478260869565,0,2,Cazador de ofertas,849.1548157646616,Medio,365.9500000000003
1769,7447.28,156,0.1150748888520815,0.42300778909526665,0.14859197124026363,4.46212103055722,47.73897435897436,0,0,Premium,3575.6379843924487,Alto,1217.0300000000002
1770,8793.19,477,0.12239101898060799,0.44080215966062475,0.2965676822213652,3.3911261087543387,18.434360587002097,0,3,Intensivo,4425.591077161718,Alto,1297.3100000000045
1771,532.2,11,0.07135531277488057,0.3105590062111801,0.08695652173913043,3.3055900621118015,48.38181818181818,0,1,Indiferente al precio,271.15136960571914,Bajo,46.769999999999996
1772,2452.88,96,0.13726192928139544,0.47413793103448276,0.3074712643678161,2.3495019157088124,25.550833333333333,0,4,Rutinario,59.943716837394845,Bajo,393.73
1773,3356.9,91,0.10026792424337082,0.37218543046357616,0.2304635761589404,4.446225165562914,36.88901098901099,1,1,Indiferente al precio,1702.1369374507904,Alto,386.4600000000012
1774,5012.46,66,0.11212175649517993,0.4325117370892019,0.18485915492957747,2.9415845070422537,75.94636363636364,0,0,Premium,2514.618010380246,Alto,788.51
1775,9485.14,210,0.1441019454263598,0.5415517920441119,0.22174084285151635,3.7357778653012996,45.16733333333333,0,0,Premium,5279.716868082425,Alto,1683.2400000000068
1776,3724.26,231,0.12667136284993882,0.5851393188854489,0.43034055727554177,2.306043343653251,16.122337662337664,0,4,Rutinario,2033.8178390228584,Alto,667.0300000000001
1777,1169.97,75,0.10768420111985617,0.4181184668989547,0.289198606271777,4.076550522648084,15.5996,0,1,Indiferente al precio,623.147326527767,Bajo,190.72
1778,9336.3,257,0.1161781592291939,0.4589698046181172,0.24120781527531082,3.3166252220248666,36.32801556420233,1,3,Intensivo,4942.5309743870985,Alto,1114.3700000000003
1779,3508.58,109,0.1921036428558315,0.605718085106383,0.35438829787234044,2.3328324468085104,32.18880733944954,0,2,Cazador de ofertas,1745.2693659516076,Alto,1066.9800000000005
1780,1413.68,43,0.09102009458506982,0.3687821612349914,0.19725557461406518,2.42483704974271,32.87627906976744,0,1,Indiferente al precio,707.5191109443201,Medio,197.66000000000003
1781,3228.57,93,0.09384319185055283,0.3449048152295633,0.19148936170212766,3.6154199328107506,34.715806451612906,0,1,Indiferente al precio,1663.948950203164,Medio,384.80999999999983
1782,1742.85,37,0.07558633544347919,0.29777777777777775,0.09333333333333334,3.8729999999999998,47.10405405405405,0,1,Indiferente al precio,877.7753062559707,Medio,147.75000000000023
1783,4125.89,91,0.12712185104977355,0.48335644937586686,0.23092926490984744,2.86122746185853,45.339450549450554,0,0,Premium,2085.100101799645,Alto,644.2200000000012
1784,1980.6200000000001,40,0.12398678771202375,0.458259325044405,0.24511545293072823,3.5179751332149203,49.5155,0,0,Premium,966.2470062987356,Medio,336.0
1785,1555.7,75,0.16605346992899203,0.566145092460882,0.29871977240398295,2.2129445234708394,20.74266666666667,0,2,Cazador de ofertas,814.8792885066861,Medio,398.45
1786,409.73,44,0.077409040012567,0.3055555555555556,0.25,3.7937962962962963,9.312045454545455,0,1,Indiferente al precio,218.8833806502248,Bajo,29.429999999999364
1787,1097.5,61,0.1444580928866902,0.498134328358209,0.43283582089552236,2.047574626865672,17.991803278688526,0,4,Rutinario,539.0586699624732,Bajo,282.14
1788,9072.28,152,0.06650900752236952,0.27466456195737965,0.14917127071823205,3.5802209944751384,59.68605263157895,1,1,Indiferente al precio,4932.366041421861,Alto,538.509999999998
1789,293.19,22,0.09078443949825539,0.4077669902912621,0.34951456310679613,2.846504854368932,13.326818181818181,0,4,Rutinario,148.3414184257345,Bajo,25.419999999999998
1790,1978.83,47,0.09504603713754269,0.33965244865718797,0.1358609794628752,3.126113744075829,42.102765957446806,0,1,Indiferente al precio,1029.6545050770765,Medio,274.53000000000003
1791,2970.1,140,0.15814117730284666,0.5178389398572885,0.3567787971457696,3.027624872579001,21.215,1,4,Rutinario,1624.5600837854122,Medio,646.19
1792,3140.33,126,0.15868195034653385,0.5084444444444445,0.2568888888888889,2.7914044444444444,24.923253968253967,0,4,Rutinario,1644.2531814410308,Medio,589.3199999999957
1793,1888.55,63,0.13878791429885287,0.474251497005988,0.2694610778443114,2.2617365269461076,29.976984126984128,0,4,Rutinario,879.9998401577712,Medio,381.1699999999997
1794,3594.48,77,0.11218962911379766,0.42665615141955837,0.306782334384858,2.834763406940063,46.681558441558444,0,0,Premium,1704.512035139037,Alto,459.40999999999894
1795,9751.16,1136,0.21535009640797062,0.7245405405405405,0.14875675675675676,2.1083589189189187,8.583767605633803,1,3,Intensivo,5210.340174791508,Alto,2715.169999999999
1796,2601.06,60,0.10549147390662829,0.4068010075566751,0.20277078085642317,3.2758942065491183,43.351,0,1,Indiferente al precio,1378.9298477077464,Medio,307.999999999996
1797,5551.49,114,0.16100182647996583,0.5466148723640399,0.15926748057713652,3.0807380688124306,48.69728070175439,1,0,Premium,2872.9732682539457,Alto,1231.08
1798,2457.02,42,0.13690676073675986,0.4827225130890052,0.28272251308900526,2.5727958115183247,58.50047619047619,0,0,Premium,1372.0754484197637,Medio,474.02000000000004
1799,395.47,52,0.04689163330241127,0.23837209302325582,0.14534883720930233,2.299244186046512,7.605192307692308,0,1,Indiferente al precio,207.27895003252053,Bajo,22.060000000000002
1800,3667.31,84,0.13240257931313582,0.4857142857142857,0.3741496598639456,4.989537414965986,43.65845238095238,0,4,Rutinario,1832.5897591409448,Alto,428.7899999999985
1801,758.74,64,0.13425201210498006,0.5217391304347826,0.2028985507246377,3.6654106280193237,11.8553125,0,4,Rutinario,417.6471238792024,Bajo,99.99999999999946
1802,4835.4400000000005,52,0.09666363051367305,0.4140934283452098,0.110055423594616,3.8285352335708636,92.98923076923077,1,0,Premium,2681.8637909859976,Alto,573.9399999999997
1803,14420.9,216,0.08547416954441987,0.5080301540478531,0.26515896427400854,4.7266142248443135,66.76342592592593,0,0,Premium,6849.5303212958015,Alto,1236.3700000000001
1804,10251.19,309,0.13027756549814573,0.45879732739420936,0.33556050482553823,3.8051930215293246,33.17537216828479,1,3,Intensivo,5514.001418098552,Alto,1621.7300000000016
1805,792.2,77,0.04510589728548361,0.1901840490797546,0.1411042944785276,4.860122699386503,10.288311688311689,0,1,Indiferente al precio,409.6911606495457,Bajo,34.19000000000017
1806,3979.6,139,0.11566859326530826,0.43250883392226147,0.29752650176678447,2.8124381625441695,28.63021582733813,0,4,Rutinario,1994.304030368499,Alto,731.7699999999993
1807,7773.21,212,0.12015778636031695,0.4495524816924329,0.27176566314076483,3.162412530512612,36.66608490566038,0,4,Rutinario,4351.458786828938,Alto,1381.6099999999997
1808,1824.33,96,0.09958089524632065,0.3714821763602251,0.18386491557223264,3.4227579737335834,19.0034375,0,1,Indiferente al precio,892.4573010451603,Medio,244.10000000000002
1809,1509.41,61,0.15653202779348283,0.5194986072423399,0.33565459610027853,2.1022423398328693,24.7444262295082,0,4,Rutinario,681.4151011714187,Medio,339.1700000000001
1810,4025.59,266,0.08495631658422491,0.3101761252446184,0.31409001956947163,3.9389334637964777,15.133796992481203,0,1,Indiferente al precio,2177.5028258653297,Alto,305.8999999999997
1811,852.5600000000001,16,0.1615380879166264,0.5263157894736842,0.45263157894736844,4.487157894736843,53.285000000000004,0,2,Cazador de ofertas,433.21381455290987,Bajo,211.76
1812,1948.99,104,0.11371082783599967,0.44862518089725034,0.3979739507959479,2.820535455861071,18.740288461538462,0,4,Rutinario,1096.7785469560033,Medio,349.6
1813,233.45,4,0.12178280411395018,0.5301204819277109,0.4457831325301205,2.8126506024096383,58.3625,0,4,Rutinario,184.98368049359195,Bajo,32.61
1814,4107.85,52,0.08688243558815537,0.3650943396226415,0.3113207547169811,3.8753301886792455,78.9971153846154,0,0,Premium,2276.2166889574182,Alto,503.3699999999998
1815,4405.47,89,0.14316799078503464,0.5618892508143323,0.24674267100977199,3.5875162866449513,49.49966292134832,0,0,Premium,2499.323456424644,Alto,746.8000000000022
1816,3869.51,160,0.1440215794141747,0.521671826625387,0.34055727554179566,2.9949767801857585,24.1844375,0,4,Rutinario,2000.7619836107128,Alto,588.7400000000014
1817,1024.72,48,0.10783575967582261,0.4010840108401084,0.23306233062330622,2.777018970189702,21.348333333333333,0,1,Indiferente al precio,566.2430270742675,Bajo,145.44000000000003
1818,1333.43,72,0.14722407976669763,0.49435665914221216,0.3837471783295711,3.0100000000000002,18.519861111111112,0,4,Rutinario,608.9961908457136,Bajo,211.04000000000087
1819,1446.23,68,0.13826469236281394,0.509469696969697,0.2481060606060606,2.73907196969697,21.26808823529412,0,4,Rutinario,804.9819770916663,Medio,257.61999999999966
1820,4208.08,76,0.08294390405141822,0.35756676557863504,0.2663204747774481,3.121721068249258,55.369473684210526,1,0,Premium,2224.037355400033,Alto,441.0799999999999
1821,4937.27,128,0.11209264761596849,0.44707347447073476,0.2640099626400996,3.074265255292653,38.572421875,0,1,Indiferente al precio,2427.715232832838,Alto,723.2500000000007
1822,3516.44,213,0.134569181317719,0.46072931276297335,0.3345021037868163,2.465946704067321,16.50910798122066,0,4,Rutinario,1838.5981528300856,Alto,623.27
1823,12268.85,376,0.13063083677010723,0.5421461065025421,0.20845598073320845,3.2830746588172333,32.62992021276596,1,3,Intensivo,6773.068061185189,Alto,2005.1500000000065
1824,3117.11,165,0.12854984911815623,0.43953934740882916,0.2380038387715931,2.991468330134357,18.891575757575758,0,4,Rutinario,1607.5101101885225,Medio,826.2800000000001
1825,1831.84,43,0.1738902116393402,0.5779816513761468,0.30963302752293576,4.2014678899082565,42.600930232558134,0,2,Cazador de ofertas,628.2570489117252,Bajo,354.0900000000018
1826,1994.47,111,0.16101263058893417,0.5094527363184079,0.4129353233830846,1.9845472636815922,17.9681981981982,0,4,Rutinario,1027.3249308792049,Medio,531.22
1827,682.23,41,0.12245854636364022,0.4827586206896552,0.3218390804597701,2.6139080459770114,16.639756097560976,0,4,Rutinario,333.0524228376252,Bajo,125.41000000000001
1828,5813.77,86,0.09504339681715275,0.3824773413897281,0.1027190332326284,3.5128519637462237,67.60197674418605,0,0,Premium,1.4866174229693467,Bajo,615.7199999999996
1829,6618.55,319,0.10955548587841443,0.37775202780996525,0.261297798377752,3.834617612977984,20.747805642633228,0,3,Intensivo,3530.6374857176343,Alto,926.1199999999998
1830,39.440000000000005,1,0.102975620382239,0.2857142857142857,0.14285714285714285,5.634285714285715,39.440000000000005,0,1,Indiferente al precio,,,10.190000000000007
1831,5562.06,163,0.14322569165044366,0.5089340727048676,0.21811460258780038,3.4270240295748615,34.12306748466258,1,4,Rutinario,3060.7533974401963,Alto,980.8400000000007
1832,1357.55,55,0.1534085163958688,0.510236220472441,0.2929133858267717,2.1378740157480314,24.682727272727274,0,4,Rutinario,730.9064438247817,Medio,275.49
1833,2991.81,83,0.18325983823043465,0.6225099601593626,0.25298804780876494,2.9798904382470117,36.04590361445783,0,2,Cazador de ofertas,1399.914946796217,Medio,826.8199999999999
1834,3769.5,134,0.14580238134992668,0.5405622489959839,0.2216867469879518,3.027710843373494,28.130597014925375,0,4,Rutinario,777.0695594398394,Medio,740.2299999999993
1835,10995.710000000001,310,0.11971252626222231,0.4563962321482832,0.14949863263445762,3.341145548465512,35.47003225806452,0,3,Intensivo,5203.515316666376,Alto,1440.8600000000033
1836,2991.96,93,0.09170609946494385,0.3751507840772014,0.17490952955367914,3.6091194209891437,32.17161290322581,0,1,Indiferente al precio,1528.9709959720053,Medio,285.6800000000023
1837,7528.5,160,0.13655615694328455,0.44765625,0.1203125,5.881640625,47.053125,0,0,Premium,3880.900135941168,Alto,969.6499999999996
1838,1179.61,33,0.21374963243062764,0.6796657381615598,0.48746518105849584,3.2858217270194983,35.74575757575757,0,2,Cazador de ofertas,665.4936817889643,Medio,413.33000000000004
1839,1764.15,99,0.06718660909189358,0.33851276359600446,0.07991120976692564,1.9579911209766927,17.81969696969697,1,1,Indiferente al precio,995.5351128774844,Medio,185.22000000000003
1840,337.21,37,0.08659116011752628,0.3490566037735849,0.20754716981132076,3.1812264150943395,9.113783783783783,0,1,Indiferente al precio,69.10471367216235,Bajo,23.97
1841,2401.78,32,0.09426128062328015,0.36675461741424803,0.19129287598944592,3.1685751978891825,75.055625,0,0,Premium,1316.7536953419803,Medio,300.72
1842,906.65,19,0.07678417526658962,0.3357142857142857,0.30357142857142855,3.238035714285714,47.71842105263158,0,1,Indiferente al precio,471.47760566090784,Bajo,86.68
1843,770.15,42,0.10045365212934634,0.4393939393939394,0.20202020202020202,3.8896464646464644,18.336904761904762,0,1,Indiferente al precio,369.4684460265985,Bajo,101.24
1844,1523.8,83,0.06138850666322992,0.24034334763948498,0.12660944206008584,3.2699570815450643,18.35903614457831,0,1,Indiferente al precio,775.2791517258606,Medio,97.60000000000001
1845,12647.61,151,0.09472426586768973,0.3741403026134801,0.17996331957817516,2.8994979367262723,83.75900662251657,1,0,Premium,6288.314904450638,Alto,1492.7800000000002
1846,690.39,25,0.23882479359929343,0.6756756756756757,0.34684684684684686,3.109864864864865,27.6156,0,2,Cazador de ofertas,392.4237861330801,Bajo,300.52
1847,2678.71,103,0.15476246365427956,0.5324825986078886,0.271461716937355,3.107552204176334,26.006893203883497,0,4,Rutinario,1462.6943810452372,Medio,615.9199999999996
1848,10848.11,110,0.06375971490837884,0.2697183098591549,0.12816901408450704,3.819757042253521,98.61918181818183,0,0,Premium,5962.4965539168925,Alto,749.7900000000004
1849,2666.5,162,0.180908094616964,0.5991902834008097,0.4706477732793522,2.6988866396761133,16.459876543209877,0,2,Cazador de ofertas,1332.9813958006996,Medio,738.9300000000001
1850,6882.11,223,0.09321902706964244,0.36598984771573606,0.22538071065989848,3.493456852791878,30.8614798206278,1,1,Indiferente al precio,3861.343929402379,Alto,652.7600000000011
1851,1255.55,41,0.14279776287389787,0.5,0.24887892376681614,2.815134529147982,30.623170731707315,0,4,Rutinario,620.3704646744401,Bajo,251.71
1852,9800.02,317,0.10978764012342622,0.40936785986290936,0.27456207159177454,3.7319192688499623,30.914889589905364,0,3,Intensivo,4627.711033713057,Alto,1252.4199999999985
1853,274.39,35,0.10313326553079699,0.38372093023255816,0.16279069767441862,3.190581395348837,7.839714285714285,0,1,Indiferente al precio,140.59137898494993,Bajo,20.0
1854,7631.72,267,0.10140222381758218,0.37169811320754714,0.2830188679245283,3.599867924528302,28.583220973782772,1,1,Indiferente al precio,3718.1076467836897,Alto,802.5599999999974
1855,251.95,11,0.15186114888303295,0.5277777777777778,0.16666666666666666,6.998611111111111,22.904545454545453,0,4,Rutinario,142.33082239117778,Bajo,20.869999999999862
1856,4661.53,458,0.12897273700234468,0.6361848574237955,0.2944936086529007,2.291804326450344,10.178013100436681,1,3,Intensivo,2236.229604288472,Alto,747.3900000000001
1857,1755.3,82,0.11726879203827137,0.4656084656084656,0.2768959435626102,3.0957671957671957,21.40609756097561,0,4,Rutinario,851.8392037418366,Medio,245.61000000000092
1858,2860.07,67,0.11322501149381045,0.4197002141327623,0.0835117773019272,3.0621734475374733,42.68761194029851,0,1,Indiferente al precio,1511.4602558278946,Medio,429.88
1859,1791.28,35,0.08432526228519605,0.3473193473193473,0.1258741258741259,4.1754778554778555,51.17942857142857,0,1,Indiferente al precio,992.9599864231308,Medio,202.21
1860,753.42,58,0.18058683023907188,0.5535714285714286,0.37857142857142856,2.690785714285714,12.989999999999998,0,2,Cazador de ofertas,304.2016917804651,Bajo,174.59999999999874
1861,1868.45,122,0.15779133915036833,0.5315315315315315,0.3178893178893179,2.4046975546975546,15.31516393442623,0,4,Rutinario,884.7281004755234,Medio,425.24
1862,2210.04,141,0.11125472684718873,0.3988183161004431,0.09601181683899557,3.2644608567208273,15.674042553191489,0,1,Indiferente al precio,1109.8751142070932,Medio,401.0200000000019
1863,411.45,14,0.17798869519439678,0.603448275862069,0.27586206896551724,3.5469827586206897,29.389285714285712,0,2,Cazador de ofertas,192.7277268415069,Bajo,111.51
1864,16941.58,163,0.08316511977158027,0.3421814671814672,0.14502895752895753,4.088219111969113,103.93607361963191,1,0,Premium,9295.790296419022,Alto,1481.4700000000032
1865,6651.93,161,0.0773654128631572,0.3199134199134199,0.07922077922077922,2.8796233766233765,41.31633540372671,0,1,Indiferente al precio,3187.985442060049,Alto,531.99
1866,159.05,15,0.16148501633634874,0.4888888888888889,0.3333333333333333,3.5344444444444445,10.603333333333333,0,4,Rutinario,93.1335578559488,Bajo,42.05
1867,1093.51,75,0.1850048974815087,0.5809128630705395,0.17427385892116182,4.537385892116182,14.580133333333333,0,2,Cazador de ofertas,581.8525417015252,Bajo,418.6999999999998
1868,700.96,39,0.19466198875523255,0.610062893081761,0.41823899371069184,2.2042767295597487,17.973333333333333,0,2,Cazador de ofertas,352.9735617014589,Bajo,248.61000000000013
1869,3630.62,119,0.1890193482652557,0.6068728522336769,0.31890034364261166,2.49527147766323,30.50941176470588,1,2,Cazador de ofertas,1883.5143558214163,Alto,989.7200000000007
1870,303.6,37,0.16107630268388168,0.4418604651162791,0.5,3.5302325581395353,8.205405405405406,0,4,Rutinario,159.62688187843665,Bajo,95.75999999999999
1871,547.41,20,0.07686249128269636,0.3103448275862069,0.15270935960591134,2.6966009852216746,27.3705,0,1,Indiferente al precio,280.0317464093948,Bajo,44.650000000000006
1872,3762.9700000000003,161,0.11343693040257952,0.42458677685950413,0.1828512396694215,3.887365702479339,23.372484472049692,1,1,Indiferente al precio,1901.0272717476205,Alto,461.1299999999998
1873,5686.82,266,0.13195578426633306,0.4655521783181358,0.196048632218845,2.8808611955420464,21.379022556390975,0,3,Intensivo,2749.671523788448,Alto,903.4699999999978
1874,834.29,33,0.13535143214703838,0.45454545454545453,0.3760330578512397,3.447479338842975,25.28151515151515,0,4,Rutinario,471.36740988724296,Bajo,147.31000000000273
1875,909.05,44,0.130698597742526,0.4434389140271493,0.24434389140271492,4.113348416289592,20.660227272727273,0,4,Rutinario,479.577440925892,Bajo,125.43000000000083
1876,86.19,5,0.13565238071620106,0.42857142857142855,0.35714285714285715,6.156428571428571,17.238,0,4,Rutinario,39.67401412131084,Bajo,6.3599999999997125
1877,1975.04,64,0.15275287217763114,0.572972972972973,0.27387387387387385,3.558630630630631,30.86,0,4,Rutinario,989.8600941921944,Medio,426.72
1878,625.64,35,0.14474099166782287,0.5023696682464455,0.3791469194312796,2.965118483412322,17.87542857142857,0,4,Rutinario,264.4152172549353,Bajo,106.37
1879,4861.95,272,0.09430312361616093,0.3405830633965757,0.14252660805182785,2.2498611753817674,17.87481617647059,0,1,Indiferente al precio,2632.7485391291825,Alto,794.0400000000001
1880,773.39,36,0.1694224728454883,0.4828571428571429,0.4514285714285714,2.209685714285714,21.483055555555556,0,4,Rutinario,415.4247097483602,Bajo,175.58999999999997
1881,2913.96,119,0.1066636122196336,0.4253285543608124,0.3034647550776583,3.4814336917562723,24.487058823529413,0,4,Rutinario,1556.650922019427,Medio,296.59000000000447
1882,405.54,26,0.12900670527203317,0.5342465753424658,0.2191780821917808,2.7776712328767124,15.59769230769231,0,4,Rutinario,223.29688836880345,Bajo,67.65
1883,2460.98,126,0.1375890512752025,0.5108135942327497,0.2801235839340886,2.5344799176107107,19.5315873015873,0,4,Rutinario,1234.778856512482,Medio,484.9500000000007
1884,592.73,30,0.10160094733558156,0.3464052287581699,0.12418300653594772,3.8740522875816996,19.75766666666667,0,1,Indiferente al precio,327.46499938848245,Bajo,60.95999999999991
1885,265.35,13,0.05309684485293159,0.2,0.375,6.633750000000001,20.411538461538463,0,1,Indiferente al precio,157.71754056675712,Bajo,6.430000000000378
1886,406.25,30,0.14171215709958773,0.5070422535211268,0.2887323943661972,2.8609154929577465,13.541666666666666,0,4,Rutinario,204.87966294942032,Bajo,55.5
1887,876.88,87,0.17371588221252754,0.5830815709969789,0.56797583081571,2.6491842900302114,10.079080459770115,0,2,Cazador de ofertas,414.4958457625367,Bajo,204.38000000000005
1888,135.61,11,0.11445725512748717,0.3968253968253968,0.5714285714285714,2.152539682539683,12.32818181818182,0,4,Rutinario,78.30934330867152,Bajo,16.329999999999632
1889,1803.8,46,0.12642257263914058,0.4651600753295669,0.2937853107344633,3.3969868173258004,39.21304347826087,0,4,Rutinario,1002.953888815216,Medio,256.19999999999993
1890,1934.45,51,0.09043505307171885,0.35769828926905134,0.09953343701399689,3.008475894245723,37.930392156862744,0,1,Indiferente al precio,903.5139909892767,Medio,211.92000000000002
1891,1344.71,38,0.13753081066663944,0.5257452574525745,0.23848238482384823,3.64420054200542,35.3871052631579,0,4,Rutinario,746.6425207374442,Medio,244.26
1892,5532.21,306,0.15350614776722996,0.6615067079463365,0.3126934984520124,2.854597523219814,18.079117647058823,0,3,Intensivo,3055.147277627151,Alto,1274.4799999999996
1893,373.71,18,0.09859820559074758,0.359375,0.46875,5.83921875,20.761666666666667,0,4,Rutinario,211.94817271831957,Bajo,23.830000000001267
1894,2335.47,42,0.13213599712243204,0.504054054054054,0.2472972972972973,3.1560405405405403,55.606428571428566,0,0,Premium,1229.9574913969789,Medio,364.6399999999983
1895,927.5600000000001,49,0.17552757451084433,0.5942857142857143,0.3942857142857143,5.300342857142858,18.929795918367347,0,2,Cazador de ofertas,358.9312208797276,Bajo,156.76
1896,3378.34,128,0.14374630007211223,0.5751734772552043,0.28218966846569005,2.60473400154202,26.39328125,0,4,Rutinario,1781.2111118625808,Alto,616.5500000000006
1897,19.58,1,0.0886036608746544,0.4,0.0,3.9159999999999995,19.58,0,1,Indiferente al precio,,,0.9800000000000002
1898,717.71,48,0.16651968855592003,0.5310077519379846,0.39147286821705424,2.7818217054263568,14.952291666666667,0,4,Rutinario,391.6812375743146,Bajo,243.09
1899,11276.8,69,0.1326910911491271,0.5144454799627214,0.21186703945324634,3.5031997514756132,163.431884057971,1,0,Premium,5438.197141429909,Alto,1849.1500000000005
1900,8541.14,56,0.09294903230793802,0.40436397400185703,0.116991643454039,3.965246053853296,152.52035714285714,0,0,Premium,4753.840644612948,Alto,862.22
1901,11462.24,838,0.11486257556525921,0.43526170798898073,0.2261457550713749,2.8705835211620334,13.678090692124105,0,3,Intensivo,5872.5277440244645,Alto,1770.63
1902,1646.0,21,0.17094113061108243,0.5844827586206897,0.41551724137931034,2.8379310344827586,78.38095238095238,0,0,Premium,831.1007141948501,Medio,381.75
1903,1152.32,40,0.19668729375417018,0.6410256410256411,0.3234714003944773,2.2728205128205126,28.808,0,2,Cazador de ofertas,568.9899984881248,Bajo,275.3400000000004
1904,304.26,27,0.13766805576310703,0.4732824427480916,0.4961832061068702,2.322595419847328,11.268888888888888,0,4,Rutinario,159.35353110538318,Bajo,52.75999999999989
1905,1772.91,80,0.0954960134389437,0.36016096579476864,0.24748490945674045,3.5672233400402416,22.161375,0,1,Indiferente al precio,716.6467910806161,Medio,246.1899999999996
1906,8631.61,163,0.1369569212904915,0.4985049124305852,0.2832123024348569,3.687146518581803,52.95466257668712,0,0,Premium,4672.47268890205,Alto,1291.1800000000026
1907,8939.0,380,0.14032788081484734,0.4917984768599883,0.3438781487990627,2.6183362624487403,23.523684210526316,1,3,Intensivo,4928.487562307282,Alto,1652.5200000000027
1908,714.3100000000001,38,0.12138560349239266,0.4666666666666667,0.22592592592592592,2.645592592592593,18.79763157894737,0,4,Rutinario,205.9915042754401,Bajo,114.69
1909,546.99,22,0.08216314369287364,0.33480176211453744,0.23788546255506607,2.409647577092511,24.86318181818182,0,1,Indiferente al precio,278.38607318131324,Bajo,89.93
1910,741.83,26,0.09597427782211662,0.4627659574468085,0.35106382978723405,3.945904255319149,28.53192307692308,0,4,Rutinario,362.2796232284699,Bajo,78.96000000000001
1911,1601.27,124,0.14031459554034836,0.47704590818363274,0.5588822355289421,3.1961477045908184,12.913467741935484,0,4,Rutinario,881.3165059155203,Medio,219.3200000000021
1912,2256.45,96,0.1204585639843698,0.44,0.28,2.6546470588235294,23.5046875,0,4,Rutinario,1185.8299524701558,Medio,368.87
1913,895.76,49,0.1335727384129707,0.4725274725274725,0.28205128205128205,3.281172161172161,18.280816326530612,0,4,Rutinario,434.1031776805492,Bajo,211.54999999999995
1914,4075.9500000000003,156,0.05751150909083802,0.23373287671232876,0.09417808219178082,3.489683219178082,26.127884615384616,0,1,Indiferente al precio,2014.193629769636,Alto,287.21
1915,485.8,27,0.08262367658794176,0.35,0.22142857142857142,3.47,17.992592592592594,0,1,Indiferente al precio,244.27884749811523,Bajo,37.72000000000082
1916,2883.09,150,0.12118814494949952,0.4471111111111111,0.23466666666666666,2.562746666666667,19.2206,0,4,Rutinario,1331.7239546494964,Medio,524.6200000000001
1917,6788.0,290,0.1404694970517163,0.5246153846153846,0.30115384615384616,2.6107692307692307,23.406896551724138,1,3,Intensivo,3203.937329147767,Alto,1143.42
1918,3012.4900000000002,69,0.15966420275871007,0.5516840882694541,0.26713124274099886,3.4988269454123118,43.659275362318844,0,2,Cazador de ofertas,1590.1559565899497,Medio,567.2699999999983
1919,4154.95,99,0.16113693741565446,0.5400927766732936,0.3770709078860172,2.7534459907223328,41.969191919191914,0,2,Cazador de ofertas,2093.6491853277967,Alto,879.6800000000023
1920,1927.74,93,0.0809714499915164,0.29692832764505117,0.14334470989761092,3.289658703071672,20.728387096774192,0,1,Indiferente al precio,1037.420252965303,Medio,177.68
1921,1460.12,102,0.21947536692767025,0.6152263374485597,0.5123456790123457,3.004362139917695,14.314901960784313,1,2,Cazador de ofertas,189.7015566359776,Bajo,585.5600000000017
1922,3096.94,113,0.09062076636022103,0.36452762923351156,0.27718360071301246,2.7601960784313726,27.406548672566373,0,1,Indiferente al precio,1597.2350872646098,Medio,318.93000000000023
1923,4870.31,167,0.093355725620538,0.377814845704754,0.16680567139282734,4.061976647206006,29.163532934131737,1,1,Indiferente al precio,2441.8255501089707,Alto,432.8000000000037
1924,6225.45,220,0.13419268147765687,0.5199074074074074,0.2847222222222222,2.882152777777778,28.2975,0,4,Rutinario,3370.1985019811978,Alto,1163.3899999999994
1925,3019.2,118,0.07924435586562104,0.3264033264033264,0.22453222453222454,3.1384615384615384,25.5864406779661,0,1,Indiferente al precio,1377.4031930875174,Medio,259.9500000000016
1926,2145.71,71,0.24858557991198774,0.7605363984674329,0.2950191570881226,4.110555555555556,30.221267605633802,0,2,Cazador de ofertas,1173.5411931389456,Medio,833.3300000000007
1927,5097.28,98,0.12410547233280855,0.45956112852664577,0.3065830721003135,3.195786833855799,52.013061224489796,0,0,Premium,2696.330093263256,Alto,869.43
1928,2328.37,114,0.1768446947963763,0.5856807511737089,0.29577464788732394,2.7328286384976526,20.424298245614033,1,2,Cazador de ofertas,1129.2978273564377,Medio,588.0400000000008
1929,4395.83,62,0.11018851144931803,0.43340732519422864,0.19755826859045506,2.4394173140954494,70.90048387096775,0,0,Premium,2075.3328274298224,Alto,746.52
1930,2674.9,182,0.12164946082720499,0.45666666666666667,0.23555555555555555,2.9721111111111114,14.697252747252747,0,4,Rutinario,1415.7247865256504,Medio,399.92
1931,2211.08,101,0.18512096755696478,0.595360824742268,0.4536082474226804,2.8493298969072165,21.891881188118813,0,2,Cazador de ofertas,1113.5976889282024,Medio,624.64
1932,2678.78,74,0.12163245049897375,0.4675324675324675,0.19264069264069264,5.798225108225108,36.19972972972973,0,1,Indiferente al precio,1290.6364155641568,Medio,343.1099999999975
1933,2180.2200000000003,85,0.14379322546361914,0.4964838255977497,0.4022503516174402,3.066413502109705,25.649647058823533,0,4,Rutinario,1046.2988526199613,Medio,365.540000000002
1934,542.87,15,0.17457135192479425,0.5575221238938053,0.3008849557522124,2.402079646017699,36.19133333333333,0,2,Cazador de ofertas,267.7181699358016,Bajo,136.1599999999994
1935,12371.26,176,0.06302192390878003,0.26049735018344883,0.17977986139421118,5.043318385650224,70.29125,1,0,Premium,6903.8665984380605,Alto,894.8100000000037
1936,5029.86,462,0.109196005596208,0.49652375434530704,0.1929316338354577,2.914171494785631,10.887142857142857,1,3,Intensivo,2472.040218740353,Alto,769.4899999999986
1937,6742.4400000000005,158,0.13885194749185412,0.5189788377561303,0.262344642257306,2.264843802485724,42.67367088607595,1,4,Rutinario,3299.851642589259,Alto,1065.8600000000001
1938,1032.95,28,0.09925427413288113,0.3870967741935484,0.10887096774193548,4.165120967741935,36.89107142857143,0,1,Indiferente al precio,537.0651414395807,Bajo,120.21000000000001
1939,3784.62,75,0.14538459213236712,0.553475935828877,0.3404634581105169,3.373101604278075,50.4616,0,4,Rutinario,1775.4087306519311,Alto,680.2400000000023
1940,2392.72,75,0.09444125229923112,0.3844984802431611,0.2196048632218845,1.8181762917933129,31.90293333333333,0,1,Indiferente al precio,1187.6603531906037,Medio,349.11
1941,742.85,135,0.17834109279419866,0.5603864734299517,0.5217391304347826,1.7943236714975845,5.502592592592593,0,2,Cazador de ofertas,386.84793595018766,Bajo,183.1499999999997
1942,3135.06,150,0.09394785079912343,0.3534136546184739,0.21151271753681392,4.196867469879518,20.9004,0,1,Indiferente al precio,1707.3621688612006,Alto,325.77999999999986
1943,5116.58,212,0.13712988711459986,0.48760330578512395,0.36363636363636365,2.819052341597796,24.134811320754718,0,4,Rutinario,2442.48722690892,Alto,850.7899999999997
1944,10942.880000000001,179,0.1032244538114013,0.43475274725274726,0.23145604395604397,3.757857142857143,61.133407821229056,1,0,Premium,5801.638822599377,Alto,1263.350000000005
1945,1020.57,19,0.10885639254078723,0.44108761329305135,0.3413897280966767,3.083293051359517,53.71421052631579,0,0,Premium,540.3562611765071,Bajo,137.26
1946,3312.46,49,0.1382673802142531,0.4912442396313364,0.376036866359447,3.052958525345622,67.60122448979592,0,0,Premium,1606.1503970917177,Medio,597.5899999999992
1947,7209.25,90,0.1058093177611762,0.43911066195048004,0.13542193026781202,3.6428751894896414,80.10277777777777,1,0,Premium,4043.248471938623,Alto,942.4500000000016
1948,1602.32,83,0.11431935866647078,0.47919010123734535,0.5286839145106862,1.802384701912261,19.305060240963854,0,4,Rutinario,852.0600338394127,Medio,276.56
1949,1658.96,54,0.1458840475995386,0.5054744525547445,0.3448905109489051,3.0272992700729926,30.721481481481483,0,4,Rutinario,885.615326869302,Medio,350.64
1950,746.74,31,0.14383028974181142,0.48226950354609927,0.34397163120567376,2.648014184397163,24.088387096774195,0,4,Rutinario,373.575135986405,Bajo,176.5
1951,561.48,18,0.092811325118349,0.40298507462686567,0.22388059701492538,4.190149253731343,31.193333333333335,0,1,Indiferente al precio,296.2512184606696,Bajo,76.77000000000001
1952,1003.87,36,0.18587065718466148,0.5803921568627451,0.43137254901960786,3.9367450980392156,27.885277777777777,0,2,Cazador de ofertas,536.2439666274931,Bajo,209.1700000000004
1953,2722.81,113,0.10081873321658853,0.38507109004739337,0.33175355450236965,3.2260781990521328,24.09566371681416,0,1,Indiferente al precio,1432.2192203735558,Medio,423.52
1954,1965.65,143,0.09822682590202551,0.37293729372937295,0.42244224422442245,3.2436468646864687,13.745804195804196,0,4,Rutinario,946.628866557245,Medio,266.6900000000006
1955,7634.5,156,0.13219688414964803,0.5132365499573015,0.1780529461998292,3.2598206660973528,48.93910256410256,0,0,Premium,3671.75057666164,Alto,1186.400000000001
1956,2174.55,60,0.12095056550998295,0.4823321554770318,0.21908127208480566,3.8419611307420496,36.2425,0,4,Rutinario,1088.0909097425683,Medio,350.37
1957,1994.23,44,0.12080173278895638,0.4501510574018127,0.2673716012084592,3.0124320241691844,45.32340909090909,1,0,Premium,964.5782572011497,Medio,302.68
1958,1017.86,35,0.12907934509756752,0.48552338530066813,0.46770601336302897,2.2669487750556794,29.081714285714288,0,4,Rutinario,528.1564789660508,Bajo,172.88
1959,5592.54,104,0.16196013870678075,0.546372239747634,0.3861198738170347,3.528416403785489,53.77442307692308,1,2,Cazador de ofertas,2832.595406177388,Alto,1096.1600000000035
1960,2637.78,93,0.20201937681001056,0.6287215411558669,0.318739054290718,4.619579684763573,28.363225806451617,0,2,Cazador de ofertas,1387.6525770078815,Medio,651.1000000000025
1961,1634.22,91,0.16342136473549868,0.5561056105610561,0.40924092409240925,2.6967326732673267,17.95846153846154,0,2,Cazador de ofertas,800.3619776106194,Medio,291.47
1962,3512.23,131,0.09393398883659614,0.40125111706881145,0.2707774798927614,3.138722073279714,26.81091603053435,0,1,Indiferente al precio,1842.1004704202824,Alto,354.24999999999704
1963,2542.45,50,0.12089144879979967,0.5127161749745677,0.35300101729399797,2.5864191251271618,50.849,1,0,Premium,1330.5312106664044,Medio,404.22000000000025
1964,1990.1200000000001,68,0.1385420359586712,0.49119170984455957,0.3005181347150259,2.062300518134715,29.266470588235297,0,4,Rutinario,1124.930987431619,Medio,410.15
1965,4142.69,163,0.14799619592210606,0.4833984375,0.3583984375,4.045595703125,25.41527607361963,1,4,Rutinario,2294.959766522596,Alto,632.6000000000007
1966,5307.89,126,0.13844703550571716,0.5170940170940171,0.31324786324786325,2.26832905982906,42.126111111111115,0,4,Rutinario,2978.7390139542395,Alto,1008.5500000000004
1967,1802.93,73,0.13735643324948277,0.5126903553299492,0.4251269035532995,2.287982233502538,24.697671232876715,0,4,Rutinario,863.6898455859538,Medio,257.2600000000001
1968,2479.97,89,0.13334597366387108,0.48736842105263156,0.24421052631578946,2.610494736842105,27.864831460674154,0,4,Rutinario,1293.3873785580377,Medio,451.8899999999998
1969,2246.2,230,0.1921428233107819,0.6170212765957447,0.47606382978723405,1.9913120567375886,9.766086956521738,0,2,Cazador de ofertas,1185.186845408609,Medio,670.81
1970,1091.08,69,0.14072276066589404,0.47342995169082125,0.3647342995169082,2.6354589371980675,15.812753623188405,0,4,Rutinario,554.1777141045702,Bajo,219.39999999999998
1971,5297.13,153,0.12441525845458706,0.44534412955465585,0.23549257759784076,3.574311740890688,34.621764705882356,0,1,Indiferente al precio,2553.950987031904,Alto,734.5299999999991
1972,2435.73,120,0.11928292388519493,0.4375586854460094,0.415962441314554,2.287070422535211,20.29775,0,4,Rutinario,1375.7783973921164,Medio,382.9000000000001
1973,1683.55,130,0.0926136935027109,0.32625994694960214,0.26790450928381965,4.4656498673740055,12.950384615384616,0,1,Indiferente al precio,0.0243540160083993,Bajo,147.19
1974,5266.0,198,0.1295025909372329,0.46491803278688526,0.17704918032786884,3.4531147540983604,26.595959595959595,0,1,Indiferente al precio,1.066840704620357e-17,Bajo,801.4199999999969
1975,17548.27,363,0.10390369450142495,0.4230673004753565,0.19314485864398298,4.3903602702026525,48.34234159779614,1,3,Intensivo,8790.49858949062,Alto,1615.1300000000006
1976,3546.81,165,0.13161865768534764,0.45930232558139533,0.32122093023255816,2.577623546511628,21.49581818181818,0,4,Rutinario,1856.0881698059748,Alto,525.9200000000001
1977,357.99,30,0.16170803445405038,0.5375,0.2375,4.474875,11.933,0,4,Rutinario,207.88657925666973,Bajo,94.40999999999967
1978,1459.68,89,0.09996242863141044,0.4340344168260038,0.35946462715105165,2.790975143403442,16.400898876404494,0,4,Rutinario,720.9850341807067,Medio,179.64000000000112
1979,1146.67,101,0.11742912249490255,0.393048128342246,0.26737967914438504,3.06596256684492,11.353168316831685,0,1,Indiferente al precio,559.2471912352977,Bajo,257.5600000000007
1980,4443.15,54,0.13128321379265362,0.4931506849315068,0.3706240487062405,3.3813926940639267,82.28055555555555,0,0,Premium,2189.401984180287,Alto,853.7000000000011
1981,1450.68,100,0.18893969992426002,0.574430823117338,0.3450087565674256,2.540595446584939,14.5068,0,2,Cazador de ofertas,748.1626463052552,Medio,486.40000000000003
1982,4213.85,160,0.09654776397306943,0.3684210526315789,0.4645042839657283,2.578855569155447,26.336562500000003,0,4,Rutinario,2290.2331276676064,Alto,517.2199999999946
1983,2497.9,38,0.10905280275657267,0.42992125984251967,0.18110236220472442,3.933700787401575,65.73421052631579,0,0,Premium,1196.9214098483976,Medio,320.1999999999998
1984,38.94,3,0.1646073148900256,0.6428571428571429,0.42857142857142855,2.781428571428571,12.979999999999999,0,2,Cazador de ofertas,183.51531837751057,Bajo,6.7700000000000005
1985,8605.36,156,0.1147053540985466,0.49088086922778423,0.24912689173457508,3.339293752425301,55.162564102564104,1,0,Premium,4260.261561202432,Alto,1184.5500000000002
1986,230.06,12,0.15002815475869055,0.5360824742268041,0.3711340206185567,2.3717525773195876,19.171666666666667,0,4,Rutinario,122.09373979038696,Bajo,52.86
1987,1973.54,76,0.20864569910714545,0.661588683351469,0.41893362350380847,2.147486398258977,25.96763157894737,0,2,Cazador de ofertas,1101.954448813882,Medio,647.0300000000001
1988,7907.93,183,0.1320053167954296,0.49108204518430437,0.30439952437574314,4.701504161712247,43.21273224043716,0,4,Rutinario,3994.705683358177,Alto,1315.9399999999996
1989,3052.87,152,0.13419585866781927,0.4713235294117647,0.33455882352941174,2.244757352941176,20.084671052631577,1,4,Rutinario,1591.801585916208,Medio,651.7899999999984
1990,4593.26,130,0.14455949829680922,0.5188821752265861,0.2688821752265861,3.4692296072507554,35.33276923076923,1,4,Rutinario,2442.7803295072054,Alto,744.8600000000049
1991,320.14,45,0.08850981796563955,0.3333333333333333,0.30158730158730157,2.540793650793651,7.114222222222222,0,1,Indiferente al precio,169.09146545777517,Bajo,38.010000000000275
1992,528.65,30,0.12216445078320567,0.48299319727891155,0.17006802721088435,3.5962585034013603,17.621666666666666,0,1,Indiferente al precio,294.8123201454539,Bajo,104.7
1993,1359.33,82,0.19300075339460954,0.615916955017301,0.314878892733564,2.351782006920415,16.57719512195122,0,2,Cazador de ofertas,736.7014682786527,Medio,326.0900000000022
1994,1069.0,43,0.1439996834742098,0.5343511450381679,0.2926208651399491,2.7201017811704835,24.86046511627907,0,4,Rutinario,541.5964612844485,Bajo,203.04000000000002
1995,15332.43,153,0.12847963934547466,0.5131431139069872,0.2255672882498315,3.44471579420355,100.21196078431373,1,0,Premium,8530.479732970069,Alto,2452.8999999999987
1996,2654.2,119,0.12078374656783665,0.4454022988505747,0.21695402298850575,3.8135057471264364,22.304201680672268,0,1,Indiferente al precio,1293.6607578953035,Medio,329.5
1997,4295.68,66,0.10480038511606538,0.4270833333333333,0.1971153846153846,3.442051282051282,65.08606060606061,0,0,Premium,2262.2593692482137,Alto,474.8600000000008
1998,2383.54,331,0.16596220442080584,0.5150620200826934,0.47607796810395747,1.4078795038393384,7.201027190332326,0,3,Intensivo,1227.5869141656276,Medio,594.1600000000001
1999,783.33,52,0.14906374288162053,0.5126582278481012,0.4525316455696203,2.4788924050632914,15.064038461538463,0,4,Rutinario,421.7909594810751,Bajo,158.93
2000,552.29,61,0.17338300660452788,0.5566037735849056,0.2783018867924528,2.6051415094339623,9.053934426229507,0,2,Cazador de ofertas,283.5092222034993,Bajo,156.52
2001,1214.28,35,0.1556266146594954,0.6026666666666667,0.288,3.23808,34.693714285714286,0,2,Cazador de ofertas,592.5799371828014,Bajo,219.29999999999748
2002,2465.12,63,0.17070026762150708,0.5913410770855333,0.36958817317845827,2.6030834213305174,39.12888888888889,0,2,Cazador de ofertas,1180.9957113005946,Medio,671.140000000001
2003,1976.48,42,0.10205993433075324,0.4084507042253521,0.09346991037131883,2.5307042253521126,47.05904761904762,0,1,Indiferente al precio,1002.4919673426972,Medio,248.06000000000006
2004,10053.87,248,0.11600209335477794,0.4637762237762238,0.10909090909090909,2.812271328671329,40.53979838709678,1,1,Indiferente al precio,5207.958709211736,Alto,1384.88
2005,1439.19,52,0.15100297182100894,0.5186440677966102,0.3338983050847458,2.439305084745763,27.67673076923077,0,4,Rutinario,755.9110992365661,Medio,341.1800000000001
2006,4873.24,110,0.15989426593756315,0.5551601423487544,0.3641755634638197,2.890415183867141,44.302181818181815,1,2,Cazador de ofertas,2370.046790816068,Alto,1181.7099999999991
2007,8887.75,189,0.11976332441016815,0.4692502106149958,0.2447346251053075,3.7437868576242628,47.02513227513227,1,0,Premium,4571.418113711336,Alto,1247.230000000001
2008,2332.45,68,0.09919978606979758,0.44814340588988477,0.2407170294494238,2.9864916773367476,34.30073529411764,0,1,Indiferente al precio,1093.7675819236272,Medio,275.44
2009,1506.88,33,0.1722896986698143,0.6458852867830424,0.30673316708229426,3.7578054862842896,45.663030303030304,0,2,Cazador de ofertas,6.369652647839257e-05,Bajo,291.54000000000076
2010,1605.98,58,0.11641120243321589,0.4559386973180077,0.3850574712643678,3.076590038314176,27.689310344827586,0,4,Rutinario,884.1850217344999,Medio,258.88000000000017
2011,1367.34,104,0.14690182705207877,0.48068669527896996,0.21244635193133046,2.9342060085836907,13.147499999999999,1,4,Rutinario,704.7148002387885,Medio,325.51000000000005
2012,8535.06,302,0.171713755800759,0.5399863294600137,0.3892686261107314,2.916971975393028,28.261788079470197,0,3,Intensivo,4431.209728651637,Alto,1874.0899999999979
2013,1182.47,93,0.12213490173941091,0.42412451361867703,0.35992217898832685,2.300525291828794,12.714731182795699,0,4,Rutinario,21.737290100494494,Bajo,211.5
2014,1489.89,44,0.1355948021057035,0.47761194029850745,0.24776119402985075,2.223716417910448,33.86113636363637,0,4,Rutinario,838.9029115192662,Medio,266.78000000000003
2015,6628.7,122,0.11752183374884849,0.4403807615230461,0.2635270541082164,3.320991983967936,54.333606557377045,0,0,Premium,3387.9291760111814,Alto,956.31
2016,1728.53,125,0.13565097700533912,0.46635730858468677,0.3306264501160093,2.0052552204176335,13.82824,0,4,Rutinario,871.0585075479188,Medio,453.61
2017,7106.62,169,0.12903562026304585,0.4758854559155991,0.49321778447626224,2.6777015825169554,42.05100591715976,0,4,Rutinario,3707.4122005501313,Alto,1261.5499999999938
2018,4038.15,147,0.11774716913279762,0.43237250554323725,0.35624538063562455,2.9845898004434592,27.470408163265308,0,4,Rutinario,1872.13878754524,Alto,570.63
2019,13160.5,337,0.12702677297152404,0.6488994961548661,0.43092018032352164,3.4899230973216655,39.05192878338279,1,3,Intensivo,7206.769086176628,Alto,2389.3900000000012
2020,8458.210000000001,252,0.10726504735904459,0.41234119782214157,0.22976406533575316,3.0701306715063525,33.5643253968254,0,1,Indiferente al precio,4335.8014566895945,Alto,1248.9
2021,1393.24,77,0.146921405284337,0.4817987152034261,0.2505353319057816,2.9833832976445396,18.094025974025975,0,4,Rutinario,707.0187948756945,Medio,297.36
2022,7875.78,86,0.111659667560075,0.447979797979798,0.27525252525252525,3.9776666666666665,91.57883720930232,0,0,Premium,4221.49146024802,Alto,1040.6599999999999
2023,1805.63,109,0.141015289494774,0.4434389140271493,0.07918552036199095,4.085135746606335,16.565412844036697,0,1,Indiferente al precio,978.8048812195856,Medio,493.7
2024,4956.99,98,0.10106332803089813,0.43287225386493083,0.19121236777868186,4.033352318958503,50.5815306122449,1,0,Premium,2541.589479368224,Alto,573.4499999999974
2025,1119.54,33,0.12721146528852945,0.4918032786885246,0.3237704918032787,4.58827868852459,33.92545454545454,0,4,Rutinario,561.3035349962428,Bajo,111.8200000000007
2026,1181.63,18,0.2620192333431621,0.7268170426065163,0.3533834586466165,2.961478696741855,65.64611111111111,0,2,Cazador de ofertas,690.9500590404751,Medio,654.0500000000001
2027,1915.28,132,0.15467106274366313,0.5007112375533428,0.3584637268847795,2.724438122332859,14.50969696969697,0,4,Rutinario,923.0722596031276,Medio,500.76
2028,1984.73,91,0.13477889216119837,0.5267175572519084,0.13893129770992366,3.03012213740458,21.810219780219782,0,4,Rutinario,948.3549979893872,Medio,313.05000000000007
2029,1688.9,45,0.12672023151880643,0.4617067833698031,0.17067833698030635,3.6956236323851206,37.531111111111116,0,1,Indiferente al precio,933.7632331429976,Medio,364.80000000000007
2030,2628.1,90,0.12477848480277778,0.4842319430315361,0.3285859613428281,2.6735503560528993,29.20111111111111,0,4,Rutinario,1465.1662837223723,Medio,437.060000000001
2031,306.37,15,0.11956152984874387,0.3819444444444444,0.4722222222222222,2.1275694444444446,20.424666666666667,0,4,Rutinario,179.6735383921674,Bajo,52.900000000000006
2032,1274.78,66,0.15315891510385665,0.5146443514644351,0.3891213389121339,5.333807531380753,19.314848484848483,0,4,Rutinario,668.184955214746,Medio,140.1700000000011
2033,2512.78,109,0.09371498757000037,0.37954939341421146,0.1663778162911612,4.354904679376084,23.053027522935782,0,1,Indiferente al precio,1317.4236987700529,Medio,226.88999999999882
2034,3118.35,140,0.12228318878037997,0.43688524590163935,0.4122950819672131,2.5560245901639345,22.27392857142857,0,4,Rutinario,1626.0651197198804,Medio,638.6999999999994
2035,1077.8,68,0.15500189627954442,0.4864864864864865,0.44282744282744285,2.240748440748441,15.85,0,4,Rutinario,523.0468346272825,Bajo,293.72
2036,4064.45,49,0.0955120251815569,0.4161016949152542,0.19745762711864406,3.4444491525423726,82.94795918367346,0,0,Premium,2312.8255959023804,Alto,397.3900000000003
2037,1743.97,97,0.11447356854465873,0.4527503526093089,0.5303244005641748,2.4597602256699576,17.979072164948455,0,4,Rutinario,935.5032183549554,Medio,312.68
2038,1489.8,59,0.15350253344055828,0.5647668393782384,0.35233160621761656,3.8595854922279793,25.250847457627117,0,4,Rutinario,704.3437783040964,Medio,279.22000000000037
2039,2260.46,74,0.1779621246133404,0.569672131147541,0.3551912568306011,3.0880601092896174,30.546756756756757,0,2,Cazador de ofertas,1089.997594909572,Medio,493.0000000000004
2040,2968.51,422,0.117435486649679,0.4837570621468927,0.2252824858757062,2.0964053672316387,7.034383886255925,0,3,Intensivo,1515.6054795916366,Medio,581.8100000000006
2041,6406.99,152,0.13387358353496728,0.5156549520766773,0.2095846645367412,4.093923322683706,42.15125,1,0,Premium,3588.9260331554187,Alto,1052.2799999999977
2042,4809.05,29,0.12451981248549344,0.481651376146789,0.3229357798165138,4.411972477064221,165.8293103448276,1,0,Premium,2408.431075288292,Alto,859.43
2043,1640.79,64,0.13449069144624806,0.46291208791208793,0.4175824175824176,2.2538324175824176,25.63734375,0,4,Rutinario,892.0339840748801,Medio,317.5800000000001
2044,1000.84,48,0.10817587071957549,0.40816326530612246,0.25072886297376096,2.917900874635569,20.850833333333334,0,1,Indiferente al precio,475.16513206942864,Bajo,115.26
2045,310.64,19,0.10813215660465367,0.3977272727272727,0.3068181818181818,3.53,16.349473684210526,0,1,Indiferente al precio,169.8457996213817,Bajo,33.7999999999996
2046,638.8,48,0.12069530678589335,0.46285714285714286,0.2,3.650285714285714,13.308333333333332,0,1,Indiferente al precio,320.0192147720132,Bajo,82.79000000000093
2047,4816.35,119,0.11940694240599119,0.4567993989481593,0.2877535687453043,3.6185950413223145,40.47352941176471,0,4,Rutinario,2665.086047647978,Alto,755.4399999999995
2048,1538.46,47,0.09310068537401678,0.3722397476340694,0.1829652996845426,4.8531861198738175,32.7331914893617,0,1,Indiferente al precio,772.232988445211,Medio,182.6200000000008
2049,998.12,36,0.12907189419545717,0.519434628975265,0.28975265017667845,3.5269257950530037,27.725555555555555,0,4,Rutinario,518.8669900104977,Bajo,182.98000000000002
2050,5193.22,160,0.16754685559013782,0.5381026438569206,0.3297045101088647,4.038273716951789,32.457625,0,2,Cazador de ofertas,2486.9421269228465,Alto,1010.7300000000014
2051,4923.16,288,0.11203039892847953,0.5428354814253222,0.27293404094010615,3.732494313874147,17.094305555555554,0,3,Intensivo,8.124446438087629e-29,Bajo,565.8500000000008
2052,131.83,6,0.1962987907854419,0.6862745098039216,0.2549019607843137,2.584901960784314,21.971666666666668,0,2,Cazador de ofertas,72.70259460959049,Bajo,37.39
2053,3351.34,165,0.14412756136666985,0.5194704049844237,0.26479750778816197,2.610077881619938,20.311151515151515,0,4,Rutinario,1843.9891603180204,Alto,625.0699999999993
2054,217.6,26,0.33345652421393357,0.8125,0.625,2.7199999999999998,8.36923076923077,0,2,Cazador de ofertas,116.11077185723748,Bajo,171.01999999999998
2055,2408.7400000000002,133,0.11311680926227134,0.46025641025641023,0.27692307692307694,3.0881282051282053,18.110827067669174,0,4,Rutinario,1333.0073664341824,Medio,298.45999999999975
2056,2450.8,108,0.12540165507780474,0.4462915601023018,0.27877237851662406,3.1340153452685424,22.692592592592593,0,4,Rutinario,1327.5976061338804,Medio,414.28000000000003
2057,3150.45,125,0.1835275463955659,0.6089211618257261,0.37863070539419086,3.268101659751037,25.203599999999998,1,2,Cazador de ofertas,1737.329764866182,Alto,709.0700000000065
2058,5970.57,167,0.08063050351822706,0.3359234907352062,0.16317991631799164,3.568780633592349,35.75191616766467,0,1,Indiferente al precio,2846.2267158692707,Alto,518.0399999999955
2059,2359.12,54,0.14702204095695706,0.5132496513249651,0.5062761506276151,3.2902649930264993,43.687407407407406,0,4,Rutinario,1254.6394225627057,Medio,480.6900000000003
2060,629.9,32,0.09581205655794527,0.3357664233576642,0.22627737226277372,4.597810218978102,19.684375,0,1,Indiferente al precio,343.80104925629354,Bajo,56.400000000000205
2061,226.71,18,0.12777166301002008,0.36486486486486486,0.28378378378378377,3.0636486486486487,12.595,0,1,Indiferente al precio,130.39603507325435,Bajo,36.94
2062,5357.62,217,0.1772587249096081,0.5280511811023622,0.45423228346456695,2.6366240157480316,24.689493087557604,1,2,Cazador de ofertas,2649.6040269737355,Alto,1634.3600000000006
2063,2591.43,81,0.12395369001569355,0.38636363636363635,0.16425619834710745,2.6770971074380165,31.99296296296296,0,1,Indiferente al precio,1314.1960693496778,Medio,520.89
2064,5424.85,271,0.09561969328864646,0.36213991769547327,0.23809523809523808,3.189212228101117,20.017896678966792,1,1,Indiferente al precio,2589.8458417297493,Alto,570.8799999999999
2065,3268.33,89,0.15168544906823633,0.5331695331695332,0.19328419328419327,2.676764946764947,36.722808988764044,0,4,Rutinario,1698.0423899272816,Alto,635.16
2066,2141.77,112,0.1569859527704113,0.5412844036697247,0.22752293577981653,3.929853211009174,19.122946428571428,1,4,Rutinario,1085.918879906635,Medio,567.7400000000011
2067,120.01,6,0.12501170034847528,0.3898305084745763,0.3898305084745763,2.0340677966101697,20.00166666666667,0,4,Rutinario,67.09759387741563,Bajo,16.04
2068,2561.4,108,0.18290558892372727,0.6092916984006093,0.25057121096725055,1.9507996953541509,23.71666666666667,0,2,Cazador de ofertas,1360.6065461113162,Medio,712.2500000000002
2069,2068.17,89,0.10855274689825084,0.3968253968253968,0.32323232323232326,2.9843722943722946,23.237865168539326,0,4,Rutinario,1026.586038831372,Medio,301.64
2070,9210.42,635,0.15118229469264352,0.6556914393226717,0.2756349952963311,2.8881843838193793,14.50459842519685,0,3,Intensivo,4937.318822377502,Alto,2185.65
2071,1732.97,210,0.12402057975771585,0.46467817896389324,0.3704866562009419,2.7205180533751965,8.252238095238095,0,4,Rutinario,972.698555159842,Medio,362.63
2072,278.28,12,0.17004651955583533,0.5703703703703704,0.45185185185185184,2.0613333333333332,23.189999999999998,0,2,Cazador de ofertas,161.59052860125468,Bajo,65.99000000000001
2073,1697.23,72,0.208497841182976,0.6466876971608833,0.22397476340694006,2.677018927444795,23.57263888888889,0,2,Cazador de ofertas,15.934452571069755,Bajo,488.16000000000065
2074,678.72,29,0.1486958029551344,0.5505226480836237,0.2682926829268293,2.3648780487804877,23.404137931034484,0,4,Rutinario,383.6771399175372,Bajo,147.29000000000013
2075,4736.51,154,0.14612555362439214,0.5034396497811132,0.3151969981238274,2.962170106316448,30.756558441558443,0,4,Rutinario,2234.0033471798515,Alto,955.3999999999985
2076,8297.94,252,0.1224401672909559,0.47544642857142855,0.22321428571428573,3.0870312500000003,32.928333333333335,0,4,Rutinario,4142.145893025209,Alto,1063.8700000000024
2077,1835.18,109,0.08328651980516608,0.3439878234398782,0.2754946727549467,2.7932724505327244,16.83651376146789,0,1,Indiferente al precio,982.2920311712978,Medio,203.90000000000094
2078,2323.92,92,0.10219387066961093,0.4038876889848812,0.2526997840172786,5.0192656587473,25.26,0,1,Indiferente al precio,1138.0882911263852,Medio,370.6899999999989
2079,4802.87,119,0.09747684345273308,0.3617494440326168,0.2312824314306894,3.5603187546330615,40.360252100840334,0,1,Indiferente al precio,2474.211233752563,Alto,717.4499999999997
2080,5704.14,122,0.12598593318906953,0.5284588441330998,0.2040280210157618,2.4974343257443086,46.75524590163935,1,0,Premium,2962.4620033866404,Alto,851.5899999999979
2081,921.84,33,0.12985968201009976,0.4548872180451128,0.48872180451127817,3.465563909774436,27.934545454545457,0,4,Rutinario,491.3993857325074,Bajo,191.22000000000003
2082,5082.41,190,0.1540936841582177,0.5377685377685377,0.24740124740124741,3.522113652113652,26.749526315789474,1,4,Rutinario,2745.690171963468,Alto,981.9700000000037
2083,8308.39,383,0.1156078979317769,0.42401343408900083,0.23215785054575985,3.4879890848026864,21.692924281984332,1,3,Intensivo,4358.232020139863,Alto,1176.6600000000012
2084,2937.95,131,0.23586946989372193,0.6712765957446809,0.32127659574468087,3.125478723404255,22.42709923664122,1,2,Cazador de ofertas,1610.2095154119074,Medio,782.0200000000002
2085,12894.57,359,0.15430698802495377,0.5281274081685076,0.31723606473156946,3.312245055227331,35.918022284122564,1,3,Intensivo,6505.670209133817,Alto,2880.219999999998
2086,6269.54,574,0.10822773602914186,0.4961411245865491,0.14057331863285558,3.4561962513781697,10.92254355400697,0,3,Intensivo,3285.3313268388874,Alto,956.5299999999987
2087,7832.72,227,0.1686238164131703,0.6038028715560729,0.3973612727978269,3.0394722545595654,34.50537444933921,1,2,Cazador de ofertas,3824.9279634305954,Alto,1800.5199999999968
2088,4905.71,109,0.14170288568634623,0.5123658422771815,0.3294447036864209,2.289178721418572,45.00651376146789,1,4,Rutinario,2363.8115331233703,Alto,964.46
2089,159.96,34,0.1121519867543211,0.36923076923076925,0.7538461538461538,2.460923076923077,4.7047058823529415,0,4,Rutinario,75.33649759244908,Bajo,24.36
2090,1201.03,56,0.2159508109497967,0.6666666666666666,0.33766233766233766,2.5996320346320347,21.446964285714284,0,2,Cazador de ofertas,572.2788754311965,Bajo,300.8399999999996
2091,834.5600000000001,15,0.12593325528619004,0.5,0.20503597122302158,3.0020143884892088,55.63733333333334,0,0,Premium,468.9315734773657,Bajo,153.51
2092,2290.54,122,0.12771520164930242,0.48583569405099153,0.24220963172804533,3.2443909348441924,18.774918032786886,0,4,Rutinario,3.290681196256352e-05,Bajo,361.5200000000003
2093,490.98,18,0.14326627261670907,0.44642857142857145,0.24107142857142858,4.38375,27.276666666666667,0,4,Rutinario,284.1894974297743,Bajo,79.57999999999949
2094,3055.52,75,0.1366507538891792,0.4957983193277311,0.4276377217553688,2.8529598506069096,40.74026666666666,1,4,Rutinario,1567.842344367452,Medio,683.58
2095,3790.49,164,0.105920433401038,0.3998878295008413,0.26023555804823334,2.1259057767807064,23.11274390243902,0,1,Indiferente al precio,1799.925232728295,Alto,500.8499999999986
2096,1301.65,26,0.14394021522020525,0.4758269720101781,0.22137404580152673,3.3120865139949114,50.06346153846154,0,0,Premium,673.4459527159764,Medio,343.75
2097,8823.83,199,0.15332251658298082,0.5308729595457772,0.5003548616039745,6.262476933995742,44.34085427135678,0,4,Rutinario,5.004226384742656,Bajo,1852.5300000000025
2098,682.46,13,0.11876406046808419,0.49099099099099097,0.1891891891891892,3.074144144144144,52.49692307692308,0,0,Premium,362.7784796314274,Bajo,103.50000000000001
2099,691.3,53,0.10754354071204561,0.3240223463687151,0.25139664804469275,3.8620111731843574,13.043396226415094,0,1,Indiferente al precio,338.31511798448554,Bajo,81.16999999999902
2100,3185.31,71,0.2341250659287364,0.7111756168359942,0.3548621190130624,2.311545718432511,44.86352112676056,1,2,Cazador de ofertas,1763.2449870240575,Alto,1258.3900000000003
2101,420.02,10,0.11730579684730441,0.4609375,0.3359375,3.28140625,42.001999999999995,0,4,Rutinario,228.39427263025215,Bajo,59.92
2102,3619.76,105,0.11834322022986943,0.4214145383104126,0.13064833005893908,3.5557563850687623,34.47390476190476,0,1,Indiferente al precio,1734.4119168713898,Alto,639.15
2103,361.01,30,0.09601212673882181,0.3404255319148936,0.3333333333333333,2.560354609929078,12.033666666666667,0,1,Indiferente al precio,190.52790676527133,Bajo,53.690000000000005
2104,494.57,29,0.15775162635241669,0.5705882352941176,0.43529411764705883,2.909235294117647,17.054137931034482,0,2,Cazador de ofertas,216.3372238349124,Bajo,123.3699999999993
2105,899.92,35,0.1502013997028847,0.48931116389548696,0.40617577197149646,2.1375771971496436,25.712,0,4,Rutinario,422.7870420382411,Bajo,179.47000000000028
2106,2807.03,52,0.09789725079151738,0.3549920760697306,0.18858954041204437,4.4485419968304285,53.98134615384616,0,1,Indiferente al precio,0.0660198466293515,Bajo,237.10000000000025
2107,3409.06,87,0.15309490676633894,0.53045013239188,0.27714033539276256,3.0088790820829656,39.18459770114942,0,4,Rutinario,1792.1495521807778,Alto,796.1800000000001
2108,1830.99,131,0.1749759968035084,0.530791788856305,0.4838709677419355,2.6847360703812315,13.977022900763359,0,2,Cazador de ofertas,1007.591777065802,Medio,504.74000000000024
2109,2508.2400000000002,120,0.1346553922305642,0.4632829373650108,0.3509719222462203,2.7086825053995685,20.902,0,4,Rutinario,1310.6457860781347,Medio,485.6700000000001
2110,12470.03,222,0.06823078698441386,0.2820670562903722,0.17932943709627808,3.8357520762842205,56.171306306306306,0,1,Indiferente al precio,5864.205897195775,Alto,947.8900000000018
2111,2590.37,122,0.34035511472877894,0.8034591194968553,0.26257861635220126,4.072908805031447,21.232540983606558,1,2,Cazador de ofertas,1237.1298821234504,Medio,1626.269999999996
2112,5116.15,131,0.16719577947366207,0.5378393991912189,0.2628538417099942,2.9556036972848063,39.054580152671754,1,2,Cazador de ofertas,2493.00877762694,Alto,1680.8599999999997
2113,1599.08,60,0.13148399894292728,0.47844827586206895,0.22557471264367815,2.297528735632184,26.651333333333334,0,4,Rutinario,817.9216644965242,Medio,257.99
2114,3170.28,156,0.11402232842922887,0.41818181818181815,0.1303030303030303,2.401727272727273,20.322307692307692,0,1,Indiferente al precio,1538.4297716570063,Medio,433.91000000000037
2115,14774.86,320,0.1108869104116542,0.43418259023354566,0.29909766454352443,3.9211411889596604,46.1714375,1,3,Intensivo,7723.646966114868,Alto,1480.109999999986
2116,12228.09,221,0.12821693073480978,0.4948626045400239,0.2965352449223417,2.921885304659498,55.330723981900455,0,0,Premium,5776.346878427742,Alto,1931.8899999999976
2117,1050.39,63,0.18353887023460908,0.560702875399361,0.43450479233226835,1.6779392971246008,16.672857142857143,1,2,Cazador de ofertas,589.9719727454321,Bajo,274.18
2118,1107.79,29,0.1594681572528322,0.5502793296089385,0.3016759776536313,3.094385474860335,38.19965517241379,0,2,Cazador de ofertas,641.0659127193089,Medio,245.3300000000008
2119,2295.16,44,0.233296155235658,0.7295918367346939,0.3336734693877551,2.3419999999999996,52.16272727272727,0,2,Cazador de ofertas,1292.697982221985,Medio,813.2099999999969
2120,1643.2,72,0.0988641815873056,0.38949671772428884,0.1838074398249453,3.5956236323851205,22.822222222222223,0,1,Indiferente al precio,845.805882192633,Medio,221.8099999999999
2121,5582.79,142,0.12150463960183723,0.4425901201602136,0.3030707610146863,3.726829105473965,39.31542253521127,0,4,Rutinario,3040.47257209804,Alto,756.8600000000038
2122,441.84000000000003,12,0.10677306163513517,0.4166666666666667,0.1794871794871795,2.8323076923076926,36.82,0,1,Indiferente al precio,242.80539530627397,Bajo,63.349999999999625
2123,4332.45,59,0.1424683413911883,0.4605353466026081,0.3383665065202471,2.973541523678792,73.43135593220339,1,0,Premium,2471.999521741513,Alto,863.7300000000001
2124,7859.41,240,0.10191065705947587,0.38188976377952755,0.43188976377952754,3.094255905511811,32.74754166666666,1,4,Rutinario,3758.306216926346,Alto,958.5299999999968
2125,4833.29,113,0.148466719842607,0.573126142595978,0.29250457038391225,4.417998171846435,42.772477876106194,0,4,Rutinario,2423.0164241671714,Alto,913.0800000000004
2126,4713.85,125,0.11007375121977502,0.44300341296928325,0.1945392491467577,3.2176450511945394,37.710800000000006,0,1,Indiferente al precio,2553.887153020033,Alto,638.8299999999983
2127,1461.82,26,0.18040782423686205,0.5514511873350924,0.2955145118733509,3.8570448548812664,56.223846153846154,0,2,Cazador de ofertas,742.0615408969367,Medio,406.34999999999917
2128,1877.71,82,0.11002730797413747,0.3955773955773956,0.3808353808353808,4.613538083538083,22.89890243902439,0,4,Rutinario,880.0046899817554,Medio,163.7100000000005
2129,7164.99,163,0.12188781925150341,0.680637049455155,0.4191114836546521,3.002929589270746,43.956993865030675,0,2,Cazador de ofertas,3973.447356326294,Alto,1165.4299999999982
2130,6060.39,97,0.11811835859268488,0.45667125171939477,0.2874828060522696,4.1680811554332875,62.47824742268042,1,0,Premium,3348.004923113513,Alto,996.5500000000004
2131,3982.87,139,0.12418680973596384,0.6536731634182908,0.2616191904047976,2.9856596701649174,28.653741007194245,0,4,Rutinario,2198.1653613422745,Alto,664.0100000000001
2132,575.87,41,0.13523214257194013,0.4694835680751174,0.2676056338028169,2.7036150234741783,14.04560975609756,0,4,Rutinario,294.45884204641766,Bajo,88.93
2133,6759.92,141,0.10986456190979497,0.4243258117776555,0.33516785910842045,3.7203742432581177,47.94269503546099,0,0,Premium,3502.392297676032,Alto,737.2700000000013
2134,9129.83,86,0.1130560496963096,0.41472720335749713,0.29225486455551314,3.48333842045021,106.16081395348837,1,0,Premium,4498.862605198144,Alto,1560.5900000000001
2135,779.29,45,0.1066146421899612,0.40268456375838924,0.20469798657718122,2.6150671140939594,17.317555555555554,0,1,Indiferente al precio,401.0106678025783,Bajo,89.30999999999973
2136,1552.43,18,0.0893651728824981,0.36438923395445133,0.2028985507246377,3.2141407867494824,86.24611111111112,0,0,Premium,819.0838231888506,Medio,166.82
2137,2970.14,186,0.15511114720870595,0.5201970443349754,0.5586206896551724,2.926246305418719,15.968494623655912,0,4,Rutinario,1485.6514874606569,Medio,590.9899999999998
2138,1878.48,66,0.15300968674439824,0.5483383685800605,0.3368580060422961,2.837583081570997,28.46181818181818,0,4,Rutinario,1052.9677839163935,Medio,438.89000000000004
2139,4695.59,372,0.1048405255088179,0.5003322259136213,0.1335548172757475,3.1199933554817276,12.62255376344086,0,3,Intensivo,2409.645052180508,Alto,543.5200000000016
2140,1567.89,51,0.1185136957890366,0.40980392156862744,0.307843137254902,3.074294117647059,30.74294117647059,0,4,Rutinario,825.3309133357443,Medio,219.5499999999989
2141,5246.67,90,0.11766873767622141,0.4499572284003422,0.2728828058169376,4.488169375534645,58.29633333333334,0,0,Premium,2474.196013297805,Alto,706.4900000000001
2142,7631.12,104,0.10147849257520543,0.42396127470754336,0.1863654699475595,3.078305768455022,73.37615384615384,0,0,Premium,3971.747372744654,Alto,948.6300000000006
2143,298.65,9,0.18007905321007656,0.5675675675675675,0.3963963963963964,2.6905405405405403,33.18333333333333,0,2,Cazador de ofertas,156.01051628256843,Bajo,84.75
2144,2265.9,49,0.1127300036592302,0.44801512287334594,0.29867674858223064,4.2833648393194705,46.24285714285715,0,0,Premium,1151.7314805554724,Medio,358.959999999999
2145,1090.6200000000001,38,0.0949289515667681,0.35,0.12307692307692308,4.194692307692308,28.700526315789478,0,1,Indiferente al precio,525.3446438574398,Bajo,110.32000000000055
2146,1692.54,57,0.11076662118046164,0.44731977818853974,0.12754158964879853,3.128539741219963,29.693684210526314,0,1,Indiferente al precio,795.8805988416358,Medio,217.55
2147,5706.01,96,0.14530590906251878,0.5277098614506928,0.4409127954360228,2.3251874490627547,59.43760416666667,1,4,Rutinario,3198.595843095814,Alto,1122.5900000000001
2148,3263.92,123,0.15915651870697078,0.5119521912350598,0.25630810092961487,2.167277556440903,26.535934959349593,1,4,Rutinario,1644.7342745920196,Medio,906.7600000000007
2149,3703.42,109,0.15529427838915083,0.44357976653696496,0.24319066147859922,7.205097276264592,33.97633027522936,0,4,Rutinario,2185.6691656386374,Alto,1225.880000000006
2150,69.32,8,0.16169709230429072,0.47368421052631576,0.5263157894736842,1.8242105263157893,8.665,0,4,Rutinario,47.64754387162693,Bajo,15.310000000000002
2151,834.27,41,0.12810935448307628,0.47318611987381703,0.2870662460567823,2.6317665615141954,20.348048780487805,0,4,Rutinario,429.1360801034798,Bajo,142.72
2152,156.55,25,0.15452396147030215,0.5483870967741935,0.43548387096774194,2.5250000000000004,6.2620000000000005,0,4,Rutinario,81.22707768462611,Bajo,30.9899999999992
2153,933.4300000000001,41,0.15384248991906987,0.5321637426900585,0.3333333333333333,2.729327485380117,22.76658536585366,0,4,Rutinario,488.98744364660223,Bajo,211.91999999999965
2154,2523.34,119,0.21514432097616618,0.6230492196878752,0.2797118847539016,3.02921968787515,21.204537815126052,0,2,Cazador de ofertas,1372.261682055312,Medio,783.1599999999976
2155,313.83,11,0.18027247813580363,0.6086956521739131,0.3695652173913043,2.2741304347826086,28.529999999999998,0,2,Cazador de ofertas,169.50609109422763,Bajo,78.31
2156,5874.46,107,0.11754017791438279,0.46335078534031415,0.26570680628272253,2.5630279232111692,54.9014953271028,1,0,Premium,3064.8438774100587,Alto,839.3599999999994
2157,390.7,12,0.3087022103410897,0.7722222222222223,0.37777777777777777,2.1705555555555556,32.55833333333333,0,2,Cazador de ofertas,203.32018566672232,Bajo,220.99
2158,3194.17,131,0.18242487268332597,0.6058128973660308,0.36603088101725706,2.9011534968210717,24.38297709923664,1,2,Cazador de ofertas,1729.0755764860226,Alto,590.3900000000018
2159,2018.95,120,0.12210265683920322,0.44363636363636366,0.4290909090909091,3.670818181818182,16.824583333333333,0,4,Rutinario,1123.1313358586335,Medio,394.7900000000004
2160,748.07,57,0.24937525160463347,0.7432432432432432,0.23648648648648649,5.054527027027027,13.1240350877193,0,2,Cazador de ofertas,381.8123496265448,Bajo,260.92
2161,2064.11,40,0.10012842674400875,0.43636363636363634,0.1696969696969697,4.169919191919192,51.60275,0,0,Premium,1027.1444501203443,Medio,203.76000000000263
2162,13923.45,179,0.09950636523100698,0.4000870700914236,0.2847191989551589,6.0615803221593385,77.78463687150838,1,0,Premium,7580.416828696839,Alto,1171.450000000002
2163,356.09999999999997,14,0.15164954534978695,0.43902439024390244,0.21951219512195122,8.685365853658535,25.435714285714283,0,4,Rutinario,186.4321863183544,Bajo,23.1
2164,1596.48,40,0.22907070519074244,0.6738131699846861,0.36294027565084225,2.4448392036753446,39.912,0,2,Cazador de ofertas,8.26045782336069e-06,Bajo,683.36
2165,182.1,11,0.09246948948785019,0.42857142857142855,0.23809523809523808,4.335714285714285,16.554545454545455,0,1,Indiferente al precio,100.53280714464262,Bajo,17.830000000000005
2166,84.21,30,0.17180449823817603,0.675,0.125,2.10525,2.807,0,2,Cazador de ofertas,14.157593103204036,Bajo,21.570000000000004
2167,1714.61,75,0.1647597618311448,0.575197889182058,0.36807387862796836,2.262018469656992,22.861466666666665,0,2,Cazador de ofertas,972.705057733064,Medio,384.07000000000005
2168,5666.66,197,0.1875874889391913,0.5964192465497948,0.33532264080566954,2.1136367027228644,28.76477157360406,1,2,Cazador de ofertas,2738.167478879987,Alto,1681.96
2169,857.96,40,0.12064991807656779,0.41603053435114506,0.3320610687022901,3.2746564885496183,21.449,0,4,Rutinario,476.2054660374561,Bajo,160.17999999999995
2170,6198.89,266,0.17491446323673274,0.6095566078346966,0.2677572105036591,2.6684847180370213,23.304097744360902,0,2,Cazador de ofertas,3194.336774203341,Alto,1274.7000000000003
2171,4031.08,107,0.09442545984685231,0.3841059602649007,0.2337748344370861,2.66958940397351,37.67364485981308,1,1,Indiferente al precio,2198.773804847875,Alto,452.2099999999998
2172,2408.11,99,0.079914162535668,0.34226190476190477,0.21279761904761904,3.583497023809524,24.324343434343437,0,1,Indiferente al precio,1333.1012625344963,Medio,235.73000000000002
2173,2177.52,86,0.16297341015474454,0.5483870967741935,0.27419354838709675,3.1928445747800587,25.32,0,4,Rutinario,1077.1225091692738,Medio,478.7199999999994
2174,644.33,39,0.17361870534516746,0.49343832020997375,0.4461942257217848,1.6911548556430447,16.521282051282054,0,4,Rutinario,350.56661223919866,Bajo,157.74
2175,610.22,17,0.14338130117648232,0.5060975609756098,0.23170731707317074,3.7208536585365857,35.89529411764706,0,4,Rutinario,358.8368664093575,Bajo,101.81
2176,2601.56,195,0.1560637741013869,0.577124868835257,0.34942287513116477,2.7298635886673663,13.341333333333333,0,4,Rutinario,1368.7024128170765,Medio,473.86000000000286
2177,133.5,3,0.11204955426150316,0.4090909090909091,0.1590909090909091,3.034090909090909,44.5,0,1,Indiferente al precio,39.84908584381429,Bajo,32.26
2178,3681.13,151,0.10910025740748233,0.4064516129032258,0.3906810035842294,2.6388028673835127,24.378344370860926,0,4,Rutinario,0.0032650989468142,Bajo,462.08999999999895
2179,1452.29,46,0.12572198878544472,0.4507042253521127,0.20657276995305165,3.409131455399061,31.571521739130436,0,1,Indiferente al precio,765.395423365619,Medio,246.6300000000004
2180,936.39,44,0.1343422680416006,0.4847715736040609,0.37055837563451777,2.3766243654822334,21.28159090909091,0,4,Rutinario,415.0170643565469,Bajo,183.14999999999998
2181,3074.45,55,0.1057101476762961,0.44552058111380144,0.19975786924939468,3.722094430992736,55.89909090909091,0,0,Premium,1605.962058755948,Medio,371.12
2182,1530.52,85,0.10667431195515029,0.41695501730103807,0.328719723183391,2.6479584775086504,18.006117647058822,0,4,Rutinario,746.0680050381791,Medio,216.86
2183,4093.12,171,0.17883157083980383,0.5742667928098392,0.35856196783349104,3.8723935666982023,23.936374269005846,0,2,Cazador de ofertas,2208.04414801215,Alto,927.1800000000001
2184,5094.8,259,0.10572572940003029,0.5501130369253956,0.26224566691785983,3.839336850037679,19.671042471042472,0,3,Intensivo,2609.3974033272048,Alto,640.2400000000039
2185,8550.73,105,0.08132539998857599,0.3590208522212149,0.07388939256572982,3.876124206708975,81.4355238095238,1,0,Premium,4004.459587073363,Alto,783.6000000000058
2186,5469.53,112,0.10938823272256731,0.43167305236270753,0.1641123882503193,3.4926756066411238,48.83508928571428,0,0,Premium,2666.425914397605,Alto,742.01
2187,2667.13,46,0.2107827662037402,0.6455284552845528,0.4211382113821138,4.33679674796748,57.98108695652174,0,2,Cazador de ofertas,1361.715518115459,Medio,953.0
2188,3917.34,129,0.1249276252530477,0.4712202609363008,0.3200306983883346,3.0064006139677666,30.366976744186047,0,4,Rutinario,2190.843298930347,Alto,616.9600000000003
2189,1335.47,91,0.08567906369196719,0.35039370078740156,0.2992125984251969,5.257755905511811,14.675494505494505,0,1,Indiferente al precio,689.2810652080484,Medio,106.12000000000013
2190,9520.85,225,0.19231658539557486,0.5989361702127659,0.3953900709219858,3.3761879432624116,42.31488888888889,0,2,Cazador de ofertas,4971.09081021199,Alto,2172.090000000002
2191,780.92,15,0.08269290976246231,0.35443037974683544,0.12025316455696203,4.94253164556962,52.06133333333333,0,1,Indiferente al precio,422.4048453015623,Bajo,48.74
2192,492.03,29,0.06529577577704349,0.22727272727272727,0.125,5.59125,16.96655172413793,0,1,Indiferente al precio,212.596726032552,Bajo,27.240000000000002
2193,9155.01,116,0.10245235047507273,0.41057052852642634,0.20511025551277565,3.2044137206860346,78.9225,0,0,Premium,4261.718643381118,Alto,1035.01
2194,7169.78,404,0.1288759994205833,0.45573622402890696,0.23035230352303523,3.238383017163505,17.746980198019802,0,3,Intensivo,3463.949790500599,Alto,1088.4999999999986
2195,1180.72,84,0.18273426944434285,0.599128540305011,0.28540305010893247,2.5723747276688456,14.056190476190476,0,2,Cazador de ofertas,653.483296457299,Medio,288.26000000000033
2196,1153.05,65,0.21770947629343365,0.6606170598911071,0.35390199637023595,2.092649727767695,17.73923076923077,0,2,Cazador de ofertas,626.8955996090286,Bajo,446.2899999999999
2197,670.43,48,0.1238140697945051,0.4858490566037736,0.23113207547169812,3.1624056603773583,13.967291666666666,0,4,Rutinario,357.21526859928986,Bajo,143.72
2198,7205.88,403,0.1416158306390335,0.48198019801980196,0.2902970297029703,2.8538138613861386,17.88059553349876,0,3,Intensivo,3636.283830500385,Alto,1101.1699999999958
2199,5639.17,155,0.15148631953683214,0.5606397156819192,0.22789871168369613,2.505184362505553,36.38174193548387,1,4,Rutinario,3090.2671242165097,Alto,1022.6400000000086
2200,8673.11,196,0.16954392301852467,0.5789473684210527,0.16386913229018493,2.4674566145092465,44.2505612244898,1,2,Cazador de ofertas,4071.750456097069,Alto,2051.6899999999996
2201,27.509999999999998,2,0.17218219882691863,0.6666666666666666,0.4166666666666667,2.2925,13.754999999999999,0,2,Cazador de ofertas,3.1666538401790136,Bajo,7.930000000000001
2202,319.90000000000003,18,0.1334015834484806,0.5050505050505051,0.25252525252525254,3.2313131313131316,17.772222222222226,0,4,Rutinario,192.42166123725883,Bajo,63.0
2203,5239.09,103,0.08785348665791007,0.368,0.181,5.23909,50.86495145631068,0,1,Indiferente al precio,2561.93360196096,Alto,438.6899999999988
2204,2646.05,189,0.1605057968505489,0.510910458991723,0.509405568096313,1.9910082768999249,14.000264550264552,0,4,Rutinario,1433.1134198883412,Medio,672.51
2205,1978.76,107,0.18718355586962906,0.5937122128174124,0.37484885126964934,2.392696493349456,18.493084112149532,0,2,Cazador de ofertas,946.5338368753992,Medio,500.4999999999992
2206,502.25,41,0.13590293823234775,0.46226415094339623,0.2971698113207547,2.369103773584906,12.25,0,4,Rutinario,261.65916434087563,Bajo,77.53999999999999
2207,4866.06,371,0.14626950809086817,0.4772937905468026,0.24142724745134383,2.254893419833179,13.116064690026954,0,3,Intensivo,2325.3493967329705,Alto,987.1999999999994
2208,9456.83,193,0.11792589641569622,0.44764476447644763,0.24422442244224424,2.8373327332733274,48.99911917098446,0,0,Premium,4559.636113603849,Alto,1528.3400000000001
2209,6996.68,232,0.106745758446516,0.40778588807785887,0.3182481751824818,3.4047104622871047,30.158103448275863,0,4,Rutinario,3673.629165484992,Alto,763.7999999999997
2210,1727.97,34,0.11719034999625919,0.44356435643564357,0.24158415841584158,3.421722772277228,50.82264705882353,0,0,Premium,940.02797805181,Medio,272.07000000000005
2211,2292.52,77,0.13371025991389157,0.4724186704384724,0.21074964639321075,3.2426025459688828,29.772987012987013,0,4,Rutinario,1230.9663161551264,Medio,333.2599999999999
2212,251.33,46,0.17185476397568772,0.5142857142857142,0.22857142857142856,1.7952142857142859,5.4636956521739135,0,4,Rutinario,144.62076225439216,Bajo,49.230000000000004
2213,3505.21,55,0.11155415045488451,0.4373065015479876,0.2530959752321981,2.713010835913313,63.73109090909091,1,0,Premium,1656.1261025141175,Medio,516.1500000000005
2214,450.87,15,0.1408325660240405,0.4881889763779528,0.1889763779527559,3.5501574803149607,30.058,0,4,Rutinario,222.3198348544818,Bajo,80.55000000000001
2215,2402.11,132,0.13289094967056334,0.4447004608294931,0.23847926267281105,2.7674078341013826,18.19780303030303,0,4,Rutinario,1236.8569151317552,Medio,468.22999999999996
2216,454.57,34,0.11422989486449557,0.41875,0.35625,2.8410625,13.36970588235294,0,4,Rutinario,250.32745638868343,Bajo,75.68
2217,4430.01,192,0.18215044445415415,0.5612373737373737,0.28535353535353536,2.796723484848485,23.07296875,1,2,Cazador de ofertas,2306.6215102213914,Alto,1082.4500000000003
2218,975.25,19,0.21130872863048028,0.658695652173913,0.5108695652173914,2.1201086956521737,51.328947368421055,0,2,Cazador de ofertas,466.54666239717096,Bajo,363.21000000000004
2219,1077.42,23,0.08415098756574989,0.296875,0.421875,16.8346875,46.84434782608696,0,1,Indiferente al precio,571.1340340637732,Bajo,20.330000000002077
2220,215.58,12,0.12094544357390687,0.36585365853658536,0.21951219512195122,5.2580487804878056,17.965,0,1,Indiferente al precio,113.44934243818224,Bajo,50.57999999999961
2221,2301.4,113,0.17880497008920607,0.6161016949152542,0.4,1.9503389830508475,20.36637168141593,0,2,Cazador de ofertas,1266.8644463765918,Medio,631.3100000000001
2222,3076.27,40,0.14308602535718398,0.5328185328185329,0.17857142857142858,2.969372586872587,76.90675,1,0,Premium,1498.5856642303404,Medio,571.889999999999
2223,2059.76,298,0.14080884821510903,0.46577017114914426,0.09657701711491443,2.5180440097799512,6.911946308724833,0,3,Intensivo,902.6819387364668,Medio,371.51
2224,3984.1,106,0.1987558198620499,0.6410256410256411,0.21217948717948718,2.5539102564102563,37.58584905660377,0,2,Cazador de ofertas,1878.22461998518,Alto,992.13
2225,3352.07,98,0.09635857385097299,0.41535615171137835,0.23311748381128586,3.1008973172987977,34.204795918367346,0,1,Indiferente al precio,1646.4939064603263,Medio,372.1299999999988
2226,8917.54,640,0.10167120636190051,0.5790679908326967,0.33613445378151263,3.4062414056531707,13.933656250000002,0,3,Intensivo,4940.011293896708,Alto,889.6699999999981
2227,4893.9,173,0.1620173025392046,0.5494018608772707,0.38635356668143556,2.1683207797961894,28.28843930635838,0,2,Cazador de ofertas,12.992998929753671,Bajo,1168.54
2228,5298.05,202,0.11875598904857634,0.4582701062215478,0.3323216995447648,4.019764795144158,26.227970297029703,0,4,Rutinario,2657.860586737537,Alto,654.0299999999997
2229,2415.4900000000002,56,0.14974976502298737,0.5828571428571429,0.2422857142857143,2.7605600000000003,43.133750000000006,0,2,Cazador de ofertas,1326.0157057931956,Medio,469.44
2230,1195.65,38,0.08373046536780158,0.33906633906633904,0.20147420147420148,2.9377149877149877,31.464473684210528,0,1,Indiferente al precio,648.576445277197,Medio,115.28000000000002
2231,4400.26,94,0.10539610933147331,0.43171806167400884,0.26138032305433184,3.230734214390602,46.81127659574468,1,0,Premium,2033.165091148668,Alto,472.9600000000014
2232,1131.65,37,0.21288968530161503,0.6895522388059702,0.3283582089552239,3.3780597014925378,30.585135135135136,0,2,Cazador de ofertas,584.1033797592511,Bajo,286.42999999999995
2233,8440.77,273,0.09350512300804197,0.3795980280621919,0.1869548729616989,3.2008987485779294,30.91857142857143,1,1,Indiferente al precio,4348.695639453518,Alto,849.1100000000006
2234,7971.57,189,0.11789106349379998,0.43315789473684213,0.19842105263157894,4.195563157894736,42.17761904761905,1,1,Indiferente al precio,4075.427909795677,Alto,1254.5799999999947
2235,3824.87,89,0.10030846166280084,0.4007220216606498,0.14921780986762936,4.602731648616125,42.976067415730334,0,1,Indiferente al precio,2123.098858817415,Alto,439.0400000000021
2236,2880.5,219,0.1281688787514882,0.4703196347031963,0.228310502283105,3.28824200913242,13.15296803652968,0,4,Rutinario,1513.2068922441103,Medio,379.920000000002
2237,4941.52,158,0.17003139873380027,0.5690329793180547,0.4074902179988821,2.7621688093907215,31.275443037974686,1,2,Cazador de ofertas,2535.0865221963168,Alto,1098.7899999999993
2238,2479.46,180,0.1250518276440165,0.48318924111431316,0.3515850144092219,2.3818059558117195,13.774777777777778,0,4,Rutinario,1370.1103151986056,Medio,410.03999999999996
2239,1787.48,43,0.1756882253586706,0.5602189781021898,0.36496350364963503,3.261824817518248,41.5693023255814,0,2,Cazador de ofertas,944.9430482264244,Medio,473.5900000000004
2240,5413.2,216,0.13656620876844278,0.4827586206896552,0.21390999415546463,3.1637638807714787,25.06111111111111,1,4,Rutinario,2648.2822332375827,Alto,976.49
2241,1505.67,78,0.1932708295725678,0.6389324960753532,0.3751962323390895,2.3636891679748824,19.30346153846154,0,2,Cazador de ofertas,767.7386412298297,Medio,448.8699999999999
2242,1239.07,118,0.1782640220760143,0.5699300699300699,0.3968531468531469,2.166206293706294,10.500593220338983,0,2,Cazador de ofertas,640.3925056205512,Medio,305.59000000000003
2243,4019.71,44,0.1372441359347568,0.5268249780123131,0.39050131926121373,3.5353649956024626,91.35704545454546,0,0,Premium,2213.7210053012423,Alto,859.91
2244,5477.2,324,0.17562311165608763,0.5425759520753102,0.433461703038083,2.3436884895164742,16.904938271604937,1,3,Intensivo,2704.4520484970035,Alto,1381.9000000000008
2245,4614.02,178,0.10847766447807963,0.44162735849056606,0.2818396226415094,2.7205306603773587,25.921460674157306,0,4,Rutinario,2450.9087580288992,Alto,494.75999999999715
2246,321.35,5,0.10443346555497525,0.46987951807228917,0.14457831325301204,3.871686746987952,64.27000000000001,0,0,Premium,168.56805435431636,Bajo,35.81
2247,3992.67,90,0.12771622051828557,0.46595744680851064,0.19148936170212766,4.247521276595744,44.363,0,0,Premium,1874.390293674216,Alto,726.24
2248,937.23,26,0.11873708486826653,0.4935897435897436,0.2564102564102564,3.003942307692308,36.04730769230769,0,4,Rutinario,453.8772645886952,Bajo,135.70000000000002
2249,181.51,3,0.16218924876184418,0.640625,0.296875,2.83609375,60.50333333333333,0,2,Cazador de ofertas,122.47073257064852,Bajo,33.51
2250,2333.16,68,0.22906943084680062,0.669218989280245,0.3445635528330781,3.5729862174578866,34.31117647058824,0,2,Cazador de ofertas,1278.6587078924406,Medio,792.7800000000022
2251,2022.54,26,0.12789714672332614,0.4912043301759134,0.3044654939106901,2.7368606224627876,77.78999999999999,0,0,Premium,949.897190526466,Medio,443.83000000000004
2252,9489.82,346,0.17874602861304018,0.7283428916389979,0.48445517657712045,2.864418955629339,27.42722543352601,0,2,Cazador de ofertas,4508.666843218322,Alto,2489.650000000002
2253,450.33,28,0.17811171676390367,0.535,0.51,2.2516499999999997,16.083214285714284,0,2,Cazador de ofertas,237.50599491575252,Bajo,105.1500000000004
2254,1270.35,80,0.12807273295410332,0.4696969696969697,0.33585858585858586,3.207954545454545,15.879375,0,4,Rutinario,0.3966917650352504,Bajo,209.69000000000034
2255,570.03,21,0.13261370657198662,0.4772727272727273,0.26515151515151514,4.318409090909091,27.14428571428571,0,4,Rutinario,265.3319765947585,Bajo,116.60000000000076
2256,1497.56,30,0.11671548204462473,0.47743467933491684,0.32066508313539194,3.557149643705463,49.91866666666667,0,0,Premium,824.3721199747768,Medio,194.0599999999999
2257,791.54,74,0.0613336030920365,0.2087378640776699,0.2815533980582524,3.842427184466019,10.696486486486487,0,1,Indiferente al precio,382.5700021951351,Bajo,36.53
2258,1574.94,48,0.11178963530362145,0.44176706827309237,0.18674698795180722,3.162530120481928,32.81125,0,1,Indiferente al precio,759.8130453187937,Medio,209.27
2259,589.17,16,0.16732810298216175,0.5255102040816326,0.336734693877551,3.0059693877551017,36.823125,0,2,Cazador de ofertas,357.56450340666186,Bajo,129.75999999999968
2260,7456.64,133,0.10188432761162705,0.40193444384739385,0.15260612573885007,4.006792047286405,56.06496240601504,1,0,Premium,3736.446015110629,Alto,819.1399999999971
2261,13379.78,427,0.10732326908914606,0.5172229639519359,0.2817089452603471,3.5727049399198934,31.334379391100704,0,3,Intensivo,7391.665629726235,Alto,1674.320000000001
2262,1491.0,151,0.11538178090430137,0.44761904761904764,0.46825396825396826,2.3666666666666667,9.874172185430464,0,4,Rutinario,745.4065557646959,Medio,193.06000000000108
2263,5763.9,458,0.13203683172273992,0.532448377581121,0.3831120943952802,2.1253318584070797,12.584934497816594,0,3,Intensivo,2718.064372625689,Alto,1040.0500000000002
2264,16960.59,315,0.11150739985635438,0.4377264492753623,0.28894927536231885,3.8407133152173913,53.84314285714286,1,3,Intensivo,9441.895023241876,Alto,2441.219999999999
2265,77.44,3,0.08561634600462784,0.35,0.25,3.872,25.813333333333333,0,1,Indiferente al precio,1.7599401675173576,Bajo,5.450000000000704
2266,8754.12,148,0.10618544285792676,0.4141749723145072,0.23181985972683647,3.231495016611296,59.149459459459464,0,0,Premium,4565.601413263904,Alto,1045.2100000000041
2267,2304.15,67,0.1460673135582634,0.523038605230386,0.33748443337484435,2.8694271481942715,34.39029850746269,0,4,Rutinario,1227.101874345867,Medio,398.9400000000011
2268,668.96,23,0.1431243410354153,0.5153061224489796,0.24489795918367346,3.413061224489796,29.08521739130435,0,4,Rutinario,360.6361484674349,Bajo,101.80000000000013
2269,3273.95,209,0.18380454980975322,0.5807899461400359,0.2118491921005386,2.9389138240574506,15.664832535885166,0,2,Cazador de ofertas,1789.2563780945522,Alto,1173.8600000000001
2270,4728.67,312,0.17774350910637102,0.5731800766283525,0.32222222222222224,1.8117509578544062,15.15599358974359,1,3,Intensivo,2481.2601369951817,Alto,1274.8000000000002
2271,361.88,46,0.27338738213401165,0.6871508379888268,0.4301675977653631,2.021675977653631,7.86695652173913,0,2,Cazador de ofertas,209.2045096937229,Bajo,174.14
2272,2244.17,70,0.1033529068255728,0.40292275574112735,0.162839248434238,4.685114822546973,32.05957142857143,0,1,Indiferente al precio,1158.6557583611318,Medio,267.32
2273,1594.87,52,0.09503241860908057,0.4330097087378641,0.18446601941747573,3.0968349514563105,30.670576923076922,0,1,Indiferente al precio,879.0835337100877,Medio,208.51
2274,6974.46,70,0.11321194811603834,0.42124542124542125,0.2448107448107448,4.2579120879120875,99.63514285714285,0,0,Premium,3462.709706328361,Alto,1292.6299999999983
2275,2789.51,134,0.1547721792457302,0.576592082616179,0.35542168674698793,2.400611015490534,20.817238805970153,1,2,Cazador de ofertas,1455.977283664971,Medio,625.01
2276,1007.97,31,0.1472133793795469,0.5483870967741935,0.3294930875576037,2.3225115207373275,32.51516129032258,0,4,Rutinario,560.1511267611065,Bajo,218.29000000000002
2277,3888.44,126,0.15836220290796083,0.5563291139240506,0.5259493670886076,2.4610379746835442,30.860634920634922,0,2,Cazador de ofertas,2000.6291748195365,Alto,984.59
2278,1160.57,46,0.08920427628379764,0.3465346534653465,0.1485148514851485,3.83026402640264,25.22978260869565,0,1,Indiferente al precio,659.9918118588455,Medio,125.78999999999986
2279,972.47,59,0.16795138000306314,0.6111111111111112,0.1932367149758454,2.348961352657005,16.482542372881355,0,2,Cazador de ofertas,505.9371061417347,Bajo,230.79000000000002
2280,12332.91,228,0.17183613202476536,0.5524814603536794,0.2307472903593839,3.517658300057045,54.09171052631579,1,0,Premium,6183.118329903293,Alto,2953.189999999998
2281,5008.79,102,0.13004492705424314,0.5112727272727273,0.19490909090909092,3.6427563636363636,49.105784313725486,0,0,Premium,2764.718329190417,Alto,842.3700000000001
2282,1103.88,79,0.07272245706234402,0.27392120075046905,0.2945590994371482,2.0710694183864917,13.973164556962027,1,1,Indiferente al precio,608.3446323217466,Bajo,100.10000000000001
2283,1389.3700000000001,17,0.10496057148343801,0.4048913043478261,0.22554347826086957,3.7754619565217395,81.72764705882354,0,0,Premium,747.4812143956165,Medio,173.82999999999964
2284,17152.63,264,0.09634929587411034,0.3710691823899371,0.10106267620906528,3.7199371069182394,64.97208333333333,1,0,Premium,9423.424916003749,Alto,2110.87
2285,2057.9,73,0.1781999226417545,0.6352201257861635,0.1220125786163522,2.588553459119497,28.19041095890411,0,2,Cazador de ofertas,1095.494441241009,Medio,398.3800000000011
2286,989.26,26,0.10287118438196356,0.43700787401574803,0.2637795275590551,3.894724409448819,38.04846153846154,0,1,Indiferente al precio,528.355201246585,Bajo,112.7900000000001
2287,833.51,33,0.13950304955359374,0.4583333333333333,0.1388888888888889,2.894131944444444,25.257878787878788,0,1,Indiferente al precio,455.2147604463923,Bajo,147.39999999999992
2288,2093.06,156,0.14613192913429154,0.5716486902927581,0.3081664098613251,3.2250539291217257,13.41705128205128,0,4,Rutinario,1112.0748870844768,Medio,412.92000000000075
2289,2428.06,88,0.1949170208520067,0.6524317912218268,0.2479240806642942,2.8802609727164885,27.591590909090908,0,2,Cazador de ofertas,1350.2135560211666,Medio,635.14
2290,916.97,68,0.131223608027145,0.493006993006993,0.22377622377622378,3.2061888111888113,13.48485294117647,0,4,Rutinario,481.84912626125794,Bajo,137.83000000000024
2291,439.03000000000003,55,0.07987426960412512,0.3505747126436782,0.27011494252873564,2.52316091954023,7.982363636363637,0,1,Indiferente al precio,229.2565390111172,Bajo,43.58
2292,1336.14,116,0.12575455937457317,0.4143835616438356,0.6678082191780822,2.2879109589041096,11.51844827586207,0,4,Rutinario,687.1954326528925,Medio,207.300000000002
2293,2462.95,45,0.098354511571211,0.37318840579710144,0.19746376811594202,4.461865942028985,54.73222222222222,0,0,Premium,1287.402830772404,Medio,263.3600000000014
2294,8381.66,185,0.10189785997755695,0.6586169045005489,0.5525064032199049,3.0668349798755945,45.30627027027027,0,4,Rutinario,4088.27746518257,Alto,1123.6599999999967
2295,8003.99,98,0.14375902569969415,0.5100821508588499,0.4424943988050784,2.9887938760268855,81.67336734693878,0,0,Premium,4008.555756777002,Alto,1564.6999999999996
2296,13404.83,230,0.1165935079378238,0.44608131997642897,0.4521704969554115,2.6330445884894913,58.28186956521739,0,4,Rutinario,7300.03347225048,Alto,2211.2400000000002
2297,698.36,45,0.13047223891903462,0.35074626865671643,0.26119402985074625,2.6058208955223883,15.519111111111112,0,1,Indiferente al precio,338.92846806107605,Bajo,115.47999999999999
2298,2709.53,83,0.13741666389868668,0.48094170403587444,0.2701793721973094,3.037589686098655,32.64493975903615,0,4,Rutinario,1400.4691935846256,Medio,528.3399999999999
2299,2057.89,62,0.12368098560902005,0.4606227106227106,0.1565934065934066,1.8845146520146518,33.19177419354838,0,1,Indiferente al precio,1147.1528926302735,Medio,350.58000000000004
2300,4615.35,118,0.15500307362851454,0.5529207634470792,0.24927703875072296,2.669375361480625,39.11313559322034,0,4,Rutinario,2464.2394998865725,Alto,961.4699999999993
2301,4661.63,137,0.14238358861655917,0.5481481481481482,0.30814814814814817,3.4530592592592595,34.026496350364965,0,4,Rutinario,2298.6146208498776,Alto,906.5999999999981
2302,1960.24,74,0.1662087625342477,0.5301204819277109,0.4928806133625411,2.1470317634173055,26.48972972972973,0,2,Cazador de ofertas,1058.062209707795,Medio,501.3300000000011
2303,2158.85,66,0.10895080646564193,0.42962962962962964,0.16666666666666666,3.99787037037037,32.709848484848486,0,1,Indiferente al precio,1129.6404012342157,Medio,290.150000000001
2304,240.09,88,0.2438967641786134,0.6774193548387096,0.16129032258064516,1.936209677419355,2.7282954545454547,0,2,Cazador de ofertas,0.0502257408745464,Bajo,42.03000000000005
2305,6320.64,122,0.1889063358904164,0.6153508771929824,0.4451754385964912,2.7722105263157895,51.808524590163934,1,2,Cazador de ofertas,2952.196880963798,Alto,1632.9900000000011
2306,62.06,8,0.15725550648679687,0.5263157894736842,0.6052631578947368,1.6331578947368421,7.7575,0,4,Rutinario,21.98894915733149,Bajo,11.559999999999999
2307,6009.24,178,0.13247316394685438,0.5135270541082164,0.26152304609218435,3.01064128256513,33.75977528089888,0,4,Rutinario,2834.1060277127685,Alto,1177.6499999999955
2308,582.45,31,0.09778939188255549,0.3950617283950617,0.25308641975308643,3.5953703703703708,18.788709677419355,0,1,Indiferente al precio,287.79809738158457,Bajo,68.52000000000001
2309,275.01,12,0.15096545508984413,0.5365853658536586,0.3048780487804878,3.353780487804878,22.9175,0,4,Rutinario,142.2400716401309,Bajo,79.09
2310,1389.32,74,0.13856512534672213,0.48043818466353677,0.3129890453834116,2.1742097026604066,18.774594594594593,0,4,Rutinario,692.8697316559392,Medio,303.44000000000005
2311,1830.83,58,0.11686126063471113,0.4941860465116279,0.27906976744186046,3.5481201550387595,31.56603448275862,0,4,Rutinario,992.5079863524388,Medio,258.49999999999886
2312,14682.81,320,0.11382885210555574,0.41796775019196314,0.17327873048374712,3.7580778090606604,45.88378125,0,3,Intensivo,7870.15940484446,Alto,2533.1000000000004
2313,105.69,11,0.11873520967287902,0.4666666666666667,0.4666666666666667,3.523,9.608181818181817,0,4,Rutinario,67.46776475804776,Bajo,13.029999999999731
2314,5078.05,86,0.1333380333458236,0.5068268705625342,0.2583287820862916,2.773375204806117,59.04709302325582,1,0,Premium,2762.639309581466,Alto,799.0999999999992
2315,266.1,8,0.09957184075672179,0.34615384615384615,0.4807692307692308,5.117307692307692,33.2625,0,4,Rutinario,91.93263071801016,Bajo,38.2
2316,751.89,27,0.12442738351328572,0.4729064039408867,0.23645320197044334,3.7038916256157637,27.84777777777778,0,4,Rutinario,354.25317966930805,Bajo,99.64999999999993
2317,13967.37,150,0.1609833366048228,0.5871335504885994,0.36522801302931596,2.8435199511400655,93.11580000000001,1,0,Premium,6592.321065640326,Alto,3021.51
2318,10685.72,364,0.13089134620020315,0.45457345241761626,0.33477055743763473,3.2909516476747767,29.356373626373625,0,3,Intensivo,8.158564849199418e-07,Bajo,1822.420000000003
2319,1148.68,117,0.14978777643407146,0.5357142857142857,0.16468253968253968,2.279126984126984,9.817777777777778,0,4,Rutinario,548.25655016489,Bajo,207.63000000000005
2320,369.59000000000003,25,0.07737964624687477,0.3493150684931507,0.2602739726027397,2.531438356164384,14.783600000000002,0,1,Indiferente al precio,199.79092216215355,Bajo,37.06
2321,336.09000000000003,18,0.12495153221548262,0.5309734513274337,0.336283185840708,2.97424778761062,18.671666666666667,0,4,Rutinario,157.79486199743323,Bajo,38.81
2322,23646.920000000002,323,0.08501982342052912,0.3537619215824797,0.16389968209113387,4.176425291416461,73.2102786377709,1,0,Premium,12173.070243516911,Alto,2325.600000000003
2323,781.34,29,0.11160256051622547,0.39634146341463417,0.23170731707317074,4.764268292682927,26.942758620689656,0,1,Indiferente al precio,435.9697569743458,Bajo,57.18000000000169
2324,2671.77,145,0.1356841624044809,0.49019607843137253,0.22440087145969498,2.9104248366013072,18.426,1,4,Rutinario,1238.584464884585,Medio,498.8900000000007
2325,106.36,3,0.07144878603330086,0.3181818181818182,0.045454545454545456,4.834545454545455,35.45333333333333,0,1,Indiferente al precio,793.8766038866665,Medio,11.370000000000003
2326,1322.87,47,0.14836305257603885,0.5198487712665406,0.2570888468809074,2.500699432892249,28.146170212765956,0,4,Rutinario,752.276043392734,Medio,298.29999999999967
2327,1267.76,43,0.21172219336028605,0.6694214876033058,0.3785123966942149,2.0954710743801654,29.482790697674417,0,2,Cazador de ofertas,601.3969514884114,Bajo,365.44000000000017
2328,14193.61,165,0.0741513877913836,0.31900229734164753,0.11224154906465376,4.658224483098129,86.02187878787879,0,0,Premium,6713.991042323319,Alto,1260.1000000000004
2329,2722.37,100,0.14287425150051203,0.49474689589302767,0.3524355300859599,2.600162368672397,27.223699999999997,0,4,Rutinario,0.0105787413284115,Bajo,505.73999999999995
2330,5683.36,73,0.1078219445452498,0.4354269583627382,0.18913196894848272,4.010839802399436,77.85424657534246,1,0,Premium,2960.8290735160253,Alto,609.6199999999951
2331,5903.55,101,0.19110852705544437,0.6378918673330305,0.35120399818264425,2.6822126306224443,58.4509900990099,1,2,Cazador de ofertas,2863.464333615995,Alto,1506.270000000004
2332,353.8,16,0.08914017115735004,0.38461538461538464,0.23076923076923078,5.443076923076923,22.1125,0,1,Indiferente al precio,147.44891069824143,Bajo,27.759999999999486
2333,270.6,24,0.29994223704866074,0.7398843930635838,0.3352601156069364,1.5641618497109828,11.275,0,2,Cazador de ofertas,140.7101029780628,Bajo,156.89999999999998
2334,11955.380000000001,359,0.11746524957924166,0.4640829424833374,0.2564798815107381,2.951216983460874,33.30189415041783,1,3,Intensivo,5669.232425059604,Alto,1777.0700000000002
2335,1955.25,52,0.13444962504933167,0.4608150470219436,0.3761755485893417,3.064655172413793,37.60096153846154,0,4,Rutinario,1017.6616810430966,Medio,441.57000000000005
2336,2384.25,76,0.15859085264097852,0.5446768060836502,0.44771863117870725,2.266397338403042,31.37171052631579,0,2,Cazador de ofertas,1138.1508761446985,Medio,575.71
2337,11703.97,1207,0.10045266938520167,0.37976994705130546,0.2351652364433084,2.136930801533686,9.696743993371996,0,3,Intensivo,6501.500134328931,Alto,1807.5300000000002
2338,2111.55,69,0.12874564147451167,0.4839537869062901,0.3029525032092426,2.7105905006418487,30.60217391304348,0,4,Rutinario,1199.4984859978715,Medio,329.3599999999991
2339,262.42,10,0.16244503053629633,0.49523809523809526,0.37142857142857144,2.4992380952380953,26.242,0,4,Rutinario,156.17161637831498,Bajo,54.800000000000004
2340,2996.82,149,0.1292968740703957,0.432408236347359,0.41718889883616833,2.682918531781558,20.11288590604027,0,4,Rutinario,1456.9153326709788,Medio,442.80000000000064
2341,5698.38,306,0.19972022358414754,0.6010968921389397,0.33455210237659966,2.0835027422303476,18.622156862745097,1,2,Cazador de ofertas,2817.256769251242,Alto,1568.76
2342,5934.36,192,0.1719428911602237,0.5533453887884268,0.39421338155515373,5.365605786618445,30.908125,1,2,Cazador de ofertas,3204.279066118956,Alto,1094.480000000001
2343,4627.4800000000005,240,0.15068678934072172,0.5245189323401613,0.2811918063314711,2.872427063935444,19.281166666666667,0,4,Rutinario,2593.7042470842,Alto,813.160000000001
2344,2690.84,57,0.15564036206118714,0.5184331797235023,0.326036866359447,3.100046082949309,47.207719298245614,0,4,Rutinario,1431.566842380932,Medio,618.3299999999992
2345,4278.5,108,0.14386422839554885,0.5320680628272252,0.36649214659685864,2.800065445026178,39.61574074074074,0,4,Rutinario,2026.9538224292896,Alto,815.51
2346,1220.38,30,0.12173714446487502,0.5011655011655012,0.28205128205128205,2.844708624708625,40.67933333333334,0,4,Rutinario,600.550320334694,Bajo,172.97
2347,3232.55,93,0.1573574010955065,0.5076530612244898,0.44642857142857145,4.1231505102040815,34.758602150537634,1,4,Rutinario,1720.0886547063917,Alto,646.8099999999962
2348,278.87,56,0.1335316625928969,0.5785123966942148,0.47107438016528924,2.3047107438016528,4.979821428571428,0,4,Rutinario,158.89627810976253,Bajo,81.72000000000003
2349,2100.28,72,0.14084980125028712,0.5285505124450952,0.4289897510980966,3.0750805270863837,29.17055555555556,0,4,Rutinario,1111.0566188724658,Medio,360.2700000000035
2350,1915.65,46,0.1800985823983384,0.6142649199417758,0.2197962154294032,2.788427947598253,41.6445652173913,0,2,Cazador de ofertas,1046.8444427447416,Medio,467.37000000000046
2351,16616.78,322,0.14628190307793915,0.5216595485051861,0.425869432580842,3.37945495220663,51.604906832298134,1,3,Intensivo,9018.463794734478,Alto,3430.990000000004
2352,1255.85,43,0.12169567910766468,0.4691358024691358,0.2641975308641975,3.100864197530864,29.20581395348837,0,4,Rutinario,449.487703464575,Bajo,173.7
2353,412.75,14,0.11209901823992288,0.40714285714285714,0.17142857142857143,2.9482142857142857,29.482142857142858,0,1,Indiferente al precio,200.51608177043096,Bajo,82.52000000000001
2354,4821.89,80,0.1211206282913554,0.4871212121212121,0.21515151515151515,3.65294696969697,60.273625,0,0,Premium,2539.4625313890638,Alto,638.9399999999989
2355,111.34,16,0.10444194582669751,0.35294117647058826,0.11764705882352941,3.2747058823529414,6.95875,0,1,Indiferente al precio,61.70122411657007,Bajo,13.14
2356,2159.78,98,0.19668041827073396,0.6058931860036832,0.36095764272559855,1.9887476979742176,22.03857142857143,0,2,Cazador de ofertas,38.433759856914605,Bajo,643.22
2357,234.37,29,0.09272182990066367,0.3037974683544304,0.4050632911392405,2.9667088607594936,8.081724137931035,0,1,Indiferente al precio,111.55785768520352,Bajo,35.97000000000035
2358,2423.25,76,0.12136395596468591,0.46308724832214765,0.19463087248322147,4.065855704697986,31.88486842105263,0,1,Indiferente al precio,1244.5782065652068,Medio,579.8900000000001
2359,2806.27,173,0.14536031272728678,0.49529411764705883,0.3352941176470588,3.3014941176470587,16.22121387283237,0,4,Rutinario,1576.8187083614123,Medio,517.5800000000005
2360,9394.58,341,0.1336798013111828,0.49266022198353027,0.25921947726459005,3.363616183315431,27.55008797653959,0,3,Intensivo,4733.549448660535,Alto,1377.5599999999936
2361,4528.71,90,0.09862111940324576,0.3860805860805861,0.1282051282051282,3.317736263736264,50.319,0,1,Indiferente al precio,2536.0488262774866,Alto,543.6700000000001
2362,520.29,41,0.16715590106863798,0.5967741935483871,0.24193548387096775,2.7972580645161287,12.69,0,2,Cazador de ofertas,192.2758053130314,Bajo,105.47
2363,843.76,43,0.10205957728283338,0.43283582089552236,0.27611940298507465,3.148358208955224,19.622325581395348,0,1,Indiferente al precio,449.07543331466354,Bajo,115.09000000000002
2364,7414.1,117,0.12749769158604315,0.47259786476868326,0.39608540925266905,2.63846975088968,63.36837606837607,1,0,Premium,3969.121161381763,Alto,1167.8700000000001
2365,313.65,7,0.10474634738278482,0.39166666666666666,0.3416666666666667,2.61375,44.80714285714286,0,1,Indiferente al precio,1.0217345957922428,Bajo,35.06
2366,5500.03,168,0.14717773556299485,0.571571072319202,0.31371571072319204,2.74315710723192,32.73827380952381,1,4,Rutinario,3021.9104375054003,Alto,932.0399999999993
2367,4495.53,141,0.1192255010337018,0.4388444990780578,0.38721573448063923,2.763079287031346,31.8831914893617,0,4,Rutinario,2229.944395448443,Alto,700.1900000000002
2368,1377.69,27,0.12193784273804335,0.45274725274725275,0.2175824175824176,3.02789010989011,51.025555555555556,0,0,Premium,739.2436218538145,Medio,226.68
2369,2709.79,76,0.11019417069996962,0.39511494252873564,0.1810344827586207,3.893376436781609,35.65513157894737,0,1,Indiferente al precio,1467.3557458093867,Medio,279.9899999999989
2370,5307.52,168,0.23120619238780032,0.6960985626283368,0.40349075975359344,2.724599589322382,31.592380952380957,1,2,Cazador de ofertas,2869.0848639961227,Alto,1923.8799999999997
2371,2138.71,98,0.07823361931495368,0.2895148669796557,0.1298904538341158,3.346964006259781,21.82357142857143,0,1,Indiferente al precio,1013.9609395702852,Medio,214.79000000000002
2372,3208.19,71,0.15837476390164615,0.5601626016260163,0.32195121951219513,2.6082845528455283,45.18577464788733,0,2,Cazador de ofertas,1812.1145714903075,Alto,676.71
2373,2585.6,124,0.19004758107485592,0.5831012070566388,0.5561745589600743,2.4007428040854224,20.851612903225806,0,2,Cazador de ofertas,1458.244229544669,Medio,700.840000000001
2374,6249.35,81,0.1372593782617557,0.4737492279184682,0.23409512044471897,3.860006176652255,77.15246913580248,1,0,Premium,2971.6857537107653,Alto,1236.7100000000003
2375,2841.4,114,0.11897311243067361,0.47289972899729,0.23441734417344173,3.850135501355014,24.924561403508772,1,4,Rutinario,1341.608915598161,Medio,455.81
2376,3925.4900000000002,183,0.14838030737571364,0.5094650205761316,0.2773662551440329,3.2308559670781896,21.450765027322404,0,4,Rutinario,2006.7472613924872,Alto,687.6500000000032
2377,1107.54,82,0.14669254008206403,0.49514563106796117,0.5728155339805825,1.792135922330097,13.506585365853658,0,4,Rutinario,539.5289953622907,Bajo,227.10999999999956
2378,8311.08,153,0.15773373054760784,0.5686204431736955,0.27591136526090065,2.9703645461043604,54.32078431372549,1,0,Premium,4188.496550610899,Alto,1741.860000000001
2379,1323.34,56,0.14407454755964053,0.5261958997722096,0.22779043280182232,3.014441913439635,23.631071428571428,0,4,Rutinario,679.8430707131497,Medio,282.3000000000005
2380,5018.78,177,0.20730122752269958,0.6764875794338533,0.4950895436164067,2.8993529751588674,28.35468926553672,1,2,Cazador de ofertas,2652.18352600971,Alto,1456.8300000000004
2381,2185.28,92,0.20376188688610383,0.6437346437346437,0.25552825552825553,1.7897461097461098,23.75304347826087,0,2,Cazador de ofertas,1197.027298200037,Medio,665.6299999999999
2382,822.64,36,0.13660667723251632,0.47410358565737054,0.1952191235059761,3.2774501992031873,22.85111111111111,0,4,Rutinario,340.54593083732414,Bajo,139.32999999999996
2383,555.64,18,0.1793795290880751,0.6187050359712231,0.33093525179856115,3.997410071942446,30.86888888888889,0,2,Cazador de ofertas,289.7100831190017,Bajo,298.58000000000004
2384,801.41,19,0.12669733292588192,0.4664310954063604,0.22614840989399293,2.8318374558303887,42.17947368421053,0,0,Premium,368.2339304997829,Bajo,132.4
2385,6158.06,306,0.1064276562962007,0.46684073107049606,0.2318537859007833,3.215697127937337,20.124379084967323,0,3,Intensivo,3258.691376452511,Alto,751.1200000000008
2386,1056.96,51,0.13982033918318063,0.5289855072463768,0.2717391304347826,3.8295652173913046,20.724705882352943,0,4,Rutinario,605.0448035349361,Bajo,217.4600000000002
2387,865.7,32,0.15854087726314656,0.5035971223021583,0.22661870503597123,3.1140287769784174,27.053125,0,4,Rutinario,411.5546861014896,Bajo,233.38
2388,1703.02,63,0.12933910812271515,0.5008726003490401,0.2600349040139616,2.972111692844677,27.032063492063493,0,4,Rutinario,973.6478732900345,Medio,245.57000000000002
2389,1485.44,61,0.17767008161826248,0.5635451505016722,0.4882943143812709,2.4840133779264213,24.351475409836066,0,2,Cazador de ofertas,696.5046966226192,Medio,400.80999999999995
2390,1046.59,47,0.1040928161478524,0.4090909090909091,0.19393939393939394,3.171484848484848,22.26787234042553,0,1,Indiferente al precio,462.1330098395045,Bajo,119.26000000000002
2391,633.92,54,0.2322268161131532,0.6640316205533597,0.49407114624505927,2.505612648221344,11.739259259259258,0,2,Cazador de ofertas,187.0215404229008,Bajo,234.23999999999987
2392,1428.9,39,0.13044575797117744,0.4589285714285714,0.28035714285714286,2.551607142857143,36.63846153846154,0,4,Rutinario,654.2757007119367,Medio,293.6700000000001
2393,4048.29,60,0.10520029924775748,0.40601503759398494,0.19078947368421054,3.804783834586466,67.4715,0,0,Premium,2152.330015688131,Alto,570.0500000000001
2394,1538.01,84,0.0823656130823932,0.2901960784313726,0.2627450980392157,6.031411764705882,18.309642857142858,0,1,Indiferente al precio,832.1340129768046,Medio,63.98999999999804
2395,5262.3,227,0.14202982712013046,0.49676777722526105,0.4087518647439085,2.616757831924416,23.18193832599119,0,4,Rutinario,2706.005112077023,Alto,944.4699999999999
2396,550.48,17,0.17189919559606454,0.6113744075829384,0.22274881516587677,2.608909952606635,32.38117647058824,0,2,Cazador de ofertas,295.0457287851852,Bajo,111.88
2397,1095.1,35,0.08556948014637301,0.33865814696485624,0.11501597444089456,3.498722044728434,31.288571428571426,0,1,Indiferente al precio,534.7683250002423,Bajo,106.75999999999999
2398,2035.1,75,0.14305422723340483,0.5611940298507463,0.2298507462686567,3.037462686567164,27.134666666666664,1,4,Rutinario,858.7905378111819,Medio,385.03000000000003
2399,188.49,10,0.10608287324610964,0.4375,0.46875,2.94515625,18.849,0,4,Rutinario,79.24269145183196,Bajo,22.150000000000002
2400,14681.32,387,0.1803964912850004,0.5823684210526315,0.31026315789473685,3.8635052631578946,37.936227390180875,1,3,Intensivo,8016.6604931493985,Alto,3863.850000000005
2401,727.45,66,0.1155896500776088,0.4094488188976378,0.32677165354330706,2.8639763779527563,11.021969696969698,0,4,Rutinario,367.46337106588544,Bajo,104.15000000000065
2402,1088.9,36,0.14405254136855844,0.45,0.38421052631578945,2.865526315789474,30.247222222222224,0,4,Rutinario,570.8204458162799,Bajo,182.62
2403,118.69,10,0.12117213159080903,0.49056603773584906,0.2641509433962264,2.239433962264151,11.869,0,4,Rutinario,75.83097990254227,Bajo,16.950000000000003
2404,559.76,18,0.22071958584277807,0.6585365853658537,0.3902439024390244,3.413170731707317,31.09777777777778,0,2,Cazador de ofertas,310.5889262970698,Bajo,150.34999999999818
2405,3425.7,151,0.13702839167859618,0.5014164305949008,0.21624173748819642,3.2348441926345606,22.686754966887417,0,4,Rutinario,1699.9168177269237,Alto,505.43999999999824
2406,4860.81,138,0.10201390569933298,0.39185953711093374,0.23623304070231443,3.8793375897845173,35.22326086956522,1,1,Indiferente al precio,2331.51664974646,Alto,599.5200000000037
2407,6665.22,178,0.2449567218191957,0.7189216175736396,0.45481777333999,3.3276185721417875,37.445056179775285,1,2,Cazador de ofertas,3543.107493883737,Alto,2725.3399999999915
2408,2108.17,26,0.11416506520098367,0.4603854389721627,0.08993576017130621,4.5142826552462525,81.08346153846153,0,0,Premium,1170.2536643052072,Medio,384.86
2409,906.5500000000001,8,0.20569653975386348,0.6532258064516129,0.31451612903225806,2.436962365591398,113.31875000000001,0,0,Premium,403.6953421858668,Bajo,282.95000000000005
2410,2636.57,62,0.12611688169420618,0.4580498866213152,0.3129251700680272,2.989308390022676,42.52532258064517,0,4,Rutinario,1310.5434972955277,Medio,443.83000000000067
2411,2019.25,76,0.07620193763971075,0.31958762886597936,0.12076583210603829,2.973858615611193,26.56907894736842,0,1,Indiferente al precio,1016.1499828673034,Medio,187.75
2412,12763.78,279,0.15779496063576007,0.5257459095283927,0.24181905678537055,3.071169393647738,45.74831541218638,0,3,Intensivo,6978.566378850836,Alto,3325.24
2413,301.41,16,0.07566888399716792,0.30303030303030304,0.1919191919191919,3.044545454545455,18.838125,0,1,Indiferente al precio,134.4461967076555,Bajo,33.77
2414,178.68,6,0.19198939860566974,0.5681818181818182,0.45454545454545453,2.0304545454545457,29.78,0,2,Cazador de ofertas,108.68335794669898,Bajo,36.5
2415,1676.34,126,0.0989979501501985,0.3888888888888889,0.3126984126984127,2.6608571428571426,13.304285714285713,0,1,Indiferente al precio,879.02970771295,Medio,206.13000000000002
2416,4422.9800000000005,110,0.10068886123646058,0.44235695986336465,0.3569598633646456,3.777096498719044,40.208909090909096,0,4,Rutinario,2136.0334170591723,Alto,591.8699999999977
2417,196.11,9,0.12894388648336164,0.421875,0.125,3.06421875,21.790000000000003,0,1,Indiferente al precio,88.6650144558568,Bajo,33.400000000000006
2418,1572.61,112,0.12696206949279962,0.47270306258322237,0.2210386151797603,2.094021304926764,14.041160714285713,0,4,Rutinario,841.5515622704908,Medio,253.19000000000003
2419,1199.3700000000001,65,0.11798272320884459,0.41919191919191917,0.37626262626262624,3.0287121212121213,18.451846153846155,0,4,Rutinario,631.1879864615598,Bajo,175.89999999999998
2420,4583.46,101,0.12773361916747916,0.46700832799487507,0.4279308135810378,2.936233183856502,45.38079207920792,1,4,Rutinario,2187.7650399374606,Alto,805.27
2421,8749.76,81,0.14053843099130447,0.5202766425652311,0.18201823325998115,2.750631876768312,108.02172839506173,1,0,Premium,4370.62964969683,Alto,1695.63
2422,368.07,5,0.11491400539467383,0.4056603773584906,0.10377358490566038,3.472358490566038,73.614,0,0,Premium,151.3049408036276,Bajo,45.750000000000085
2423,2838.62,59,0.15429343455983882,0.5498742665549036,0.2908633696563286,2.379396479463537,48.112203389830505,0,4,Rutinario,1507.1221890801955,Medio,625.9100000000001
2424,4122.83,113,0.10284253035333692,0.4076517150395778,0.25857519788918204,2.7195448548812666,36.48522123893805,0,1,Indiferente al precio,2100.015321927289,Alto,496.33000000000004
2425,4361.02,119,0.13731369931460594,0.5168539325842697,0.23289070480081717,4.454565883554648,36.64722689075631,0,4,Rutinario,2361.606165698745,Alto,585.0800000000055
2426,2437.06,115,0.1386586468386329,0.6140845070422535,0.2943661971830986,3.4324788732394365,21.19182608695652,0,4,Rutinario,1341.164305653556,Medio,399.5699999999995
2427,8725.94,344,0.18629434939028003,0.5956416464891041,0.14389484607402284,3.0183120027672086,25.366104651162793,1,3,Intensivo,4094.9621673380993,Alto,2080.7800000000025
2428,323.27,19,0.14806732691938052,0.42857142857142855,0.37142857142857144,9.236285714285714,17.01421052631579,0,4,Rutinario,175.6629233601477,Bajo,24.840000000001474
2429,1807.16,66,0.17835487359951294,0.5427350427350427,0.4594017094017094,3.8614529914529916,27.381212121212123,0,2,Cazador de ofertas,880.9229535203328,Medio,694.76
2430,1885.95,60,0.140825806105003,0.49375866851595007,0.3245492371705964,2.615742024965326,31.4325,1,4,Rutinario,950.74322437817,Medio,376.19999999999993
2431,978.85,43,0.11640798911781629,0.3811764705882353,0.3976470588235294,2.303176470588235,22.763953488372092,0,4,Rutinario,514.3995590537668,Bajo,171.01999999999998
2432,4948.11,238,0.17451848875934678,0.582537517053206,0.3292405638926785,2.2501637107776262,20.7903781512605,0,2,Cazador de ofertas,2763.0234404436983,Alto,1259.1099999999992
2433,609.75,30,0.10472224621083766,0.34591194968553457,0.13836477987421383,3.8349056603773586,20.325,0,1,Indiferente al precio,337.6028256229576,Bajo,141.94
2434,771.51,23,0.16236760600759087,0.5323529411764706,0.40294117647058825,2.2691470588235294,33.54391304347826,0,2,Cazador de ofertas,413.7267127288068,Bajo,191.39000000000001
2435,3303.85,45,0.19667581808938028,0.6149479659413434,0.5307473982970672,3.125685903500473,73.41888888888889,0,2,Cazador de ofertas,1624.1055678067823,Medio,1159.7100000000014
2436,972.68,15,0.13290558349167297,0.675,0.35714285714285715,3.4738571428571428,64.84533333333333,0,0,Premium,598.1539075869507,Bajo,162.9200000000002
2437,4841.9400000000005,74,0.10184728709354138,0.42398286937901497,0.08493932905067808,3.456059957173448,65.43162162162163,0,0,Premium,2451.394609227911,Alto,605.1200000000001
2438,3061.58,184,0.10569148152987297,0.401219512195122,0.3121951219512195,3.7336341463414633,16.639021739130435,0,4,Rutinario,1696.9454065427856,Alto,333.1700000000021
2439,596.88,72,0.25335479817878864,0.6819787985865724,0.5759717314487632,2.1091166077738515,8.29,0,2,Cazador de ofertas,306.9760972429644,Bajo,287.16
2440,2563.57,139,0.10513957042684884,0.4209827357237716,0.3253652058432935,3.404475431606906,18.44294964028777,0,4,Rutinario,1380.1591453178387,Medio,313.1599999999998
2441,1223.56,98,0.20243148422864354,0.589018302828619,0.3410981697171381,2.035873544093178,12.485306122448979,1,2,Cazador de ofertas,606.1277798111986,Bajo,368.02
2442,624.33,36,0.16761851985842283,0.5567567567567567,0.372972972972973,3.374756756756757,17.3425,0,2,Cazador de ofertas,333.7561344303881,Bajo,197.51
2443,4029.19,151,0.12996938919982035,0.48701973001038423,0.19418483904465214,4.183997923156801,26.68337748344371,1,4,Rutinario,4.2247387015208005e-20,Bajo,786.019999999998
2444,69.94,6,0.12772732044364785,0.55,0.25,3.497,11.656666666666666,0,4,Rutinario,49.22361201036639,Bajo,9.130000000000003
2445,6546.05,217,0.2018420303416098,0.6417791898332009,0.28435266084193805,2.599702144559174,30.166129032258066,0,2,Cazador de ofertas,3213.570979119396,Alto,2127.350000000001
2446,6455.78,189,0.1280530495127634,0.46805648957632817,0.246133154001345,4.341479488903833,34.157566137566135,0,4,Rutinario,3367.3744950862438,Alto,1002.1299999999969
2447,7520.9400000000005,130,0.10926018676363919,0.41141304347826085,0.15543478260869564,4.087467391304348,57.85338461538462,0,0,Premium,3993.541818374704,Alto,942.9100000000001
2448,9300.73,203,0.16998565211377897,0.5836548579445808,0.26797614871974745,3.262269379165205,45.816403940886694,1,2,Cazador de ofertas,4416.547974527088,Alto,2285.5200000000004
2449,10866.87,288,0.09639305500433804,0.38523925385239255,0.15382535820492024,2.937785888077859,37.7321875,0,1,Indiferente al precio,5331.439088831072,Alto,1320.2199999999996
2450,3060.77,84,0.1899172010277324,0.6062437059415912,0.2618328298086606,3.0823464249748236,36.437738095238096,0,2,Cazador de ofertas,1678.2614824129394,Medio,720.8400000000039
2451,8335.74,192,0.1657680247909701,0.5706298919120387,0.2281028699217294,3.106872903466269,43.4153125,1,2,Cazador de ofertas,4023.400558574416,Alto,1832.2400000000007
2452,3060.36,145,0.10871799370915923,0.42105263157894735,0.3006244424620874,2.7300267618198037,21.105931034482758,0,4,Rutinario,1529.007332002108,Medio,436.15
2453,4551.68,110,0.10141079609363103,0.40224719101123596,0.2254681647940075,3.4094981273408242,41.37890909090909,0,1,Indiferente al precio,2478.4389511649706,Alto,653.5
2454,392.87,30,0.10422314657448196,0.4394904458598726,0.4968152866242038,2.5023566878980894,13.095666666666666,0,4,Rutinario,217.51242622476607,Bajo,44.68
2455,5339.03,109,0.11080825562617336,0.45979899497487436,0.17922948073701842,4.471549413735343,48.98192660550458,1,0,Premium,2816.003646310573,Alto,764.0900000000013
2456,1271.24,76,0.13268752062570208,0.4855195911413969,0.33560477001703576,2.1656558773424193,16.72684210526316,0,4,Rutinario,679.8517429982986,Medio,214.74
2457,1540.47,77,0.1532742265798083,0.5503448275862068,0.24689655172413794,2.1247862068965517,20.006103896103898,1,4,Rutinario,799.5203075197794,Medio,337.92000000000087
2458,1118.33,56,0.09391661709099053,0.3948051948051948,0.17402597402597403,2.9047532467532466,19.97017857142857,0,1,Indiferente al precio,547.2803712649222,Bajo,135.89
2459,20671.5,970,0.1420003151378095,0.5588101381089695,0.40309606920625285,3.1372742449537108,21.310824742268043,0,3,Intensivo,10056.507045512002,Alto,4067.939999999998
2460,966.05,30,0.09435831191098298,0.4020100502512563,0.08542713567839195,4.854522613065327,32.20166666666667,0,1,Indiferente al precio,703.9905565754942,Medio,99.44000000000003
2461,1051.1,22,0.12616174455496737,0.43596059113300495,0.16009852216748768,2.5889162561576353,47.777272727272724,0,0,Premium,523.7000642611252,Bajo,160.20000000000002
2462,11593.06,187,0.13248672749114065,0.4895031490552834,0.28551434569629114,4.056354093771868,61.99497326203208,1,0,Premium,5861.625748834762,Alto,2185.39
2463,158.42,12,0.1284749057827191,0.45901639344262296,0.3114754098360656,2.597049180327869,13.201666666666666,0,4,Rutinario,90.89936891748717,Bajo,22.87000000000049
2464,1121.48,51,0.11319055229541218,0.4417989417989418,0.1984126984126984,2.966878306878307,21.989803921568626,0,1,Indiferente al precio,611.6535259720965,Bajo,166.48000000000016
2465,2089.29,165,0.14652268163429963,0.5,0.3375,3.264515625,12.662363636363636,0,4,Rutinario,1015.8021084813126,Medio,468.34000000000094
2466,2581.82,99,0.09166028033034279,0.4251655629139073,0.2251655629139073,3.419629139072848,26.0789898989899,0,1,Indiferente al precio,1450.3336299591017,Medio,344.72
2467,12850.56,396,0.22912934548834069,0.6590604026845638,0.3371364653243848,2.8748456375838924,32.45090909090909,1,2,Cazador de ofertas,6823.852128590838,Alto,4638.120000000003
2468,2506.89,90,0.16965882819468964,0.5701754385964912,0.23294346978557504,2.443362573099415,27.854333333333333,0,2,Cazador de ofertas,1255.8626844217322,Medio,636.0
2469,660.92,37,0.1323189076511079,0.4433497536945813,0.1724137931034483,3.2557635467980295,17.862702702702702,0,1,Indiferente al precio,312.157952007791,Bajo,126.49000000000001
2470,1042.06,90,0.14981871860227106,0.5290697674418605,0.18895348837209303,3.0292441860465114,11.578444444444443,0,4,Rutinario,550.095846994938,Bajo,175.37000000000128
2471,947.61,51,0.15301292862171537,0.5301507537688442,0.4849246231155779,2.380929648241206,18.58058823529412,0,4,Rutinario,461.0722851271423,Bajo,200.09000000000037
2472,1220.81,41,0.10267782069151545,0.3775811209439528,0.28023598820059,3.6012094395280236,29.775853658536583,0,1,Indiferente al precio,682.8792704518818,Medio,217.47000000000003
2473,330.68,9,0.175630684821143,0.5480769230769231,0.4326923076923077,3.1796153846153845,36.742222222222225,0,2,Cazador de ofertas,167.4361982594925,Bajo,53.36000000000001
2474,511.41,49,0.34317679734304046,0.8453237410071942,0.21223021582733814,1.8396043165467626,10.436938775510205,0,2,Cazador de ofertas,291.8791906998779,Bajo,340.96
2475,5079.02,124,0.1237983536404756,0.5144615384615384,0.296,3.1255507692307694,40.95983870967742,1,4,Rutinario,2695.9974731532,Alto,765.6000000000008
2476,403.26,14,0.1256504681421096,0.4126984126984127,0.23809523809523808,6.400952380952381,28.804285714285715,0,1,Indiferente al precio,167.6889476095482,Bajo,42.58999999999898
2477,1871.22,40,0.1449251561247226,0.5133587786259542,0.22519083969465647,3.571030534351145,46.7805,0,0,Premium,913.670187172575,Medio,359.33000000000055
2478,3354.42,146,0.11719177210529444,0.4255042290175667,0.18998048145738453,2.1824463240078074,22.975479452054795,1,1,Indiferente al precio,1591.7552245076026,Medio,612.36
2479,14279.7,136,0.10387764365578805,0.40574309513371326,0.1979395002192021,3.130140289346778,104.99779411764706,0,0,Premium,7932.583955146089,Alto,1781.5299999999997
2480,1716.05,29,0.10895806349337223,0.4186046511627907,0.24508050089445438,3.0698568872987475,59.17413793103448,0,0,Premium,853.1448476081812,Medio,235.64000000000007
2481,5403.5,148,0.15849071873766812,0.5778826702629805,0.2602832097100472,3.643627781523938,36.51013513513514,1,2,Cazador de ofertas,2961.797455260815,Alto,1095.9899999999977
2482,2728.77,71,0.13902646665005539,0.5064039408866995,0.45714285714285713,2.6884433497536944,38.43338028169014,0,4,Rutinario,1316.7658649937755,Medio,591.15
2483,1770.91,83,0.13169607750244236,0.45412130637636083,0.4463452566096423,2.7541368584758943,21.336265060240965,0,4,Rutinario,843.0977420278364,Medio,266.22
2484,7824.64,156,0.13288952724579814,0.47384481255448996,0.5300784655623365,3.410915431560593,50.15794871794872,0,4,Rutinario,4128.466093423854,Alto,1268.9299999999978
2485,1502.2,82,0.12411396422211914,0.4886561954624782,0.3769633507853403,2.6216404886561957,18.319512195121952,0,4,Rutinario,765.8814894459937,Medio,236.23999999999992
2486,3265.52,83,0.1716064921661393,0.5848930481283422,0.2727272727272727,2.1828342245989303,39.34361445783132,0,2,Cazador de ofertas,1637.3763784917244,Medio,826.1100000000017
2487,601.25,26,0.1615194073893123,0.5394736842105263,0.2982456140350877,2.637061403508772,23.125,0,4,Rutinario,307.5465228747248,Bajo,139.7899999999995
2488,6327.51,119,0.10668817454051654,0.4359618282270216,0.20291310899045706,3.1780562531391263,53.17235294117647,1,0,Premium,3253.084085831438,Alto,784.7999999999984
2489,9403.42,139,0.13548590753996526,0.5170489770613763,0.2541847489150651,2.914885306881587,67.65050359712231,1,0,Premium,4874.784341604902,Alto,1634.92
2490,699.16,33,0.13484271305058393,0.4645390070921986,0.30851063829787234,2.479290780141844,21.186666666666667,0,4,Rutinario,402.36785771819234,Bajo,142.76
2491,950.77,60,0.1302329135491048,0.4672364672364672,0.2934472934472934,2.708746438746439,15.846166666666667,0,4,Rutinario,10.456687717152446,Bajo,171.1
2492,2858.85,133,0.11816791058695024,0.4747191011235955,0.32209737827715357,2.676825842696629,21.495112781954887,0,4,Rutinario,1384.2913190790937,Medio,402.93000000000006
2493,2588.73,111,0.12237725529482398,0.4417767106842737,0.3553421368547419,3.1077190876350542,23.32189189189189,0,4,Rutinario,4.59514893919588e-05,Bajo,421.75000000000114
2494,2120.93,35,0.15724082140919898,0.5766062602965404,0.31795716639209226,3.494118616144975,60.59799999999999,1,0,Premium,1189.855209914765,Medio,420.62999999999874
2495,209.0,20,0.11980422948571492,0.48484848484848486,0.2727272727272727,3.1666666666666665,10.45,0,4,Rutinario,118.85565386404863,Bajo,33.58
2496,4339.66,63,0.14856988841317723,0.5267072346179851,0.2650439486139283,2.934185260311021,68.88349206349206,1,0,Premium,2419.1906562924983,Alto,1115.0900000000015
2497,7111.9800000000005,221,0.1284170507855796,0.4877425944841675,0.3447395301327886,3.6322676200204294,32.18090497737557,0,4,Rutinario,3712.172803207012,Alto,1341.0300000000007
2498,2601.6,172,0.10287339302879041,0.42956926658905703,0.16763678696158324,3.028637951105937,15.125581395348837,0,1,Indiferente al precio,1429.6957185289884,Medio,279.40000000000146
2499,3394.07,90,0.1297008186121998,0.4969801553062985,0.3425366695427092,2.9284469370146677,37.71188888888889,0,4,Rutinario,1761.93748919093,Alto,494.11000000000126
2500,5486.16,113,0.14427173457868392,0.506380120886501,0.20483546004029551,3.684459368703828,48.55008849557522,1,0,Premium,2880.856411113244,Alto,954.4200000000003
